tarih,kategori,baslik,kaynak,link,sorgu,toplanma_zamani
2026-10-07T08:04:29+00:00,E-ticaret,20 bin işletmeden globale uzanan yol,Türkiye İş Dünyası Haberleri,https://news.google.com/rss/articles/CBMigAFBVV95cUxNak1SOERheU5wNkgwSmtJWXFhZFh5Um1weGFtUnZPWWRfbjA0VVE3RU94WEdRenBaUTF0SEdFaXRSRl9sLV9pYWRPN0ZiQm5NNGlTV2FkNTkwenFHNHJqNnQ0MFZ6R29sekR1M2Q1azdIRzg5N1pOM1dOVFBMOXRnUA?oc=5,e-ticaret,2026-10-07T08:14:54.784617+00:00
2026-10-07T07:56:19+00:00,Kartlar & Ödeme,Ödero Ar-Ge Merkezi Statüsü Kazandı,Fintechtime,https://news.google.com/rss/articles/CBMid0FVX3lxTE10VWQwTWVCVzA1RzRla1pKVWoyQjBicENWNHJJVjR4d0FxTmgzMzJ1TUxLeVJoYjBnWEFBczlGMnJ4cTdPa1A0elVQMGRpaUlWcE5EWkEzOVl5ZTM3cFpaOUYzNXFQTnQweHBaSFU4bkZBeklIWlBJ?oc=5,dijital ödeme,2026-10-07T08:14:54.784617+00:00
2026-10-07T07:27:10+00:00,E-ticaret,İşletmelerin ve hane halkı işletmelerinin e-ticaret platformlarında iş yaparken vergi yükümlülüklerini yerine getirmelerine destek olmak.,Vietnam.vn,https://news.google.com/rss/articles/CBMizgFBVV95cUxNNWlBektxRXlMQXFJTE84bmNjbG40cTUwMThnUVdOdXZJN1FoUzZ2N3h6cS1tNmRBaTVHRzV5WXplQlhiRmwtZXJKOFN3b1lVRWNqTlFhRVBOd0Y4ZUx6dEQ3bHdiQWJYLXphZDB3Q0ZBc2pDMzBhMWxQUDhMbGdnbVhuTzNUc3QtM2VyWmJWbDdtU2Z3Tzk0RXFpX2YySC1WX3BqNUtiMkhsbE9BUmFzOWlNb2k3UThwWDFFOXZVQzIwSXJWamstdGFvVXNzUQ?oc=5,e-ticaret,2026-10-07T08:14:54.784617+00:00
2026-10-07T07:26:52+00:00,Piyasa Göstergeleri,Irak Merkez Bankası dolar kurunu değiştirdi,CNN Türk,https://news.google.com/rss/articles/CBMiiwFBVV95cUxPR2ZPb1lRbkg3QjZ4SFBsYzlXdGNtVW96dGZKNWU5MjZIX0FUSzVyRDRybF9qMDVFOE91eGxnUFRBODVUSVVVeG1kaGhOU3pEd1J6VW9naUFiNTktZlVHZjY2Nl9GM0lfZ0NNR3gxX1lueElNbnI1WENqeXBVTUNnS3hEY3BFMDluNHA4?oc=5,dolar kuru,2026-10-07T08:14:54.784617+00:00
2026-10-07T07:25:00+00:00,Piyasa Göstergeleri,"Kayseri’de döviz kurları belli oldu: Dolar yükseldi, Euro ve Sterlin düştü",kayserihaber.com,https://news.google.com/rss/articles/CBMiogFBVV95cUxQSVNBblRsNzlCUjRoYUZpZjVHNDdQS3plRVpBdFpFZzdjZ2FBRzZseTZSX1lkQmppUDB0YThmYlUtbXlWNnl1NjZiWms1RGZ5dER5ckdkVHRzNlUzdWhOZDZ3b1E3bzNmeXpJZmFRYm9pcWZfQk9jWE5tbW5NaFhZNC0zRTd5NlBpV0dDUHhBa2pPd3puTmlLdzkzX3JJTVlNVWc?oc=5,dolar kuru,2026-10-07T08:14:54.784617+00:00
2026-10-07T07:18:03+00:00,E-ticaret,"E-ticaretin yaygınlaşması, özel ürünlerin tüketicilere ulaşmasının önünü açıyor.",Vietnam.vn,https://news.google.com/rss/articles/CBMimAFBVV95cUxPZDRfbXNHazFXVEY3VDk1VWh2SFkyRzBGajhjOG5iWWhOYVk5aUNHdm92aDZGRDJVZzVYT3hLTW9RZ3BPUlkzSTQ1OE5VSXhPYkw1VXFpNmk5cVQ4M1VsQUU1Wm1uRmozS3lNV0l4T3dsOFBsMXkyZVhYV2xUZDVFYzhiclRrcXVRbDNMQnZFUk9MRjM0YnN0MA?oc=5,e-ticaret,2026-10-07T08:14:54.784617+00:00
2026-10-07T07:10:00+00:00,Piyasa Göstergeleri,Irak'ta dolar kuru değişti: İşte halka ve bankalara satış fiyatı,Ekonomim,https://news.google.com/rss/articles/CBMiqwFBVV95cUxQNEJaejkxVFdEMW5nX0tlc2tpYXAydUlzOEFHamd3SWtvTFVuaW9hVm9qdk1tWTJDcXVxbFJzRVo3RF9YcEdDVDE3cEJTdjNTSzZ3bVY3WjdCUWNfRWZORkp2NWtpNThLRGkzU1pKLWlsNW9WWFZwRHBhNDhyWDdsVTVOQ0tjY3Ruc29mMkE4M2FUc3V2b3IyVk5WR0lqVHpxZnFpMnE1Z0lsaWfSAbABQVVfeXFMTXNFakU4VGxKMTZKOHNlVzd6VXltS1laMDFtal9XRGY0SzdVRXpKZHg2SWZ0WWVyOGk2NWpyTFFvYUVfTmFpMk15T0pEdTRyQ2U0Z0hEVDNIQlR0aF9pRHl4NklNM1NCU1R2WW9vNloycjhOVHhXRU1nQzdHdlJaWGlXNlFDWjFhemtGc19PSnpQUDhOZ1NIMGlyaG5NUmozZ3JfamNfUXdMd2dsRkNwRXU?oc=5,dolar kuru,2026-10-07T08:14:54.784617+00:00
2026-10-07T07:07:00+00:00,Piyasa Göstergeleri,"DÖVİZ KURU AÇILIŞ: Dolar ne kadar, euro kaç TL? İşte güncel döviz kuru fiyatları 7 EKİM 2026",24 Saat Gazetesi,https://news.google.com/rss/articles/CBMiugFBVV95cUxORmNFNWdqQldEZmY1cGVZN182SXJSSWJ6WlBlNnJkRHktaHl5TGRvazh2dWVqdmRiY0FuZWwxTHhTRUREWkg2UFdxODZ0SUN4Tmx2cUxKRzNCbjJobC1IZXVzS0FhNlRSc0RSZC1CVXh2WjNhS0trc0NDRVRta0x1TkpnaXY4ZXEwZklUWTExdGFIWjBzYXpwM0VkSWEtMjhWWWVHbDEyM2lHaUwwTmdRM2NDTkhIYU01dWc?oc=5,dolar kuru,2026-10-07T08:14:54.784617+00:00
2026-10-07T07:00:00+00:00,Piyasa Göstergeleri,"Altın fiyatları 7 Ekim 2026: Gram, çeyrek ve Cumhuriyet altını ne kadar?",İzmir’de Son Dakika,https://news.google.com/rss/articles/CBMiqAFBVV95cUxOTFVjVnI3RENxbTEzVnBJTmg1b0JzU2ZzY3I4VmluSmtaNG9XdmkwbG11T0F0SVZBWWhlYm1reVo0SUM3NGtsaVAyajFmN2dyZklJN1BocG5jRTJ0NEQxVnpHOEpmMEVwNGdZME9zS1RhY0pwYzlfREhBZHRYSVNnOF9NQmRQRVZMVmF2RWw3N2ZfYXh0djlhTVZZVDNKbUd5NHBnQl9XWnI?oc=5,dolar kuru,2026-10-07T08:14:54.784617+00:00
2026-10-07T06:50:48+00:00,Kredi & Faiz,TCMB faiz kararı tahmini: Citi ve Commerzbank 100 baz puan bekliyor,Investing.com Türkiye,https://news.google.com/rss/articles/CBMiwAFBVV95cUxNeW16U1BZYUlCWjFvcXVtYmxiVm5DeXBxUUFoM0wtbVFsODN4aW4zUHd4VTBMTzZ6VC1kUXN6Wi1ObXhvc1ZzRVpfS3dJZmZPbi1mdW9Jb1RKMHktTWVoZDRTV0twcnU1aWIyMW5yVjBMYXhNM0pIUjZnWkZLR3JGcWk2a3puMUt5cG1QLU1DbkU2R0VycHlkblkxbmRoaVpQZnVLc05ycXBBd1dxSUhFTERkS3N5TklnOHBpN3BvVFQ?oc=5,TCMB faiz kararı,2026-10-07T08:14:54.784617+00:00
2026-10-07T06:50:43+00:00,E-ticaret,Ahilikten e-ticarete: 800 yıllık esnaf kültürü dönüşüyor,Haberton,https://news.google.com/rss/articles/CBMigwFBVV95cUxQeDd6NWN4enV3QWJWbnUzUTZqNWs3THdLRkVhelU2b0U5d3dDWDdpWXhYRktmYS03LW10VFd3d21lUlhfVTFMTHdCXzNmNDdWMWpQcnRBY0E2Q0lGOU9xMzJWWU1HendDZE5UQ1docGp5NUNxN3NWRzJBeURCcEdkQlFoWQ?oc=5,e-ticaret,2026-10-07T08:14:54.784617+00:00
2026-10-07T06:47:36+00:00,Kartlar & Ödeme,Kredi ve kredi kartı borcundan yasal takibe girenlerin sayısı arttı,ekotürk,https://news.google.com/rss/articles/CBMiowFBVV95cUxPem1DZnNOdlJLZ2MyOGY1SGo4QWI0UWZmTnRpSTRZaDZJM0hVNTE0QndOdl9CQmtrdGxBbEpVb205d0tZUHM0QWVKS3dhVnRuR0NhUXRxdkdodFEzVE9LT3p4Szc0TTRnQXVfcEdxNEVwR1dVNDZBa0RjMXJjVENpNXVEcURRazh6MlBUTkNfdmRuUEVRc0pSYk5pcDY2V0VLQXFB?oc=5,kredi kartı,2026-10-07T08:14:54.784617+00:00
2026-10-07T06:31:00+00:00,Piyasa Göstergeleri,Dolar piyasasında alarm: Erbil'de 173 bin dinarı gördü!,کوردستان 24,https://news.google.com/rss/articles/CBMiVkFVX3lxTFB1TE52UGQzUEo2dEE0UDEzOW1iTkg0enpQc0o0M3IyaGZkWDJmdTQ2YzdISDl1b1ZUa3pnbkJYazl0bGgzX3ZJYnpzcndsZ1NkdjNWb0tB?oc=5,dolar kuru,2026-10-07T08:14:54.784617+00:00
2026-10-07T06:27:00+00:00,Bankacılık,500 bin TL'nin 32 günlük getirisi: Bankalar arasındaki fark dikkat çekti,CNN Türk Finans,https://news.google.com/rss/articles/CBMi3AFBVV95cUxQSHNuVWMxbHozRXpfalN6OWctYUVfU1kxM0J2NHowY0RDRFlHTUthQ2hKRWRGRWN3TTlRV2gxVFgzTjlRSTY1blhLOXpuVHRHTldaenFpQkI3RktEZVV4RFhlVENBVVh2VlpkYW9PVFVzdzlPRncwZmswOVNBTjhVUm9BbHFLV3J0TUw4OUNRdXBOdnFjT2NNOUlqZmVDRTNtVzlWMFdhZjBhOXpyQnRvVmpvSEV1T3JIdnNIVG9pVm91Z253UHNZbWxsaXpTY0pDc1I1TkNKY1hpWmMw?oc=5,mevduat faizi,2026-10-07T08:14:54.784617+00:00
2026-10-07T06:26:16+00:00,Kartlar & Ödeme,Kredi kartı kullananlara şifre uyarısı geldi! 4 milyon şifre incelendi en çok deşifre olanlar belli oldu,Yeni Şafak,https://news.google.com/rss/articles/CBMi5wFBVV95cUxPV0tkdmx3Ulk2UExPTWNWLVlTLVhHR2JjcEJfOWpsOVlFS01sdl9ZdmE4MUk4YlIwT1UxUXFDWk0wOE8tYXNwX0gxc2R2a0hnTEhscTEyU3lOQllBcUh2OEI4MU1iVmtXbEtRZml3MnRVSmdMdEFyYUtPdnYzZXR4TVdqZWgzaFlnZ3FoMDJ1dDNYckR3VFRYdDhudE9RaVQxUWNrMzZfX2RiRUxiaDhpQktkRzdiTi1aVTNycjFCOHZRbjJFQU93cGkxNXNjUnRKUHoxZzZ4YWdEaDBNMng5Yy1Db0Rra00?oc=5,kredi kartı,2026-10-07T08:14:54.784617+00:00
2026-10-07T06:21:02+00:00,Piyasa Göstergeleri,"Irak Merkez Bankası, doların halka satış kurunu 1520 dinar olarak belirledi",Anadolu Ajansı,https://news.google.com/rss/articles/CBMisAFBVV95cUxPNmE5aDVNaDNfSUNJWXMzajBiQlh3SGFyWHZWbWlNSDBkMXdlVnlDUjN3eUlnRVJpVFJzZVlPUHl6ZjQ0dGx2a2dMSWgwUGhZR0M5TVZmRF9rTWNiRXhFSTRhLVU2V3pPUndZdk5UbmxVNEdRVklBUHBHMTdYSXJocEdFQ21wbnN0bkNHR093RXdJZlRSTzY4bGZWN2FjSERwU1ZiSlZ4YlBzRkhWamJlVg?oc=5,dolar kuru,2026-10-07T08:14:54.784617+00:00
2026-10-07T06:14:00+00:00,Piyasa Göstergeleri,Irak Merkez Bankası’ndan yeni dolar kararı! Satış kuru belirlendi,Bigpara,https://news.google.com/rss/articles/CBMivAFBVV95cUxPQXdkZDVScWdyOXFZcS1Bd2JBTEF6aGFTRDlrcExXa01YVUhDMUpjMVV6V21IcWliWVJKcktqNV9QcVBnbnMzdlJYbVJtcEpZZzZzSkE1T1E1YlZpWVBHcnN2S3NnM252VXpGMWN0YUk0Mk82RnNKNlZBV282UHQzWHY4YVpRZ1c0TnZuR0NHMF9YWkl4ZDk0Z0hTbURBMGFTcnF4M0xMa0FJdVh2NWpDdERtMVFyT2lrMmNFOA?oc=5,dolar kuru,2026-10-07T08:14:54.784617+00:00
2026-10-07T06:08:47+00:00,Kredi & Faiz,Perakendeye fon gölgesi!,Ekonomi Gazetesi,https://news.google.com/rss/articles/CBMihAFBVV95cUxOWm4xRDRwdm9uYnVIQjFKVXFNdTFYSTlhOUlwRVhNSjlHXzVzOWlQVHJOT2FyeXhELW9WbHBLdFVTVkJ5ZjNmVjdEZGRNakxwQndXU2E0dHgzMEp3bnBPZDA5eWFuVS1OMTVQMHR1TDg3U2xreW52cHNFNWUtRGlHaHdNeUk?oc=5,kredi faizi,2026-10-07T08:14:54.784617+00:00
2026-10-07T06:01:51+00:00,Piyasa Göstergeleri,Piyasalarda son durum: Dolar/TL güne nasıl başladı?,birgun.net,https://news.google.com/rss/articles/CBMijgFBVV95cUxQamJzeHJ3TVpXQWI1Mkt3WVZCMUhxRXdLaUIwS0w1Zmw4aFVlbllIZGxUU2owVktvYjhCZzl5OEtfYnNHT0RhcUFzUjZ4dVp5VW9zMk1ybDlwUUQ2bV9tR2NJdk9Tclc2ZUNqcmhRR1ZWUk53WHVCaEExS19fSm04UDVsY0RuampXOFdnYVl3?oc=5,dolar kuru,2026-10-07T08:14:54.784617+00:00
2026-10-07T06:00:00+00:00,Piyasa Göstergeleri,Dolar Ve Euro Bugün Ne Kadar? İşte Güncel Döviz Kurları,Hatay Asi Gazetesi,https://news.google.com/rss/articles/CBMiigFBVV95cUxQbzdTUFRLNHRFUlpYVjhZQ1UtZ1JGaDAzVkRhb1lCVVkwRUQxYjRLazB2SHZJbVNzRnV4b0FCWXVEeFhMbjQwRkpHV2dudHJpbE9ERmNnRVZhTUkyNGltNXo4MzZvSXJqQzhrcHpzZUNzOV9BV2xOdGlkSkV1QUVNVXl4NFdwc3M1a0E?oc=5,dolar kuru,2026-10-07T08:14:54.784617+00:00
2026-10-07T05:59:00+00:00,Kredi & Faiz,TCMB faiz indirecek mi? Prof. Dr. Binhan Elif Yılmaz’dan kritik değerlendirme,Ekonomim,https://news.google.com/rss/articles/CBMivAFBVV95cUxQVXNYbVl4VkdZUmRzLWxqSlV5ZmNPalJqVnZiSDRUQ1FqdHYycTZTM0NSS1c2dHhGRnZ5VXJ6bkFoNWE2WkpTVmZLWVZLeXVoX3hMejJzRFp5TXBWcnlCSS1sdGdIVGZ5Uzc4RGhCajg2MnVrcHZpTUNfYjJLNUdtNnR0RXExZzVoRzdZdC1Sc21jSVFrQU5yeEFnLVU3RjcxLXhYVl9OVmhPLVJGVVFNSG5pemd3ZVBwM3ZjaNIBwgFBVV95cUxPaVR3eXJ3QWIzMnFjSkdpdWVXdGNHVXU4cXVnZlNSMWRQRWZYZ0szdFRleHZrSGlCM0NQMldqd3NVbS1YNE82b093QVIwXzVvZDg2NDZIejFOY3ZhczZGTkgtbnlYejVaYkdRWDR3T0k2TTdtaFZYYllsdC1ucG5FcEZvYzhEanB6cVVHNjBUYS1LaGJjTWhCZVVYNTY5QXBUYl8tc3VPNzV0bU16c2tFR1VMQVVQd0hFa2hiLTh5MURfQQ?oc=5,TCMB faiz kararı,2026-10-07T08:14:54.784617+00:00
2026-10-07T05:52:56+00:00,Piyasa Göstergeleri,"Enflasyon yüzde 30’un altına indi, hayat pahalılığı yüksek kaldı",ekotürk,https://news.google.com/rss/articles/CBMinAFBVV95cUxPODlyaDZ2SDNvZlNoTm5id1YyY2RMTTJJVkM3NzhnbWstWW1RRUZrSEpucnVXVGo2Tk91M2NSYUhURzVPbGJmY0w5eEs4bGwyYklHZWxoRUhySVN3aVZGbTRwa1FMc21tZU5tTG1OYjMycmZiMXEwakxsOFZpdjhzSmZUeFBkc2V4ZnFEYzFYRjdKUUZZVXpfaUNGX1Y?oc=5,enflasyon TÜFE,2026-10-07T08:14:54.784617+00:00
2026-10-07T05:47:28+00:00,E-ticaret,E-ticarette yapay zekâlı denetim geliyor: Milyonlarca ürün taranacak,ekotürk,https://news.google.com/rss/articles/CBMirgFBVV95cUxOaWMyVmdEMGtRdXFzR2h3QjFDUFFfbnNRUENIdXNTSnRPamM2ekRrekFPbmVZUUZtS0FPU2NnQU5yOGNxYWt5VUZydkFzZDRtRENOaVhTZDdNNXExUmtkRGxRRFZrLVVmM3AwUm5LSnNpaUNMdzJ6ZnVkZERPMzI2YkZYTktXc3cwZnFFb24yNHJueXphLU55SFByMVR0dFAzTWJFeWZ6cVpScXpwb1E?oc=5,e-ticaret,2026-10-07T08:14:54.784617+00:00
2026-10-07T05:43:26+00:00,Bankacılık,"7 Ekim 2026'daki banka faiz oranları: Büyük 4 banka yıllık %6,8 faiz oranını korurken, BIDV yıllık %6,39 oranında ön ödemeli faiz sunmaktadır.",Vietnam.vn,https://news.google.com/rss/articles/CBMirgFBVV95cUxQSWRxQU9id09JMEhyY2dHekEtV3FCZ091MGJPUV9Edkc5VDRrWHFzdEo2MEJWTmFrZEpmSmNFUDIwUXE3TUpQazlYOE40d1NyNlR0M2F6QzBnUGd1ZTNuVjEydGFZeGVSbUVkdDd4aHpaT29qa3RtWXZScGNralJyZ21zUElnaVVqZ2ZEQ1pRdVZ5RkdFUnhMOF82cldyLXBtVmdJN05KOENjcV9oQXc?oc=5,mevduat faizi,2026-10-07T08:14:54.784617+00:00
2026-10-07T05:10:00+00:00,Piyasa Göstergeleri,"Kira yıllık yüzde 47,64 arttı: Enflasyonun gizli lokomotifi",Kıbrıs Postası,https://news.google.com/rss/articles/CBMiqwFBVV95cUxPeTd3N0d6eUsyT0ZGc2x3a1VuXzlZTUhWNklCYi0tRVVCRjd6UnFnYjB1YlppaFNFNjJUUEdYTkw3MUpEa3cza0Z1a19kNTdyS05VSzFPWDZQcVpfaW55TWk4dEMzUlo5RXFiX05aV1Iya1dzQ3FuQjRVMGxJVDItQzUtUFZ1NkJjTUd4ZjZUVXJ3UVEtM2EzX09ES0NTWGpSNC1kRlFzWHRKSG8?oc=5,enflasyon TÜFE,2026-10-07T08:14:54.784617+00:00
2026-10-07T05:08:00+00:00,Piyasa Göstergeleri,"Dolar bugün ne kadar, euro kaç TL? 7 Ekim 2026 güncel döviz kuru",Bursa Saati Gazetesi,https://news.google.com/rss/articles/CBMilwFBVV95cUxPTmNrU1ppN3JxeUZBNFFmT2d3UDByTTk4STZOX3hlbzg4ekdMemJIVXFpYUxPQjFQRG9yWDdDM1gyeGk0UkI4VGI2dHRiaGV1dlc1OVJ3WnktM1NzdEVfeDJkVXhMem5RanE4bjk0emJXVmhLSVctQnJpLWtzU0hhOFJBYVBVbDJpd25kNXh4YmpnWFNNUlVn?oc=5,dolar kuru,2026-10-07T08:14:54.784617+00:00
2026-10-07T05:04:53+00:00,Piyasa Göstergeleri,"Polis, öğretmen, doktor ne kadar alacak? İşte enflasyona göre yeni zamlı maaş tablosu...",Ekonomim,https://news.google.com/rss/articles/CBMi2AFBVV95cUxOSWxoN0Noc09kT1VtTXpfYmI5cC03emd6a3o5RloyMzZGUzl0TDUySExmeHZNclp0aWl3SHFRdU1VQXJZaHFmWlkyNnBqLXl4ZTh1QUJ6UnRIRzBOdTVldkYzN3hqOXkyWWVSem16VGRydUIwQUlkUV9rWFRoSXZ5bXFpWHJTMUdMRmpIc3JPbW9XSlZVQkw2VHprTThWdHBILTZkZTVESHlhanpvR1A0RkZud3k5bTMyM0k5aF80bUdDd0lnX0tLNzhYcEduTmRQdnF3bGdBcnDSAd4BQVVfeXFMTXdZWHF3eFBIODFNVjJ5UWtmQ3k3aV9yVG55TTJaMmtjRlJlUF9ISFF6bUlwbzdZY2s3a3pNb0FKbnpneGZfQzJaem10RWI4WmNha20xZFFydUNLM3RnUEw2eHJSd05rekpWTTN5TEFyZ00wT1Q5OGJzbWNuTmhxaTR2LUlpMURYWDliR1dvOE53LVUzQ21SQjdEZEMxNmV0N3phcGdGMFFINkdockdGckNiLThMQ3Q2RzFRVWVIX0h6Y2Q5ZEFfaUU5Rk5hM0pUVXMxMU5WcGZIc2RmXzd3?oc=5,enflasyon TÜFE,2026-10-07T08:14:54.784617+00:00
2026-10-07T05:03:24+00:00,E-ticaret,"Cao Bang, işletmelerin dijital ortamdaki iş kapasitelerini artırıyor.",Vietnam.vn,https://news.google.com/rss/articles/CBMioAFBVV95cUxQQmJSanhPdzM3VE9tNUliVVFpRlZaZGVTWkJ0VHJhY2wydnVpcXlhTnBFZTFFb0ZoeloyZE9LckFXRUhTQWt2T0FMVS1fU3lQXzl6Rnl6U2V5eFRLd1BlTDR4cHhtTEtkVFB3UkJYSnRrQS1yMUMwWUNBaXJkcVdNdTNHUWFPRUtmcS16bmFiZWdpdXJfQUdNS2h5cFREWGx5?oc=5,e-ticaret,2026-10-07T08:14:54.784617+00:00
2026-10-07T05:01:34+00:00,Kartlar & Ödeme,Turizmin büyüme potansiyelini genişletmek.,Vietnam.vn,https://news.google.com/rss/articles/CBMid0FVX3lxTFBwb0stakdyN2JjUUtSbGR0OGdTWFl5X1V1QVhGWnhtX1hzR3Zwa1ZkRDBYcHBENEJKZTBBcm82UUtCb2ZmYWt1cWw4ZmFhZ1ExZk1WbHdfRENNZVhtZTZ4cXZRR1BpOHJ6dDBvRUY4Z0t5T3ZiblJn?oc=5,dijital ödeme,2026-10-07T08:14:54.784617+00:00
2026-10-07T05:01:28+00:00,E-ticaret,Sınırların ötesinde yeni ticaret,Analiz Gazetesi,https://news.google.com/rss/articles/CBMifEFVX3lxTE1zTG85XzhVaFkwSkJMT05VVVNEaVVSdUtyRGtSX3ptVnMwRHdwVkN4a3NaTWpBbnBMNHZIeU15cWt5aktKNWgzRnBLTGdvNkFyUmVGTkhSek0xc1gxMXp4eUhUVnVIcXhxaG51eEVqbVhEMzNEMG50Z1lfajI?oc=5,e-ticaret,2026-10-07T08:14:54.784617+00:00
2026-10-07T04:53:00+00:00,Piyasa Göstergeleri,"7 Ekim 2026 döviz kurları: Dolar yükseldi, euro geriledi",Alanya Postası,https://news.google.com/rss/articles/CBMikAFBVV95cUxOdnBQQW9oZVdEX0VJdjQwcGtseEQwQUc4c2lIMnR4UTlMMmxGb1Y0T0ZEc3RtV3VCSUJvVFNBemhBUGRxMThCbDFKaENTZXJVdEVFbTh1MnpETTA4OE5pMGZ6NzFuVTFNQVRTM2VLdU9Idmh0c0N2SHloVGRhSFUycGVUcTdPWUxvX1gwcTNRS2s?oc=5,dolar kuru,2026-10-07T08:14:54.784617+00:00
2026-10-07T04:48:47+00:00,Piyasa Göstergeleri,"Bugün, 7 Ekim'de altın fiyatları: Altın yüzüklerin fiyatı ons başına 500.000 VND arttı.",Vietnam.vn,https://news.google.com/rss/articles/CBMiiAFBVV95cUxQeEt6LWZqU3ItZzRXdjNzY0Rram12d3NzQTMxT2JxcHFWZ2FkWjBvUmlXSmc0c096NDBsQWY3ZlJRVUo2a0pEYVNUTnQwWUVFUk94SzJNWDBtNVQzdGZMWDdfMEhnZXFzNGFDdXdKRUZjRnp3dmlTMHVzalktcnF3T2YyU0Y5V2RK?oc=5,dolar kuru,2026-10-07T08:14:54.784617+00:00
2026-10-07T04:48:45+00:00,Piyasa Göstergeleri,7 Ekim'deki USD döviz kuru: Bankalarda düşüş gösterdi.,Vietnam.vn,https://news.google.com/rss/articles/CBMieEFVX3lxTE1IWl9VYTdWeGlKUExZbDJoTlRveV9pckZNVGFaWlBBVnFlWkU5NHA4Wm04WWp4VDNZUU5tdzJQUW1xVXlET3d5VWhLYWlOVGxzODVJYjhocDNsWXc3Zm5oMUUxdmlYM0Zpb1JKaHNaZXNKaHN1RldlRA?oc=5,dolar kuru,2026-10-07T08:14:54.784617+00:00
2026-10-07T04:46:48+00:00,Bankacılık,"7 Ekim 2026 tarihi itibarıyla banka faiz oranları: Büyük bankalar yıllık %6,39 ile en yüksek peşin faiz oranını sunmaktadır.",Vietnam.vn,https://news.google.com/rss/articles/CBMinwFBVV95cUxNNjZuVlNFVU5CRWV0RjFjelJYM0VmTzJtYm41aEJaX0FGclFyNVBxMXJWd2JhSEYzQ2o5OUtxZDNhdE43ZVUzYnctRlJpRHhBcUZHdTg5dEJzZThxQU5FQUdPR2NHWG96X2lXVGE0Zk9lbFp1N2JlblM2VVZRXzE5QkY0WWh5MlUxY04tZVk2Tmk1U0RFU3NaMkNfZ2VseEk?oc=5,mevduat faizi,2026-10-07T08:14:54.784617+00:00
2026-10-07T04:46:44+00:00,E-ticaret,Bilinçli tüketiciler: Vietnam'ın e-ticaret büyümesinin itici gücü.,Vietnam.vn,https://news.google.com/rss/articles/CBMiowFBVV95cUxPbmdCM0J6WElObU9OdHlJQ2x4cHVkUDFEc2JkSVE5dlZkNk5fZldGdHlHS2hmM3lYNzFVd0ZJQjZ2SUU4dkpsM3RtS2VsMzRIOWpZTHRvQmFBeFNoYUlfcnFYb19sQXk1M0I3eWxmRWJCTmxCNVBmTDJ4QTFtZTZEUHRwVDdfSjJaU1czSV9oWFA2THRHNWFmN0hKbFcwdmhMbWZn?oc=5,e-ticaret,2026-10-07T08:14:54.784617+00:00
2026-10-07T04:39:21+00:00,Kredi & Faiz,TCMB MERKEZ BANKASI FAİZ KARARI EKİM 2026: TCMB faiz kararı ne zaman açıklanacak? PPK toplantı tarihi,Milliyet,https://news.google.com/rss/articles/CBMi2gFBVV95cUxQUUFQME5mT05BZVJweEZveW9IR19VOG5jcnJfVWh6QUh1WG93VHVvbjVNYmtQY2tJanczcm9wUGp2UnlZTlBoQlRMTjFiYkdGTjFhM29MRldYb0ZoM19Eel9SYjNBMzU4ODlQcHhIT2UzcXUyN1hJaWxuRFVVaVJpdzVNZklycV9ya21nOU9CZnJSX2ktUFNDS3JPSlJ5SE81QWQza0xReThUOHFBWXdvbUJZR0ZoY3hVd0RxYzIwWXlNZk80WVVSRVRRVThOSnEwWDJtMUxyenBlUQ?oc=5,TCMB faiz kararı,2026-10-07T08:14:54.784617+00:00
2026-10-07T04:19:00+00:00,Piyasa Göstergeleri,"Dolar kaç TL oldu, Euro ne kadar? (7 Ekim Çarşamba Döviz Kurları)",Dünya Gazetesi,https://news.google.com/rss/articles/CBMirwFBVV95cUxPeHNxMjNWRDI1d195QVlWN2NQYmFDSVlQbVJRUURPNGk1bWpJanJFMFZVZHh2SzRoZktsQWdiN0RtOURnOEs1MDdsWkdmY0QzOXNablFRaEdKdlE4UWlSVGRhWDFpbmVhZ2lmNV9ReDYtU1pYSDlkUHhaOVZ3TXhPd3hSc211TTRTeHBQejd6anFpZ3J6ZmEtVUxTaGZPWnZGcmNyR2RJeE9vcHlkbzJV?oc=5,dolar kuru,2026-10-07T08:14:54.784617+00:00
2026-10-07T04:17:22+00:00,Piyasa Göstergeleri,Fed tutanakları öncesi piyasalar kilitlendi: Dolar rekor basamağından inmiyor,Halk TV,https://news.google.com/rss/articles/CBMipwFBVV95cUxOd1hIRDgxWXoyLTBuRlJnMWVRZVc4VmtpUEc1MUdqQl9vZDRzeW1VQzhGbGZiSW1xVlhZTGpwUi1sRXpLLU9qWlFsd3FMNFU4Y2N4OVZwWmVwZjVRME0tNHpiQ1hDRllvNURMWjdNOTd3aFBzU0dpQnBuQnhmN0lkUWtGcWFwMDFhVFBJZUJ3enpVSHdlSi01VlBCUFVsdWRKVm5WdVVidw?oc=5,dolar kuru,2026-10-07T08:14:54.784617+00:00
2026-10-07T04:15:00+00:00,Piyasa Göstergeleri,Dolar/TL bugün ne kadar? (7 Ekim 2026 dolar - Euro fiyatları),Ekonomim,https://news.google.com/rss/articles/CBMirwFBVV95cUxPLW4wNU1TdW1BVzV6Sk1uWUV2SGMyS0pxTk0zQ3VQU2xLNko2djN0a3JaSW9kekFZVmE5Z1FEOVRtT1ZBRnFtWGROTTV6ZEFFdkJlZ1RJaTA3R0pvSUp2VmhqcVNYUC1TSm91ZmN2djhkYUpiQnVkaHNwYVllb0VLdGwwSXFJbGtFRWtwWkZoTklUY2FBQlhkSmZJRHNVdXcwNVIyTFBpTTlPbktTTXVz0gG0AUFVX3lxTE5WRTltdVNIckNzYURMc3IwdTVUa21aZDBwcjR5di1feGpjUlU5ajVmVXdob3pPV1N3ZGlhUno3UTVpdVU2X29FMWdqY2FwZjMtUkVrbnBQNzlsOW5zYU43VUV2SkdVY3ZDcWNILWNyMWJqMU5xZXVQcEVWMWdfTF9wMExVRGFvMms0c0haR3lVYTc1TlM5NmN6OUtxWngycVBMWGxmdGRqRWE5ZTZnM3dUUXQ5ZQ?oc=5,dolar kuru,2026-10-07T08:14:54.784617+00:00
2026-10-07T04:08:00+00:00,E-ticaret,İnternetten alışverişte yapay zeka dönemi: Ürünler böyle denetlenecek,Memurlar.Net,https://news.google.com/rss/articles/CBMisgFBVV95cUxNaXd0dlJIQmNxWUlCY1VFU3Y0NHZHajNFVG9QdmoybEpGTWdQWUdqS0pyN3FISDZySHE3dnhwWkZoSHlIYmhTMTBBbFlVdnFxMS00cW8tV3lVcmRWdVlyMnpmSm1oWkd5YW1ZN3BpVlhSVk9VSHFkRURSVlZfMWN1NnhXVm41dC1RZTExX2tGS3pmMmlzakxCV25XSU9GOExSaUxZM2xyY0k4bHVLakh4c1pn0gG6AUFVX3lxTE5MbWh0X2JLaEVWcHNya1liWS0zR3BSQ1dLZUlVYU1la0JHRjB1eVdMM1Q3cE9CdDVWTXNjanFOWjBXbFJrMmlzOTBjQnhlbVRHeXJqQWc5eUZoUWNadVJjWFNob2JMSFp2bGdaN3V4b1had2Rod05LXy1SVXRCakR2d0hYaXJOTGFWX3c5OGYyZ2pERWotd0Y2ZW5rbnJyNVZiZXdxMUt5Y01uNkdWOUFkdTdkcDZ2a0Jydw?oc=5,e-ticaret,2026-10-07T08:14:54.784617+00:00
2026-10-07T04:01:32+00:00,Piyasa Göstergeleri,TL’nin değerindeki yükseliş sürüyor,Sabah,https://news.google.com/rss/articles/CBMigAFBVV95cUxPUFhrMXR1WHJsWHVNemh0Ry1jbHVLX25Ea2JfMTRFWmFNNEUzZjI0NzFDc2M0SWdWSUVHN0NjNXBBckxTbGR2bkZUSHRGNGVGOFMtaFNFX1J2NlJzSmQtMHBGeHlZd1o4VDV5cmtuaGs4RUVfZUlEVWw3dnZhelloS9IBgwFBVV95cUxOMjFKVzNNQU93WmUzQmNBcFdmeUZVQXplZ3NxbkJENlJBQzZnMDlYVThkLUstODJSQklZdHVJRWpKRHVOdDRBZ0xjeUU5YWUyX2FPX3ZIYzR0RXYyY29ISHRZQTVjdTkyLUY5MExkOFRyVUVTTFZ0Z3NlQmN1Yy12bGY5bw?oc=5,dolar kuru,2026-10-07T08:14:54.784617+00:00
2026-10-07T03:38:11+00:00,Piyasa Göstergeleri,"7 Ekim 2026 tarihli USD döviz kuru: Düşüş trendi tersine dönerken, euro ve İngiliz sterlini yükseliyor.",Vietnam.vn,https://news.google.com/rss/articles/CBMinwFBVV95cUxOZnlfWlV6V2dSZnpkbVZqSHh3c0JsU1JmMm9KdU1RYUVoSXlnVGZUeXI2cEduOEtFWF8tQ21WYUc3Nk1jZ2ZYcFRTVUdnZFN0T0g1cWF0YnJsWVY3bl9Od1hBV2FwUE5uYTlqS1FPT3pOX0UzRkVzdnhzUmlhWHIxbjBMSzM0d0FlUzdXQlFDb1pPa05ra2RjeDFvSFl3b00?oc=5,dolar kuru,2026-10-07T08:14:54.784617+00:00
2026-10-07T03:31:54+00:00,Piyasa Göstergeleri,"Döviz kurları, USD/VND kuru bugün, 7 Ekim: ABD doları değer kaybediyor ve diğer para birimlerine destek sağlıyor.",Vietnam.vn,https://news.google.com/rss/articles/CBMivgFBVV95cUxOX0gwX1hQbm9VM3NjY2VEVTYwTEVkZjA5LTNlV0FhLUxEckNyVWhUMmc2RmJoUjQxYUpRX2Nub3NxWGxzVmZkTGExbUV0TWJCd2tQeVVrR1pPcFVxTWsyUzJHTWVHUExGUGJwaXFxdXZNbGNZbnJaZzNYc2JkZWpnYnhyWmRiaTh0WEJlZ1FoVEJZWUZwWGdtYkp0UElVZldTNlFVNXBQenFNRlQ4WXc4c084UWR2ZGg2TWtUZFR3?oc=5,dolar kuru,2026-10-07T08:14:54.784617+00:00
2026-10-07T03:11:30+00:00,Piyasa Göstergeleri,"Bugünkü döviz kurları, 7 Ekim: Hem USD hem de CNY fiyatları tersine döndü ve düştü.",Vietnam.vn,https://news.google.com/rss/articles/CBMihgFBVV95cUxQWXlMdUhEY0tnQ3dzRDAwcV91WTdfMVZpRUNSaURXTkdIWkpkV1RDRE55RmNMNXQ4UXVBbWcwSlh4cVZFaW9Fa3VVZVVVdGtmOVhyN0I1dW1RNEx5TktXUkpNZmNQT2xtamM5X3dueUVMV21RYU90T3RnWDdiODJSRVktUzdyUQ?oc=5,dolar kuru,2026-10-07T08:14:54.784617+00:00
2026-10-07T01:52:18+00:00,Perakende,2026'nın 3. çeyreği: Perakende mal satışları 78 trilyon VND'yi aştı.,Vietnam.vn,https://news.google.com/rss/articles/CBMikgFBVV95cUxOazRPdUJZTGcxV2VBUThleGJ2TnJIN2NHNFpnMnNMRk1BM0xKam1wcXQzREk4aHlJM0ZkaExRZGVMckFNNFlHdzlNU2JwbzRpbVc1SHlpeWF0dUc5YVBJZW1kMHRRaTlTR3NKX3BpT05JdGxZREtfR25YcHh3QjBobXYwYkk5N045cDZtZzlLRVhqZw?oc=5,perakende satışlar,2026-10-07T08:14:54.784617+00:00
2026-10-07T00:54:55+00:00,Kartlar & Ödeme,"Kredi kartı verileri, ara seçimler öncesinde ABD’de lüks harcamalardaki yavaşlamaya işaret ediyor",FashionNetwork France,https://news.google.com/rss/articles/CBMi8AFBVV95cUxQYWVxRmtST3RyVkJqc2U3ZXBRT01ycEVHM2lzeTJXZU5lUWlYVm5XN0RrLXhWb1ZBc2hvdndJdE5IeG1FalRqNmdkRjctSGRxTWpKUHUyZ3d6OWhTSlFyU1c5dnpjUXktWmFGOWVjMmxVQlRSbG42amNPeW1mWUtsc1F0TW5nTUU4UWlCMnZqcWRfdVczcEplY1NxMFNuajBlRERnaV82SGJxSU41SU1weFFmV2RKSjE5NHFPa0NpaE02cjVaWVk1MXYzWmE3ZHNEbGZpRU9XU3doeHFYMVhYYXJCTGpNblpQNVJLdFFYdVY?oc=5,kredi kartı,2026-10-07T08:14:54.784617+00:00
2026-10-07T00:33:24+00:00,Bankacılık,Finans ve bankacılık sektöründe inovasyonun önündeki kaynak darboğazlarını ortadan kaldırmak.,Vietnam.vn,https://news.google.com/rss/articles/CBMilAFBVV95cUxOVnMzc1FmcDVBSUpHaURTTlVtalpZQkFlbDBUUS1adU9Ya0xub0laamxYQ3N0Vy1PcEpXa2JCWmQ0V2tRR2hlbTBsbUJfRGI5MWpCZlBwU2tzbEtPbFN6UV96c2FiT3V3eHNlTHVYRGZ2WmZNa1FPR3lwbzFwZV9xNnhoSXNTM0x2TWltV0cwcFhnbGd3?oc=5,bankacılık sektörü,2026-10-07T08:14:54.784617+00:00
2026-10-07T00:16:38+00:00,Kredi & Faiz,"Figure 3Ç’de 5,1 milyar dolarlık tüketici kredisi hacmi açıkladı",Investing.com Türkiye,https://news.google.com/rss/articles/CBMitgFBVV95cUxOZ09vQU93eU9Zc2txV21pc3VfQ0VEN3RXaTl3a0R3YTkxcGFOdkN6aXlJem9BZk9VTFp2NGlxVGhuY29STVctV1VxWnBqa2VsZFE3cVVXd0hReTltTFJuaEUwRkhVVEQ3dkQzcmJjWXpwcmNEaGxPbmR1VGJsdnRwcWF2dm5aRk5sOVdkcG84N1hheUhsUXRqbHRaaFM0Mi05NjR6c3o2RTV3WS1oS0RncXYzNVJ4dw?oc=5,tüketici kredisi,2026-10-07T08:14:54.784617+00:00
2026-10-07T00:16:38+00:00,Kredi & Faiz,"Figure 3. çeyrek tüketici kredisi hacmini 5,1 milyar dolar olarak açıkladı",Investing.com Türkiye,https://news.google.com/rss/articles/CBMixAFBVV95cUxNRXQyTUUwYklIZDBUYXZJdE5HdlNUT1ViY25MYmhhd25IWFlodEg3NEhRUTU0LVNIT2Q3NkZpaTJWT2pzdlBsTldMY3FtbkdwSjlfcDhtaU5hdl9aaFhJRlNBQWUtMFRhUGhaRkVZSGk5NHotVnRsRGV1SFRwZExoSjNSdEtUVWM2aHhsd2tINDJrQm9RLWFwNDZfQ283b3R2dUNrZVNUeDNZdnY1SDdjRkZEVjc4SzJyNEVjUGtVWkZMNlBZ?oc=5,tüketici kredisi,2026-10-07T08:14:54.784617+00:00
2026-10-06T23:40:59+00:00,E-ticaret,E-ticaret ile satılan ürünler yazılımla mercek altında: İnternetten alışverişe yapay zekâlı denetim,Türkiye Gazetesi,https://news.google.com/rss/articles/CBMi0gFBVV95cUxOWEJPcm4tMVltdi1aTVluRjk4LWZad2Z5MUU1cFY2MnM4Tk9kTk80cG1qaG9wUzhId2pBTXZLM2pMMy1tb0p3aVNSWWYyMUVCWDctVEhyRXhmdHJlcnZJeXdpaG81WDFWLUlJN29ONHo5OEU1Tjd1TUhnYW5Dc1hqWklqUG1VOVh1VzIzS05XSzRRcDFNRzJjZ00tM2s0NkpfWkh3TDN3LUkxRno2b25SWUdHRXdmYXlxZUVTOWU1eGtodGRRLUdQN212ZFJ4SVJYdHc?oc=5,e-ticaret,2026-10-07T08:14:54.784617+00:00
2026-10-06T23:38:20+00:00,E-ticaret,"Shopee, Lazada ve TikTok Shop'un yeni hamlesi.",Vietnam.vn,https://news.google.com/rss/articles/CBMidkFVX3lxTE85Z0RXZE9FN3pXLVo4LVRaUXR4ZGNIUW5xUmRrTHl6OTlfRHlySEVHSmpkMDFlNUY3Und6NDByN1RuNFp3blE2S1o3OFVQYnRaRGtDc01IclRtdzM2c3VqanM0ZTN6a01jT1FEZEN3RmJMZG5IMGc?oc=5,online alışveriş,2026-10-07T08:14:54.784617+00:00
2026-10-06T23:31:00+00:00,Bankacılık,"500 bin TL’nin 32 günlük mevduat getirisi: Enpara’da oran yüzde 35,25",Haberci TV,https://news.google.com/rss/articles/CBMimgFBVV95cUxOSms0VTBxRXRtRXI1dXBEZ3hkTVo1RkNjTXFOc05qVUVpZTZvdEQ5ZXA3UGxibVZCaHhubjZRLVNwaUhGY1duU1RMbU12QzdOaWh0TjQ3RG5VRExPS1F4Zm05c1hWY0dhX2RLTUxMZXpjMzZwZjB5dk5na3VtaVdNNU1wMUpGLTlEMWNSUWt1U1ViNDlYT1FzUWVR?oc=5,mevduat faizi,2026-10-07T08:14:54.784617+00:00
2026-10-06T22:43:27+00:00,E-ticaret,Doğa tutkunları online alışverişe yöneldi! Kamp ürünlerinde hareketlilik,CNN Türk,https://news.google.com/rss/articles/CBMisAFBVV95cUxQdEYxbzFYYzFjdk40MmRldnlib3JXWWlKMWVDdEFhNVJ4RzhUWFFaQkJ6V21Xd3VkeWVwUko3aDJ5NS1uRndmOGwteWswSFY0SGFDeG9NX0djM08yLTNkWEtySzYxWmd5RzFWZmNyU1hVcmRWdGhKaGdtNVIwQzF2eUZ4WWtpa28yZlF3X3NpYzVqbXNIZ2llMVhuQldOX0ZyTTNKaXZKNkJLRFpkWmtVOA?oc=5,online alışveriş,2026-10-07T08:14:54.784617+00:00
2026-10-06T21:37:43+00:00,Piyasa Göstergeleri,"Eylül Enflasyonu Yüzde 29,73’e Gerilerken Döviz Gelirindeki Artış Maliyetlerin Gerisinde Kaldı",Turizm Gazetesi,https://news.google.com/rss/articles/CBMi0wFBVV95cUxPR0VrZzNyNmZrZnQ2QlRrS2JhcXNfdE44amNjcmFVNEJfVFluTUV4dTlMSUJ3Sk1nTWxjY3dpNG0xUGo5anE5cEZIeUxZRkN0UVJjZy13d0hiSE1kNlhXUG54RWN1Yml6OXRkaHNLc1VaNnl6WUpIMDNlWDNWVXlyR2laMGJIRFNabE9JYldDcm5kMTZqbV84YlBBLWxJUklnbVk2MU9keDRtd25oVU8zZmdjV0NDeUx0ZVVGSU93Y2N6dmxrOUFURzkxTnhLUkJTRG04?oc=5,enflasyon TÜFE,2026-10-07T08:14:54.784617+00:00
2026-10-06T21:16:12+00:00,Kartlar & Ödeme,"EMEKLİ PROMOSYONU 2026 EKİM AYI BANKA KAMPANYALARI | En yüksek emekli promosyonu veren bankalar hangileri, banka promosyonu ne kadar? İşte QNB, İş Bankası, Ziraat, Garanti, Akbank, Halkbank, Vakıfbank, Yapı Kredi promosyon tutarları!",Bigpara,https://news.google.com/rss/articles/CBMimgJBVV95cUxPaEYtV0NQV1lJUjlNOEVPSVhzczV5LWlUT3dnUlhLaU8zbWdjWlZWR2F4RG1tWkt4RlF5RTd6S05BYXY4T1BNZ2Z5ejRweVl4ZW5zQjJ2WDlYd1pMcXBtcHpKWWlKUDBZU0NJVWJfdk1CRkJmcVdQREM0MGlvb0VycTIxNGEtaVpTSTc5NkxoS0tTX19mRWtsV2daSzJ5cG56UmxaS0xJOU0tMzBwY2tnVVh1SGkzbEVDQmtZYWp1bF8zaHN0T204dUNDMVNra19jV0hPYzNjbU5aLXV4NWtTU0RMTFFsc24xZ01FQmtSRlFlSi1sSU4xalljM3lhMnZUYkhoSUdnNEFVeDdWZ1plMjc4cUJCaEl3SGc?oc=5,kredi kartı,2026-10-07T08:14:54.784617+00:00
2026-10-06T19:57:16+00:00,E-ticaret,'Herkes gider Mersin’e…',Para Analiz,https://news.google.com/rss/articles/CBMie0FVX3lxTFBBMWJ6U0JwX28xOEV6OWdfbm1ZSzJ6RkJzRVB0bWttUmpEb2VZb0tINUJLekJfWTZLeTJ2R1pxWWEtdUFMTlNGU1VYX0ZXSTU5WFd2SkNNdUV0TE9VaUNvZVZCM1Q4S1RoT2lqYWZaUkxZV3BTc0toNnlLQQ?oc=5,e-ticaret,2026-10-07T08:14:54.784617+00:00
2026-10-06T18:58:37+00:00,Piyasa Göstergeleri,"Reel efektif döviz kuru 105,45'e yükseldi",Ekonomi Gazetesi,https://news.google.com/rss/articles/CBMijgFBVV95cUxNbWplYVo3LW9TLW83c2xVWDlkeDd2NGFhVUJNMXAxbDRaMmhNLXR1OHJXSFlyWWR4QV9heDBMYVp2d1lpaHlqaHpKSWRISzJRbGprVnU5VzV4S3FMYTRmaVl5eXJKRGNmTERkaEJjMG9NZ19ybjMyandPZ2xZN25MS29sT2d0ZlJJb3FyeXhB?oc=5,dolar kuru,2026-10-07T08:14:54.784617+00:00
2026-10-06T18:58:37+00:00,Piyasa Göstergeleri,"Özel kapsamlı TÜFE yüzde 1,61 arttı",Ekonomi Gazetesi,https://news.google.com/rss/articles/CBMihwFBVV95cUxNQ1BfOWF3VElhMzlneHp2em1jYW9PSm9WazNRYTRCdFZpdi1pb2VxLUp5NWp2U1FXU3BBdnhsVzNCSnJKZHdsaVRfUU16SFVSa3dPQTcyZE5fRldKelJ2eFZRYWdlUFJoZWJhUFVMUHdRa0dWanNQOGZjT01wMHFOMG82dnlBdUE?oc=5,enflasyon TÜFE,2026-10-07T08:14:54.784617+00:00
2026-10-06T17:43:21+00:00,Kredi & Faiz,"FE CREDIT, şeffaf ve sorumlu tüketici kredisi uygulamalarını destekler.",Vietnam.vn,https://news.google.com/rss/articles/CBMikgFBVV95cUxOLWN0TVhoTUFrQ19QOEFraXozS0xMbFNQbF9kNFJpaXY5X3BGX0ZGNFMtbndFZWIxci1paENiSTAwMjN5M3Q2M3BhWHBNdmsxR25OMl9VVDE0bzhKNEw5OHJTbUJoanV2UU1XVFQzM2R0aHE2ZjdqOS1SRGcwRXhEUko0dnQ1Y2FJaWR3WTFLWlUtUQ?oc=5,tüketici kredisi,2026-10-07T08:14:54.784617+00:00
2026-10-06T17:42:22+00:00,E-ticaret,İndirim arama dönemi sona erdi; çevrimiçi alışveriş yapanlar kendilerini güvende hissettikleri için anlaşmaları imzalıyorlar.,Vietnam.vn,https://news.google.com/rss/articles/CBMimgFBVV95cUxQMUlSQldGN3lWNTJUOW9vNnZ5Sncxbll4NHZQV2FLSTRhRFZ5WjdmSWhoVXhTbFQtZGhWREhzZGo2Y21kczd4SmdVRDhzRzNaRTBiN25oVjBlVkFMVlBfNGY0RVJ6WHFIOUVrYTV4RGNvSGRfUHdLV0pGZ1dlOFhoSzJVcUItbVlaWWkzRk9XUGtZa1lVeUliOXRB?oc=5,e-ticaret,2026-10-07T08:14:54.784617+00:00
2026-10-06T16:32:57+00:00,Kartlar & Ödeme,"ECB politika yapıcısı, dijital euro olmadan parçalanma yaşanabileceği konusunda uyardı",TradingView,https://news.google.com/rss/articles/CBMib0FVX3lxTFBPaS1LdkE4bGxCRkQtXzFLR3paSHVMTDFhWDRzMzB1cWxDZ2xHQm13RlNvMHdqWWlmYlhobDBiMTVkOEpYYnVuYkdLN3pWdmpoUC10MGRfSnAyVU9ZYlZiRENCS2ZQVFZtbkQwQTdTNA?oc=5,dijital ödeme,2026-10-07T08:14:54.784617+00:00
2026-10-06T16:06:28+00:00,Kredi & Faiz,Commerzbank’tan TCMB’ye ekimde 100 baz puan indirim kararı,Ekonomi Dünya,https://news.google.com/rss/articles/CBMilwFBVV95cUxNZ3I5OWczWFVBOTVYa1B4eUh4RWhjUDRtU2F2c1J3cXBrUGhHUTMyUVljSTJxM0plX2p0QVFNZVVNVlk4d2V4WDRTNmdERHAzTU1rV3lXbEFxSmM5UjBQSjRYNDZpb2dHVUl0LWJjYWhka05DcGczcWt1b2EzOXRJU3VJNjJuS1dkQmV6YUJGVDh3WTZaSGM0?oc=5,TCMB faiz kararı,2026-10-07T08:14:54.784617+00:00
2026-10-06T15:52:58+00:00,Kredi & Faiz,Faiz indirimi için alan açıldı: Commerzbank'tan TCMB faiz kararı tahmini,İstanbul Ticaret Gazetesi,https://news.google.com/rss/articles/CBMiqgFBVV95cUxObVVNanlKR1REcXZzWGtjSjJtS3ZZcmZ3UUowUFNsY19zRnJ4bWJfTVdXN1JNVnZlUGQ4dHk0OFRnSTRoYmFrMlg5YmwxaXMzS0NRYmwta0o4RjVNb3FVRDBYdVZRNGpjTDlZODJnSXZWZ2ZDUjd2c21RWDVoNGNkbUFiS2k4Wk0yTlJJdko4SjVVdFBKMTJxX3RKa2xiWllHaXFRTmJQRk1yZw?oc=5,TCMB faiz kararı,2026-10-07T08:14:54.784617+00:00
2026-10-06T15:40:56+00:00,Kartlar & Ödeme,İnsanların dijital ödemeler yoluyla resmi krediye erişmelerine yardımcı olmak.,Vietnam.vn,https://news.google.com/rss/articles/CBMikgFBVV95cUxOUlJ3WVJwZDZ2RnNJbmdZY3NqakRncDR1Vk9pdnp1SFplYUxZZVFsdkJhX2YyRV9ZRW0yTjRncExPbjk5cWRMVTFYaldKSl92QTlKajFJTXc1RFZaTmJnVmpEOTdDeXhJeU14ZFVZMV9QVUlLRUpjTVB3Rnd6TVdNc1h1Wm5qYnkzNjlBaUpjMm5qQQ?oc=5,dijital ödeme,2026-10-07T08:14:54.784617+00:00
2026-10-06T15:30:55+00:00,Kartlar & Ödeme,Yabancı dijital konaklama platformlarında yeni dönem: Kanun teklifi TBMM Komisyonu'nda kabul edildi,Yeni Şafak,https://news.google.com/rss/articles/CBMi0wFBVV95cUxPWmxkRlE3amkza0JkbWZMLS11bWdxTllzcmwxX2lXODNCdkoxR0lyYmtPbVQ2aWJhWkk5WkFBVnVqRktIZUxvTVU0OU5QY0tqZmJHWTlpeFA4WEhSSTU2MmltM2xfRWJLZ2VZVko4MGZ2RU00TV9rd1lMTFBkTDFVekVJdUg4YkdzcXRHeDBlLTF6a2VxYVk3TFo3QVlNb0ZtVGtuSGItTGpDQlB4blZNN2Z1NHpxX1NPclUteXdocW9XUzVEQlpja2o4SXhUYndabDBF?oc=5,dijital ödeme,2026-10-07T08:14:54.784617+00:00
2026-10-06T15:25:38+00:00,E-ticaret,Shopify hissesi kritik direnci aştı: yükseliş devam eder mi?,Invezz,https://news.google.com/rss/articles/CBMinwFBVV95cUxQNW81Ry1iRWJ4eVZIY0pFRWZ5LVdqblV0ZE5UejJ6ZHg2eWRxVUdtZWh3ZjlaSDZqSjNnZElqNzZVam96R2FKc3d0Q3VPVFFrMWt2MnBZUHdlRF9ybUIyZjhNTFJBdWRJZzNHTUpaMU1wQ1ZpU2k3RlZVZ3NETG5pTWNMaVhBNzl2VWViQ1ZEemJRS2oxdlRaRVJtV0V2VVU?oc=5,e-ticaret,2026-10-07T08:14:54.784617+00:00
2026-10-06T15:21:30+00:00,Perakende,"Euro Bölgesi Perakende Satışlar ağustos ayında aylık bazda %0,2 beklentisini karşılayamayarak %0,1 arttı",FXStreet,https://news.google.com/rss/articles/CBMi2AFBVV95cUxPbmY1QnI1TUswZ3UtdWhST3ktelZGWWZ6eGs5SmtGeW5Xb0psZkgxSWItRGg4SkRsc0NIYWFoQWdROFNTTVVqSUlxbjNzdUVTMFRhSHV3V0VHSDdFc3lPYVAxS1lyaktYckV0aTFLR25XbGFicHR4NmdSczYxYWREMGpfcGs1enZMVVlSUkRSc1hHZzR4SHlvMGNpTmZ4WnNSMkRjZWppb1U5Z3VOQms5QklQSnY1a2Q3QmZNVjJqcC1CSEhhemRScFJaM1ZZWjhaa1BfcC12dznSAd4BQVVfeXFMTmdDUGs5UHBBRmlUYjBpX3ROemNxelpmZk5OdmNoZFFNdThDWFpPX2NhRTd4WmdfMWtUSWJLTEo0eUFENXJxbk5MZ3VUZGk4cTdwY2xZa3YtYlY5Rzlwc1dMY0ZJNU9XZUxzcWxsV0E4OEdXREhfZE9GN2pwWTM4VnJzVzFPOU9HcUd2OHdoR2ZDVU5tR3dwWEdrS2lBRGtOUWVhU25oLUphRnFNcnBpeFJ6VUJiMHkyOTJmQVNoUEpQMkFDc3YxRVFpUElDSU5Gbk1fVlZDaVp4NUZiSWZR?oc=5,perakende satışlar,2026-10-07T08:14:54.784617+00:00
2026-10-06T14:55:36+00:00,Piyasa Göstergeleri,Eylül Ayı Enflasyon Oranları Üzerinden Mehmet Şimşek’e Cevaplar Ve Yeni Sorular,Yeniden Refah Partisi,https://news.google.com/rss/articles/CBMiwgFBVV95cUxQRVdRWGVLcm1nR19Gblgxb0IyeGZvMVhtSzRab1NQdU1LUjNEbml5MC0yRjdKTURwMm1XVXY2ZlEtMURPS2R5aERhWDQ2ZEUxUlA4MTd3dFZyLTM1ZXRheXVDN2pWVmFON2dfOWZmRk5CRlhqYU9rczNSR2tlZUNpNEJuTUhBbnU3OUM5XzNiQ3JkeU5TNklSRDE4R3JfRUk4MHRjb1QtQW1CU1VKWXdUZ0ZfYnBxZTJVLV9ieXc5WTF0dw?oc=5,enflasyon TÜFE,2026-10-07T08:14:54.784617+00:00
2026-10-06T14:14:13+00:00,Piyasa Göstergeleri,(Kapalı Çarşı'da altın ve Dolar/TL kuru günü primle tamamladı),Bigpara,https://news.google.com/rss/articles/CBMivAFBVV95cUxNeWdmN1hWR0l1d0hURTlzd0dVT3pobXZyNzZQTHM5R0szRGdLREdDT0ozUGE3bmQ3Rmd4cDZKdUw2VVFKd3F5Y1YwOE9VeUdQcWtoWlhaREZuY3dOd2Y4Yk9ZOG5IWFVadnludE5KNU1MeTNmZlVLYWNtTDhueWFzaWZQMzFxTFM0MGtjZGNwUGUwTXJJWGFZdjJhNFNwWWkwNXFrbURua19lbW9RWThVVTQyZElLRDcwNlBpbA?oc=5,dolar kuru,2026-10-07T08:14:54.784617+00:00
2026-10-06T13:56:00+00:00,Piyasa Göstergeleri,"Mevsim etkilerinden arındırılmış enflasyon eylülde yüzde 1,61 arttı",Evrensel.net,https://news.google.com/rss/articles/CBMiqgFBVV95cUxOYUZ3N2l3dFIxaTVJTWNUTVdSWHA2Q1c4WlZ4SmwyaUJiRnRGdmVzLTNhc3BMWUlPZnRCbU5SMHJDQXA3a0l2VzJ6Z0k4Z2FydDZVS3NES1RpS0M2S0NZTTVHSnNyWWZrblBBYTMzYzBHLUt5cWctZjh4Mll4Q1FENTduQk5PWnFxTjMwc2Flbm01UUlxcjZGZEUtR2FReEdBU2t3ZW02bVhKZw?oc=5,enflasyon TÜFE,2026-10-07T08:14:54.784617+00:00
2026-10-06T13:35:51+00:00,Perakende,"ABD’de alışveriş hız kesmedi: Perakende satışlar yüzde 8,6 arttı",ekotürk,https://news.google.com/rss/articles/CBMipgFBVV95cUxQc0o0c1BVYnRjWUlxU2l6YmNrSFdIeS03WUhXQ1BPZjFGWElDbUJhVER6SGpFdHJxTTJDVkFHenItRWdibHNfb0hXdmVfSjNCUVV2cXdGTkhXNHZaLXRWYjM2UFQzTFdvS3QwYVhRZURQTlBrMUh6X1pHaUxyRVc4SWotYmczLTZBNDh1MU9ndnF6YnE2eldzQUp4ZFBJdmg3YjdQRk5B?oc=5,perakende satışlar,2026-10-07T08:14:54.784617+00:00
2026-10-06T13:12:58+00:00,Piyasa Göstergeleri,"Mevsim etkisinden arındırılmış aylık TÜFE artış Eylül'de yüzde 1,61 oldu",Bloomberght,https://news.google.com/rss/articles/CBMirAFBVV95cUxOM3N1MWJnN3Q1UlVYbzJFbUUzT3ZpQnJka0phWWpRWTFreDN3d1JROS0yWXpPMVF2aXdVcGNWMjlxQXJkOUlRaElWbDdsSnRJUEZpcFJocUxpWG8yMElGNm5RTDVPQ0x1X2RiaWVFd2ROb3BRdlkzQmJnZkI0UTQ2UWcwb1MwdGdaZmgzZEhycE9ZV0VkRmp1TE9Uc3VITEVMN2luZlY5dVBWYWZ3?oc=5,enflasyon TÜFE,2026-10-07T08:14:54.784617+00:00
2026-10-06T13:09:00+00:00,Piyasa Göstergeleri,Mevsimsellikten arındırılmış enflasyon belli oldu,Ekonomim,https://news.google.com/rss/articles/CBMinAFBVV95cUxON0xWTHZuMnZNVFNCVXMwX0hIN1RZZHRJM0tNX0NwbVJtYjZjTVdwSUZyZEZNdFRJbmd4NkgtRWVTcTlwRENSM2xtNEs3Uk1aMFRsZ0UwdkJ1WDUzYnlid091T2ZrUmNZWVJLdXhxM3FWNnFVOU1YVHNEc2kwYkJ1UkxBT3dsXzdsNDI0dzltejNlSWg3OXgxZllFaU3SAaIBQVVfeXFMTWF0c3daaW9zaGJaSmYzYkU3Nk82LVpMbDhwcUkteTNJUXo2MVNoLUVpQVpEWGJOYmk1X0diaGNrTUxPVW1iZXR6WDVINnB2eUJRYzFGMi10YUsxemFnSXlBWEZVX3FLT09lQ0ZkWFB1U2NLNmVPRjVPWXdXVG56MHRqQ3pqeGxmQzZuWDJzcWh3QkF4Z2NaMmo5NjJ3TFVaWnNB?oc=5,enflasyon TÜFE,2026-10-07T08:14:54.784617+00:00
2026-10-06T13:04:00+00:00,Piyasa Göstergeleri,Reel efektif döviz kuru eylülde yükseldi,Bigpara,https://news.google.com/rss/articles/CBMisgFBVV95cUxOYWM0SWdoNE9xdjJqdzNYSjh2RU82OU1tRUJ5RUV0YV9SSVJoMG5TZUZPNEVKOFBQSl93b0Z4b25jXzNMbVZaNktRQzVpMFZkdk5LSURIMTVsNmdkRF9Jcm1ISEIyWFpna0M3VGZOaWVMZE5HZ2NFZVE0MXRnODl2V05nNDFwT01XQ1NUdHVBTGlRWDUyTzYwV2F6RTNQcjVfQ0V4QUlKZ2hFMlNYQXlVNElB?oc=5,dolar kuru,2026-10-07T08:14:54.784617+00:00
2026-10-06T12:43:52+00:00,Kartlar & Ödeme,"Yapı Kredi World, 35’inci yılını kutladı",DHA | Demirören Haber Ajansı,https://news.google.com/rss/articles/CBMimAFBVV95cUxObTAySVozbzZicTB1dEotZk9Xc3dWWnp2Z0tVeW9ja194Y1pNUVlZOFZfa0pxOEtWUnhGOGhVcEViZlVPUnBuUHNSUTB6YTVoVjd1S0tJQkdGbmFRTTFhV2REQ3NLTnNWc0tONXQ1WTQwS2lPaWJVc1BGNUtLenNOYVBTdHpZSDIxNUEyaEE4Nm5oaVpCSnV4ZA?oc=5,kredi kartı,2026-10-07T08:14:54.784617+00:00
2026-10-06T12:38:25+00:00,Bankacılık,"FON VURGUNU | Fatma Betül Kaya ve eşi, vurgun parasının faizini iade etmemiş",Tr724,https://news.google.com/rss/articles/CBMinAFBVV95cUxPN3drb1ZUX2FaZ0hqUnFCT21kSW1GRjR4dTdRWURfbjUzdzVYcUdRaFZEbHIwSDYtM183NFlzZGxhVWFRLS10a2czb0ZDVkgwSTJCdnhtZWNyUkp0N2FHZnFETHVCQWp4ZUpsWVNlaXlYbXZUVDhwRy1uVWhGdVpPelo0bWIzM3dNR2FtRUZwOXduMUVHTHYyX0Y2Wko?oc=5,mevduat faizi,2026-10-07T08:14:54.784617+00:00
2026-10-06T12:38:10+00:00,Piyasa Göstergeleri,TL’nin reel değerinde Eylül artışı,Paratic Haber,https://news.google.com/rss/articles/CBMiZEFVX3lxTE1uSkJDUzlLTU55MjM5ZzJYaHlPd1lMOGVjZ1poeS1EeXE5amk1eXIzQzI2LXRqMDZtWGhrX0N5d0cxdm1CTXM1c25qcGVYaGdjSVpiRFVIZE9GX0pYVXZiY0ZzbjI?oc=5,dolar kuru,2026-10-07T08:14:54.784617+00:00
2026-10-06T12:35:53+00:00,Kartlar & Ödeme,35’inci yıla özel buluşma,Hürriyet,https://news.google.com/rss/articles/CBMickFVX3lxTE1oMEZCbl9LQ3NaUVNhZlFNLTkzSzlqcERkLXNuSGtZWXR0azVEWnhhaHFRQWp4bTd2VTF2WTBhWEFKcTlMSVg5WFAwRzJMZVRYRGtJNnUtWk9kVDQ2SFBFVktfbzZKalFvMkRRdDJxWXNudw?oc=5,kredi kartı,2026-10-07T08:14:54.784617+00:00
2026-10-06T12:35:37+00:00,Piyasa Göstergeleri,Merkez Bankası açıkladı! TL'nin reel değeri 0.45 puan yükseldi,İstanbul Ticaret Gazetesi,https://news.google.com/rss/articles/CBMimwFBVV95cUxQOXN2WkVuWmphLVhfNEx2QTd3aTJ0SDk2MG8wRDVMUjZ6M1hJdWxkSDhuZjU2dGhzUkNUOXpLQkJyUEFkekJfTU13c3d5dFRhVl9iYjNhMkkyalBtT1lsb19lSVdHVUhWVDU0UGg4SHVWQUx4elloQmt1cUVILXZPX3ZPMVhSVFZxWDA0VmRpQlpkM3RSdlpWZ2FoSQ?oc=5,dolar kuru,2026-10-07T08:14:54.784617+00:00
2026-10-06T12:24:40+00:00,Piyasa Göstergeleri,KİRA ARTIŞ ORANI HESAPLAMA EKİM 2026: Yeni kira zammı tavanı yüzde kaç oldu? TÜFE kira artış oranı,Milliyet,https://news.google.com/rss/articles/CBMi1gFBVV95cUxPVUNPZ3M4VWRaNnZoSl9IVFp5U0cxMEpyNzNVNW0yMXBOeFN2QUxHcHlHRkJuZlJqZFVHY2RXa2RpOWdiRktwYlZua0xzOTFDNENHX2ZKVEdENXRoaVJaRXZDMkNid0xLUmRKNnVzT1IyUFlmM3lGQmQ5QzNta3BNWkNwb2F0OXlvbnA0YUxvOHAxRlpwX0JfZDM5X0Y5WW4tcjVWeE1KSnNwQ3h3dU0wcTdPcnNUN2tzV0ItMUFVWlZqTkVzbVhVejlCZ19QX3BZZkhndDFR?oc=5,enflasyon TÜFE,2026-10-07T08:14:54.784617+00:00
2026-10-06T12:18:47+00:00,E-ticaret,Çevrimiçi alışveriş yapanlar artık en ucuz fiyatların peşinde değiller.,Vietnam.vn,https://news.google.com/rss/articles/CBMif0FVX3lxTFB4TjljSTdUWnRtcmVFTFlyOTlSWjBQMy01clE2TWhmUTVOZV9DOTBLai1IR0pXQy1zQU1iRnFmVC12b1JxWTdQWWl4R3lFVDNHWk5UZWFxU2pZMEp1T0xHaUdEZlRKSEUxczVKUHBLNVdfZlFsZno2ZjVtMUFFeG8?oc=5,e-ticaret,2026-10-07T08:14:54.784617+00:00
2026-10-06T12:17:45+00:00,Piyasa Göstergeleri,Reel efektif döviz kuru eylülde yükseldi,Türkiye İş Dünyası Haberleri,https://news.google.com/rss/articles/CBMihgFBVV95cUxPbktOZ3FzOWlrSTNTYVZjd3o0QkJtcDFTYWx3akZfSTdseFNTaUtRSzZUdWtwQmZyN2d4cXpmQV9FdzhZUTRnWm1OUUVVdlVrZ2c0c1Jfak9tbkNLN0xwNW03M3FFMi13bWRmYk02cUl1Y25oOTlRWkhtMUVZRThyWHE3U05oZw?oc=5,dolar kuru,2026-10-07T08:14:54.784617+00:00
2026-10-06T12:17:45+00:00,Piyasa Göstergeleri,"Reel efektif döviz kuru endeksi eylülde 105,45 oldu",KARAR,https://news.google.com/rss/articles/CBMinwFBVV95cUxQTVJXeGdxeDdlbExIUzI2RlZSRmd2cktDdmRMeXc3NXZWUnlJbm1fdFZYSFVhWlZMVS1YQlRjNEpwZ1hnQVJRcm5oaXRhMFdZTUpPYW1lcWp0UFhnanhMNjNFZThjelk4S0ZjMVA4OFRXUGxuQU1aSF80S3RBZm5rWjJKbjFua0phLXRpUXdZLVcxeFRfZGFBdElmTUhCeHc?oc=5,dolar kuru,2026-10-07T08:14:54.784617+00:00
2026-10-06T12:17:19+00:00,Piyasa Göstergeleri,Reel efektif döviz kuru eylülde arttı,Yeniçağ Gazetesi,https://news.google.com/rss/articles/CBMiigFBVV95cUxOOU9GLV9memNhNlQ1bzZ6WW1YcWFlYVE3NUlSUl8xMmN4ZmFUdzNkay1EMTBrLU9SNVNGU3hERjUySGJnV2lHY0g5RzE4MGZRRTFvcU5UM1dPVExUYzVra3J4SGFvVGJxS0hiOVZBZXpSSmVkMnc1UkREeTZuNmpxaHM0Y3g1d1FlZ1E?oc=5,dolar kuru,2026-10-07T08:14:54.784617+00:00
2026-10-06T12:12:54+00:00,Perakende,Avrupa'da alışveriş hareketliliği: Perakende satışlar ağustosta yükseldi,Sabah,https://news.google.com/rss/articles/CBMivAFBVV95cUxPdGh3OE81WmMyZjU0SlFsQ1M1V2Y1b0lSN1VpUTZySjlzQzhBdWYyNU12VVBkQkdNWENhbXViTUlCRGJmTm93YlpWSjlGMHBneWhJYkFmRnk0dG5iOU5wWWxCMzNzRWpLWmxaSEV3RXFlM01OOWR5bEJfdkp4T0s2UElsdnhBaTZZTUVFbUdZOEZQZEJXcmRuR2FWaC1PUFRYNGRKQkpJV3NYSnRweGlqcWNDeXI2c3I1NHdnTNIBvAFBVV95cUxPdGh3OE81WmMyZjU0SlFsQ1M1V2Y1b0lSN1VpUTZySjlzQzhBdWYyNU12VVBkQkdNWENhbXViTUlCRGJmTm93YlpWSjlGMHBneWhJYkFmRnk0dG5iOU5wWWxCMzNzRWpLWmxaSEV3RXFlM01OOWR5bEJfdkp4T0s2UElsdnhBaTZZTUVFbUdZOEZQZEJXcmRuR2FWaC1PUFRYNGRKQkpJV3NYSnRweGlqcWNDeXI2c3I1NHdnTA?oc=5,perakende satışlar,2026-10-07T08:14:54.784617+00:00
2026-10-06T12:12:19+00:00,Piyasa Göstergeleri,Reel efektif döviz kuru endeksi arttı,Uzmanpara,https://news.google.com/rss/articles/CBMikwFBVV95cUxNalktRi1Id05oaUx4ekRHdXY3M0p4dG51ck1KVDM0QmJqdE5pc1hJOEVOOGFvVHpRejBTVHo1X0xTWUstV1lfZHNEQVZzZ19QTjJXVldXR0JCWHlaY1JST2hLN25OSmlpTXU0Vkw5Z2Q1RFVoUjJHQUIxWUpYejN5MDRjc0l3Y1BrTWN5bjhxOWl5YWc?oc=5,dolar kuru,2026-10-07T08:14:54.784617+00:00
2026-10-06T12:11:00+00:00,Kartlar & Ödeme,35 yılda değişen ödeme alışkanlıklarının izinde,Platin Dergisi,https://news.google.com/rss/articles/CBMimwFBVV95cUxNTzhVd1NOMXQ1RGVVWjExUTFXUGN6S1JQX2s5a0NqZy1BU2dxeUYxbFI1dmlNUWRFSnVsX3o2S2FFRHRfYnNISi00OEZDVDhLMnl6YlFla3A1Qkk0YVlKWW5BWmF0TXR5a3YycElfLW5WSkM5V2JVRVhYQThON0txZTFIaWhFbHFYbHdvTjFWWWttcFJ0Qld1Si1FRQ?oc=5,kredi kartı,2026-10-07T08:14:54.784617+00:00
2026-10-06T12:08:39+00:00,Piyasa Göstergeleri,Türk Lirası'nın değeri eylülde arttı,Sözcü,https://news.google.com/rss/articles/CBMieEFVX3lxTE1ZckkzNW9mUE9ldFdLNUE1VktDS2VqUUkwbFFLdGxBWGpmMWZySG1wZUpTVklyVkZvUm1FcFF3Z0YteTN2dGxnZ01vbkRwZ09JWWR5a1liU3pYUFl5MmNDX0RHZVhsRTl2WXVuZ05RWVg0TWhfOEFMTw?oc=5,dolar kuru,2026-10-07T08:14:54.784617+00:00
2026-10-06T12:08:35+00:00,Kartlar & Ödeme,Dijital ödeme altyapısı - Kapsayıcı finansı en temel seviyeden başlayarak birbirine bağlamak.,Vietnam.vn,https://news.google.com/rss/articles/CBMijAFBVV95cUxOWUpRTUVaNFV2a0RfNlVzbFBXT2NmTm1XNUZncG40b1JyUnBMNGozOEM2VlJXN0xxSGE5WXFnYTFFRzJwaDc5WjgtbDZCUERJOGp4bkU0NW1GVENfR3JOQUZ2TWZaalNaRVVEelVsZDNpN0ZId3lacWNHSnRvYWxWd3ZzdU1yb3dKYV9ZWg?oc=5,dijital ödeme,2026-10-07T08:14:54.784617+00:00
2026-10-06T12:07:00+00:00,Kredi & Faiz,Commerzbank’tan TCMB faiz indirimi tahmini,Cumhuriyet,https://news.google.com/rss/articles/CBMikgFBVV95cUxPT3VuM1NBUmM0d2VmdXhEcDFWU3pZVXlCSXpkS1NMRS1ZSmlDZEFDdzBxVFdXeVhsN2lNWnRab2k2TXNZSUhZVjdhZWt1MDhIYnJWLWc1UXBObEdSTUtKYzdja252ZDVNRjQ2UmNsYWt2dWpJaGdvdDZ1eFdTQ2NsQjR4QUgzUUdwcEVUUGEyNFlndw?oc=5,TCMB faiz kararı,2026-10-07T08:14:54.784617+00:00
2026-10-06T11:57:00+00:00,Kredi & Faiz,"Gözler Merkez Bankası'na çevrildi! Ekim ayı faiz kararı ne zaman açıklanacak, faiz kararı ne olacak?",Ege Telgraf,https://news.google.com/rss/articles/CBMidkFVX3lxTE5Dd2dWVDZBaHY5MDMzR1FYbHU3UU51azR0cHJxdE5PVnRiRnA1clo3RUN3Q1NVY1c5LV8wT1pLM1pNY2xxWlVHbHhJRU96WW4wZ3R5NmtYMnZRMUxibFhacW1jQVBEY3M1dlBCNHUzU1huTU1pMGc?oc=5,TCMB faiz kararı,2026-10-07T08:14:54.784617+00:00
2026-10-06T11:42:09+00:00,Piyasa Göstergeleri,TL'nin reel değeri eylülde yükseldi,Doviz.com,https://news.google.com/rss/articles/CBMiiwFBVV95cUxPcjZFTHpFSFJtaGt3SHVTLWYxcmNVUnhLMkhNYlkyOXRTS2FCcUFlM0NiRTBveGdPcWNMWFZNcS04UTdURDc5UUlIVXQ2OTg5dVVvNS01RWZYYjZ6TlpQRVdiR3Q0TF9neDcxeXZLY3BNbTVsSjFwZ3lESVY3U0ZMUzhya29nelRsZnFv0gGTAUFVX3lxTE9DR0VJNWs5Mk1rd0hnT0Fra3hNbmZyLUlVY3Fic2s2RVhpNWNnTmRtQlJTRDZFQkdJTFA4ZnZ5T0xmbF9BUTY3ZjhUSHNaUWZyb294VUttRUhIMVFYRmNaNlgwV0JqWHo1eGVrY2ZXTkJ2RzMtSW9OUnZGUzM3dHhhdC1xZS1aMUxCakR0T0lZSUdOOA?oc=5,dolar kuru,2026-10-07T08:14:54.784617+00:00
2026-10-06T11:42:00+00:00,Piyasa Göstergeleri,TÜFE bazlı reel efektif döviz kuru eylülde arttı,Borsa Gundem,https://news.google.com/rss/articles/CBMihgFBVV95cUxNY2pJSzltSU9IZ24waUZFUWtBemxEOEdPVFA4MVhvQWVVU3dtZ3d4NlhTZmRuS1h3QjI3dXVTNXo0ZjRMOFFJSFRsUUpHVVNWU2NUanpsRXVhcmdBVk42YVFRbldNOHdzVEJkanlWMXIyOW9vTVdSZnJ3aE9qdk9fY0NuTThQZw?oc=5,dolar kuru,2026-10-07T08:14:54.784617+00:00
2026-10-06T11:38:00+00:00,Piyasa Göstergeleri,TL’nin reel değerinde yükseliş,Dünya Gazetesi,https://news.google.com/rss/articles/CBMifkFVX3lxTE12eDFZV0FBSWpreFZ1M1JYVFRja0tMU09RYUtMX2NDanR2Q2U3dlY3MkE5bUNlc1lUd1ZhMHRhX2RPUExmOG1adDJNaWhGZnJvOUJ3dlEtLXk2ZWhOQmtYZ0RtbnRuc3hneDhaVDdONmpqcG15Y0FNRURQSlBPdw?oc=5,dolar kuru,2026-10-07T08:14:54.784617+00:00
2026-10-06T11:34:52+00:00,Piyasa Göstergeleri,TL'nin reel değerinde ılımlı yükseliş,Bloomberght,https://news.google.com/rss/articles/CBMifkFVX3lxTFAtSl9JUG41cW1XeTIzaTYwelVXTjFrTWxUMy1BTzE0dGIweDdVOEtoc05YYjBpWFBPOFBFV1o1TUtSTExBb0RRa3VBWXFqZHpybE1ZSHNjNklBVXNrTm40OE9UUzUwZERQM1ZrUjFIVVhqU1FrTldMcUlnN2h3dw?oc=5,dolar kuru,2026-10-07T08:14:54.784617+00:00
2026-10-06T11:31:55+00:00,Piyasa Göstergeleri,"EMEKLİ MAAŞI ZAMMI 3 AYLIK ENFLASYON FARKI 🚩 3 aylık emekli enflasyon farkı yüzde kaç oldu? SSK, Bağ-Kur 2027 Ocak emekli maaş zam oranı yüzde kaç olacak?",Uzmanpara,https://news.google.com/rss/articles/CBMikwJBVV95cUxNY2h3RG9vbVlLZVNBM3Y1bkZUc2ZUeHp5YmkyOWllcE84X0Q1bzhZRnc1Z2ZmbTZadkl4RXN3TWVWdzRWRERfLWpwUFphT0xpWmZHWTNybkp2QUhZMHZSa01FVHJPYnFCcXM1a3plZkw1YTZBTlZBNUt2RUtUUW5Sb2JtaFZjQVNXeWJfT05XbnpocW03M2ZWQkREcDBCaFEtdzA5MHByLVN0V2tLVUhheEptVWpmcDJfdlQ1eGVJbXZGNVM1STRhRDZtaUxPOEdPUlREMTNTVjJsbV8tMUs4UFVpMmREcW5IZHhDS2ZOdmxpWmx2MzVHZ0tnckZwN1dhOWpaWjcwT1J6LXlENGZJelYxTQ?oc=5,enflasyon TÜFE,2026-10-07T08:14:54.784617+00:00
2026-10-06T10:33:00+00:00,Kredi & Faiz,Merkez Bankası ekim faiz kararı ne zaman açıklanacak?,Yeni Alanya,https://news.google.com/rss/articles/CBMihgFBVV95cUxNQlA4SEl5WTNkZjJDeWNjLUNhMlNobnpOTkJrWGdVQTRsUmZZaGhyZW1lV3VLaTROQ01OM0tzS2dWNjlCcVlhaGFMSjM5emQweEZyU001Nk5PLUJIeGFkd2xXcmhlQm1mVWw0b3ZVb0tINzFmRTJZMFFLM1ppTVJScTA4QWtYUQ?oc=5,TCMB faiz kararı,2026-10-07T08:14:54.784617+00:00
2026-10-06T10:32:11+00:00,Kredi & Faiz,MERKEZ BANKASI HAZİRAN AYI FAİZ KARARI 2026 SON DAKİKA (PPK AÇIKLAMASI) | Merkez Bankası faiz kararı ne oldu? Merkez Bankası faizi sabit mi bıraktı? Beklenen karar açıklandı!,Bigpara,https://news.google.com/rss/articles/CBMilAJBVV95cUxQTHk1OEdLYVBvUEtTbmQ3OUtGbzFZTzJNbGhEeDlsazR3RnFIekx5dTJjWTVNcHVxdy1GZ01hcFVIejVaSkF6MTJJcUFiZGZybzFKOGk3akhaT2xTaTZKLWE5NnZTWVpPYldPZHNEVGZrMXJOajR5dnF6RjNpRExJRWJNaTFwZk9MOGtZeXFXMWlnWUZKN3BXdkdHc2lUTHBmdDBzSnpCZkJmNnhBby1XdzJDSGhTaEQzNzdwajc1QWJGandEZTJQNmJLSGdCMnRnd0p4RmkzbDRna0M5RW9qeTVvX0JJYjVUajRucDNFVzUxb0JELS1XY0QzbDBka1RZblhTUlVrLU5mMFd3Nm5Ebk1sb0s?oc=5,TCMB faiz kararı,2026-10-07T08:14:54.784617+00:00
2026-10-06T10:27:00+00:00,Kartlar & Ödeme,"Dijital ödemeler, insanların finansal kapsayıcılığa erişiminin önünü açıyor.",Vietnam.vn,https://news.google.com/rss/articles/CBMilAFBVV95cUxQb2tKaTJhTDNLeXlac3J0ejJtekJ1VHVkRWUtRmdGLUZUTi14TG5scWI2VFNSZFNlS3lzMm14a01BZC05T1cwRFNGd0dsUE41VklXZURNdFhmdzg2NXhBWDVxZTQ1TDc1T2Rzd0VqVm03TmdkUGdlU0szdXd1VExRelZ0Qy05WTZLUkpGOVhVNzJ0Tk4w?oc=5,dijital ödeme,2026-10-07T08:14:54.784617+00:00
2026-10-06T10:25:00+00:00,Perakende,"Euro Bölgesi perakende satışlarında yön değişti: Yıllık artış yüzde 0,8",İstanbul Ticaret Gazetesi,https://news.google.com/rss/articles/CBMiqAFBVV95cUxOeXZKVkI1aFhWdm4yYjZRTDdrN1d4NkVaVzBNZmRYZjBmbG13RWFlUEJYSjYxbUdhTGM4Wmxkc25meWF5STZBV0JpcFdxcHNiY0poRHZGLURKMTdKTUJJTkV5WS10OTZmNnBGaWZlbzRkZktrcnl4Vk1JVThBOXp5c0xWeFZFdVhZYzBBSDlHaEp2bWpRMmxySEpUdncyUG5xMmVCM2tuUjU?oc=5,perakende satışlar,2026-10-07T08:14:54.784617+00:00
2026-10-06T10:12:52+00:00,Perakende,Euro Bölgesi'nde perakende satışlar Ağustos'ta arttı,Capital,https://news.google.com/rss/articles/CBMioAFBVV95cUxNckFibXF2ZVFNWlFBUUhnUHFNWUF4NmxDcldmaHphLTFTSUQ5cm9GYVMtYU4zTXIySHByVGh0OG9kNGhIbVZsVVRaV1kycHdrdkozWXdJX2FWTC1tQnN0d2xRZThxZlhDVFNCY1BCWmtLWDNHblNSYWFoby12d1JORTY2RVcydG1KYVNyd1pBUnlKeERjcG1IaVBkdjNlRXRG?oc=5,perakende satışlar,2026-10-07T08:14:54.784617+00:00
2026-10-06T10:05:37+00:00,Kartlar & Ödeme,MoMo: Uygulama üzerinden ödeme yaparken uyarı alan tüm kullanıcılar işlemlerini durdurdu ve yeniden değerlendiriyorlar.,Vietnam.vn,https://news.google.com/rss/articles/CBMirgFBVV95cUxNZ01FbV92UVlyNmx5Z2YyNlkxZWs2QlZQUEJ6S1FtSEdIbDdBQmYwM2RDb1JqTEhEaHIzSlRvQWo2RjFwSlh3cXhxbDdkYTlTYlY5dWZiRlJEeHp0YWJyYXZMTlhkaERZM0RPbnV5bW1iYlJHX0w4UHRvS19QS2FGT2g4NW8tSzJrbUpDMnhTdGdTMmNyRk85RUw1cFhwLUtRTVl1ZW5IN2NHSW5CVHc?oc=5,dijital ödeme,2026-10-07T08:14:54.784617+00:00
2026-10-06T10:00:27+00:00,Kredi & Faiz,İngiltere’de konut kredilerinde yüzde 6 şoku,Avrupadan Bülten,https://news.google.com/rss/articles/CBMimAFBVV95cUxNWTdZMmh0ZXk1UEpFeTBveGZ1cHRDakcyVXl1T2lucE1Hd2Z0bGE5QWRjWTMxQ2MwUXpJdHY5RWl3RC1hUUdCeTQ5RTdyeGJJZnZsb3c2ODloYlVoOWhzckNWdFBJZW1zeEw1WEYtVUhCTXZzTEJVLVdwdjdEeGp6Q0twUEZSWFFaM0U0SEdmX3RVd1hyM3Y4dg?oc=5,kredi faizi,2026-10-07T08:14:54.784617+00:00
2026-10-06T09:50:03+00:00,Perakende,Euro Bölgesi’nde perakende satışlar sınırlı toparlandı,Paratic Haber,https://news.google.com/rss/articles/CBMif0FVX3lxTE5Wc0E0SGV5SVdRRFdoZ2dTV0lQZ3VEQXpoT3MtVG1uSE9ZZkhXRVJkMGppa1VQQ2tTdzU5THoxeXM5LUJweGFWYjNvYnp2MHVTOGlsTXg0QnRtdlprWW5EaUJVT1FtQ1FrU1o2dTAzeTRuVDRJSThBbFJWMWd6ckU?oc=5,perakende satışlar,2026-10-07T08:14:54.784617+00:00
2026-10-06T09:43:00+00:00,Kredi & Faiz,TCMB (Merkez Bankası) faiz kararı ne zaman açıklanacak? MB faiz indirecek mi?,Dünya Gazetesi,https://news.google.com/rss/articles/CBMiuAFBVV95cUxNQUJpLXNrNzJsOXZSOUJLcmZGdmp4VFE4d1JjclJieGZzSG1JNWJfRTNlMi1uQ25uSUdjQ1hjY0YxYTZpODVxaFBHOGNvM3pCcmt1dFNDS3hyaTlqeHZZMFlKWm9wYml5ZDQ5UVdJNnhWOGlPVGpQUU1zOUZEQUhxZ3dGaTY4MWRsRjZYOGZKenJpMDBvV2dRYWRQM2wxckROU1c0bFFtRk1uMnc0ZkZyUEVva054UHh0?oc=5,TCMB faiz kararı,2026-10-07T08:14:54.784617+00:00
2026-10-06T09:28:00+00:00,Kartlar & Ödeme,Worldcard 35 yılda 40 milyar işleme ulaştı,Ekonomim,https://news.google.com/rss/articles/CBMilgFBVV95cUxNWmlFTnBjQ0pNOWV4YUNGcXNLZUpkY2F0eFBmRkcwSHNkZmItUHZ5Y2ZYYkhzdExJVG1EbWd2a1FOMXFaYWc0cGVOTjJmRVJMXzVEQV81RFlSMllYVThlQll6dGswdEM3RFJLdnV2X043YlVUMWJoX0Q3VkxUSlAtVHRBbW4xVDhhY21qbE9TYjh4SzJrUXfSAZsBQVVfeXFMUC1pb3E3SkFBMVhNS3RoUVVVdXpyWHR6LVRQY3QtY0NHWkQwMlZubWVDTGlSNXRHMDVsUGdiMmJZRm1uUW1FSWg5NnZWNTNJU1FkUHJobHh6WHNtazRSamQ4WXpIVTJsYjdyTjltc1otSWN4eEZBWVZFclFfU2gtaXlYdm44dUFfcGdjdTFmN3FoYkkwQjRKc1pYRHM?oc=5,kredi kartı,2026-10-07T08:14:54.784617+00:00
2026-10-06T09:22:32+00:00,Perakende,Euro Bölgesi perakende satışları yeniden yükselişte,ekotürk,https://news.google.com/rss/articles/CBMijgFBVV95cUxOYTluQmVGMm1lSzYzdWQwWHR5d3VuQ2VNdWZ2cEFHeURGWkZGN3FmcVBIcjVzVWl2Y2lZeE44ODVoUFpIemFnVnJrS0x2R0MtN0hTa21HRGR6UkpFemQ2UzgycWpIU25LTjd5U2JlNjlMclNaeVZxUGNLb2ZESUlnRnNZQVpwV3E2VE54eWt3?oc=5,perakende satışlar,2026-10-07T08:14:54.784617+00:00
2026-10-06T09:21:46+00:00,Kredi & Faiz,Merkez Bankası Ekim ayı faiz kararı ne zaman açıklanacak? Ekim ayı faiz beklentisi ne yönde?,Ekonomist,https://news.google.com/rss/articles/CBMi3AFBVV95cUxOWnd1bXFkcTZvZ3VnMmdIQUN2WVRndnFuY2YteXJXZFJLRTBVUGM1UFBtZ0hVLVJRU2lnRHJJcDdVa0JtbHF2ZE5fc1ZLWmtIUjM0YmJ3cVFTRU1vczFNV2hyYlJ5VEJXVzRRenVKdzV2M2k1NjBOcExqNGlOUUNVZkxIMjI3dHVHQUtiTk94c2JuWjFvSWJUczJPQk1fUjZKb2FaVjk1UnZoaDRUMXJFZHFOVEx3QUJkdHBKT0dDdXJvTkNVSVJrLXBHSFktMG1GZ19zNVNfc3dNMVY1?oc=5,TCMB faiz kararı,2026-10-07T08:14:54.784617+00:00
2026-10-06T09:16:00+00:00,Kartlar & Ödeme,"Togg'dan Ekim Ayı Kampanyası! 711 Bin TL Peşinatla Sıfır Togg, Aylık Taksit 33 Bin TL",Yeşil Afşin Gazetesi,https://news.google.com/rss/articles/CBMirgFBVV95cUxNTFZ0UkRZYjlrSnZjdFJLMWp6VkhRTEVNZlJsdnl2bzlwNFJiaG5iLTh0UGk3d0xMdDktcmQwYzB5STJlbkMwYmtaSHYxSEE4NG5WU3drOElta3NnZG9RUE9xNGlrRmhpc2EtcE9VNGp2SHpSRUU2MDduQTNtbjZQUVRxaGhmWlQ3cVRoWXBfOVlQY1NQMjVjd3NycnNHb2xVYTh1Q0VjZTVZVEI5M0E?oc=5,taksit,2026-10-07T08:14:54.784617+00:00
2026-10-06T09:13:46+00:00,Perakende,"Euro Bölgesi Perakende Satışlar ağustos ayında aylık bazda %0,2 beklentisini karşılayamayarak %0,1 arttı",TradingView,https://news.google.com/rss/articles/CBMiaEFVX3lxTE5mWnhXRzZ1NUF1OEg4SGVQSXhTeVJjZDlObDFvWUIxa1YyMVRnMndUR0FWVWdPSlpWY29hc1M3R2FmbFlMZGlnQUtNZzJVYlA0dzNYOGJ1MVlBYjRzT1lPRE9vVUhRZlBh?oc=5,perakende satışlar,2026-10-07T08:14:54.784617+00:00
2026-10-06T09:09:00+00:00,Piyasa Göstergeleri,"Ekim ayı kira artış oranı 2026: Kira zammı ne kadar, yüzde kaç oldu? TÜFE kira artışı hesaplama tablosu",TV5 Haber,https://news.google.com/rss/articles/CBMiwAFBVV95cUxOQ1Q3ZE5yOHNleWFIZVZINDZIVFBXdXBkdTM1NjROb2xDbWNkU3hIVnJvaHQxT3NqUDhUU3lON2RzcmJ5TURiaDVaWFpwNzZSY0xGbmpLWV9pZnZUV0h0Tml5YkNUXzRFTkpVYUd6V29XVU83RTNra09vRjVkYWlmaVdDTUI1bWplcDRQdGZkM3ZwSkZWbF9OUDlSak14czhBUVE5QVR1cnRwRDJuV280aGxvbEdpVEg1UG9RVlZLTXA?oc=5,enflasyon TÜFE,2026-10-07T08:14:54.784617+00:00
2026-10-06T09:02:42+00:00,Bankacılık,KAP *** PARDUS PORTFÖY BANKACILIK SEKTÖRÜ DIŞI ŞİRKETLER HİSSE SENEDİ SERBEST (TL) FON (HİSSE SENEDİ YOĞUN FON) *** PA1 *** Portföy,GZT,https://news.google.com/rss/articles/CBMi-AFBVV95cUxNNFpoNzhxbEpqTVhhdXpFLVdVMWJiOEh4bXk1Mk1tMTI4WHg3UjNWM1Q2MEY5Sjg0d082ejlCV2pEUFozSkxON21YM1ZWSUZoaE00eFp1TzdPVmNEaENsUUNpajFrcUE0d0hxN2hNeWl6Z0lNU0FkN0dWbmRCX29tdDEwNDhGeTZmS0hYV1p0YWVKbzdHa3dONnlIWi10UktPbVFXaWkxY2JEb1JaQ3EzX2NKTThkcGt1SC1remRhRnV4T2RNN0ktRTZvS1JfVENVeTFMR2JQcWl2NE9CNTZlMkEtWnF5UnFlVHFBYy13eHRqOHB2Umh5Zg?oc=5,bankacılık sektörü,2026-10-07T08:14:54.784617+00:00
2026-10-06T08:40:27+00:00,Bankacılık,BDDK duyurdu: 40 bin TL altı telefonlara 12 ay vade imkanı,Sanayi Gazetesi,https://news.google.com/rss/articles/CBMikgFBVV95cUxQQ3NrZnVyRDdhaWwtMS1RNUpLeDlhZnFXWDNaN3dXelFfdnRQNlBzaF91ZnBlaEpyY1BhQkIzTnJKX1VpcDNZX3pUWlJxd0tFaEFEaXR4aGtUTDNZU1dqWEJLWkhmaWdMdWQ3MUdqaG5vUC1lWjJPS1Jlb0dNcGdIaVBFdlpfaWF0QzRhNF95NjZ2UQ?oc=5,BDDK,2026-10-07T08:14:54.784617+00:00
2026-10-06T08:31:27+00:00,Kartlar & Ödeme,"Nakitsiz ödemeler: Yaygınlaştıkça, kullanıcılar için koruma kalkanları da o kadar güçlü olmalıdır.",Vietnam.vn,https://news.google.com/rss/articles/CBMiqgFBVV95cUxPZ0c3elIxaXFWWllFYWFGd0ZkbUxRNEh2aTRSeE1FZFd1aENoTHI3Z3RlN1B3aURqTnJHU3FibElVVmZPOHZJTEhMeS16ZDJUZ0trMXljTDlhektpQkZLRUJVLUFyQVgtX0ZMT2s0Nk1qczBqbmpzZUQ3TDZqeUppekg2ZFFkNERPMFB6QWduTWV5Rl9BQU9kRkFfNXVCZ1FuaHRKRmVPS1o5dw?oc=5,dijital ödeme,2026-10-07T08:14:54.784617+00:00
2026-10-06T08:30:26+00:00,E-ticaret,Çinli platformlardaki Ali isminin gerçek hikayesi | İş Dünyası Haberleri,GZT,https://news.google.com/rss/articles/CBMijgFBVV95cUxQNDlCUWtZRzBZVFBPc3FWR0NWYzNsMlVJdGJTU3ZtdzhBdURWcTdPLVVFMmhOek9SVzRZX1V2eWRRVEl0QnVaN2kwVllGNDNiSzVzVmZ1ZFNueFNvWUFqMmNQOTFLTVM0TVBhOGJZZlVqbnBUeDJrZzJRQTVYSzYwOThLM2I5dDVKWlhyM3Bn?oc=5,e-ticaret,2026-10-07T08:14:54.784617+00:00
2026-10-06T08:07:27+00:00,Piyasa Göstergeleri,Forex piyasasında dolar kuru bir ay sonra ilk kez 86 rubleyi aştı,Gazetem Rusyanin Acilis Sayfasi,https://news.google.com/rss/articles/CBMiogFBVV95cUxOb0kzeFVPNFpVdWQ0SlpvcHJQdGNzSEJnME96dTJ0ZHZPdmdYSHk1RTk4UDlmQXdaWk9UbG93TVRFd05BVHRMYVVTVWxkVmJXOUZ2a3pQdm5Qb1NSRUJVM0hrUGN4aFdRTVN6Q296cU8xdy1YNGVRaU5WWE9DWS1hMmdNa19KSFVtX2laOXZEVlNFdVR4LTFmd09PY2xCc285eEE?oc=5,dolar kuru,2026-10-07T08:14:54.784617+00:00
2026-10-06T07:49:21+00:00,E-ticaret,Bac Ninh: Dijital ortamda satış etkinliğini artırma.,Vietnam.vn,https://news.google.com/rss/articles/CBMiggFBVV95cUxQWkJSSm5abUxRX3ZrYUdkN3pETHZ0cUZFZlJjTjdhNFNQQmRsckZ4MzFpOVZxaVdjOXdtN2Fhc3MzQ2w3Um1hRnlBRi1VeU5LUmFsSHI0ejFnYmtROXhsQm9Ed1QycnFKQnZjOTRiMHVYZ1RfdHhtUVpPcEZjS2NWRGR3?oc=5,e-ticaret,2026-10-07T08:14:54.784617+00:00
2026-10-06T07:47:24+00:00,Perakende,Ho Chi Minh şehrinin ticaret ve hizmet sektörü güçlü bir büyüme yaşıyor ve bu da bir atılım için ivme yaratıyor.,Vietnam.vn,https://news.google.com/rss/articles/CBMijAFBVV95cUxPTUZmTzRqX0tmcTNyVWtXV2RjZ2lwbEpXS3duUWVqVU8ybUJQNEdIXzd2ZVlDQk5uWnFNbkpBRS1TSW8wWmtGYWdIVWh6UVlPamQ5QWQ3cXFlNmxNczNhUURaMmp6bEJSNHVyYkl3cTF6NVBGOGgzblpvcXlFYVFSOFlNdmIwcGJRY19FZQ?oc=5,perakende sektörü,2026-10-07T08:14:54.784617+00:00
2026-10-06T07:36:26+00:00,Rakipler,"Dien May Xanh, iPhone 18 sayesinde bir rekor kırdı.",Vietnam.vn,https://news.google.com/rss/articles/CBMifEFVX3lxTFBPR3VaT3d2T2hwWmUxSTd3aXhoRGhzTm9qVHpJREZfcEtJVGRfR3FqY3F1NE56TzA5WU50aWtRZVBiNUZ4YmMtZ3U2QnlqUVJZcFZfdVZRMXB4dG1MdHhiNTA2LXN6NVlURmRNXzlIYV8zY0FtNGNhbFhfaVg?oc=5,elektronik perakende,2026-10-07T08:14:54.784617+00:00
2026-10-06T07:16:37+00:00,Perakende,Macaristan’da perakende satışlar ağustosta ivme kaybetti,Investing.com Türkiye,https://news.google.com/rss/articles/CBMiuAFBVV95cUxNVnhCNUdzVV9acXhkbF9xQ09kVkZwQ1J2ZjRGOVhuTmlRbDM5cFFJeEMtV3J5RXFJQ1dkaC1ldy1pQ3BELUNEU3hmM0N5UTdLV2I5UHBKeGI5a0tfY2d4a1pPalFDUFJYX1FjNlVCRU1iOE5wcC1jczFHSDI4UzBMVmw5MDBUYWFtblFVa2FpenBOVHRzYUZ6WTF6LVNYM0pvOGVudzNRa0ZMY3ZROUVCVnJldTdKNklk?oc=5,perakende satışlar,2026-10-07T08:14:54.784617+00:00
2026-10-06T07:14:20+00:00,E-ticaret,DHL eCommerce ve İstanbul Üniversitesi’nden 72 Saatlik E-Ticaret ve Lojistik Eğitimi,Kamyonum,https://news.google.com/rss/articles/CBMi1gFBVV95cUxOR2VReVpqamlGYmZMT0dqbTd4NzJXQlNUWTZZNkpXcXZtSVRGVUh5MEtCQmlTLUMtbmwxNy1rNkN1ZUxFYll2d1oyeC1XTFhMV2ZXYkRSU1hOYUtzcHh2bmJyZGdaYjl4MFB3SjAtQ1FEYXBOWWZERWxITThTRjlrRlJNMnJoNEpXVER2a1prMGprLXowNmJyR0tKbzllcFV4WE1qWWZqVUYydFZQZm1RTEYyOG15OWluUTNjQ2k5bm9VVGRodUl1QnRpOExPd21wSU1uS0JB?oc=5,e-ticaret,2026-10-07T08:14:54.784617+00:00
2026-10-06T06:45:38+00:00,Piyasa Göstergeleri,İstanbul serbest piyasada döviz kuru analizi,Ensonhaber,https://news.google.com/rss/articles/CBMihwFBVV95cUxPUjNxYVJQOTExV0J2OWJMdWI5OGM2aXpacW90YXNIVnZuX2ZvTlhWcmVEX2dQckNnVDM1NHlMRWtGTXlIUngzVFFYaE1LNUhDNXE2SVBxQ1Nob0JDT2hzYURrb2VZbS11UV9yWURVLW9EUi1BMGV5ZkdqMlBVeGFqbWtZR2Z1bmM?oc=5,dolar kuru,2026-10-07T08:14:54.784617+00:00
2026-10-06T06:39:00+00:00,Piyasa Göstergeleri,"6 EKİM 2026 DÖVİZ KURU AÇILIŞ: Dolar ne kadar, euro kaç TL? İşte güncel döviz kuru fiyatları",24 Saat Gazetesi,https://news.google.com/rss/articles/CBMibEFVX3lxTFA3NjhFMXFBaGFPLXJKWkR5VjQtY0Z2TGtsdmJRZXVKdXFoS25wM2xUZ1F3SGJITnlrZUc5YkNmTHRvWTdmV01Mb1VyRXIxSl9WaXNISWZvR24wZzFTRUd2b1VfNkYtbVE0eDA5QQ?oc=5,dolar kuru,2026-10-07T08:14:54.784617+00:00
2026-10-06T06:38:35+00:00,Kartlar & Ödeme,Yapı Kredi’nin World’ü 35 yaşında: 35 milyon müşteriye ulaştı,ParaMedya,https://news.google.com/rss/articles/CBMioAFBVV95cUxOMGdnNU5xXzJlWlpvQ3NnLTNzcTF5a1FnLVZ2Y0lzXzVGUXdpeWo3ckhmOE5GSFV3cl9NdlB3QWZka0dHM0NKeDBhNFE2U202NVVjTHd1ZEFSNTh0ZHd5OHV2Q1plMDh3dENNU2RpOThuOS1YM3VqWm5Gd1NCd1JwNzQ4REhQbGh1WGxocWhuSzZ5TGVrUzJyVjJjaWxMM2g30gGmAUFVX3lxTE9ndTJEZ3JXVmZIcDNiVFc2Ty1lTWQtUUlLeEoxSTdoTm1VYzB1Q0NXOUxuYmVSZHc3WWZCdENTSVFqeGtaSHNwWUdObkRuR1dPRnRWYmdxQTRfRWsyUG82MWc4R2dBQVhOSnYyYXFTc0FnWGxxUWtyZG5YR2hPV1ZMYmxTNU5BN0JNUHhwX2tFY2l4a3hTOHM1WDVSekhTX0NRMElSUEE?oc=5,kredi kartı,2026-10-07T08:14:54.784617+00:00
2026-10-06T06:38:00+00:00,Bankacılık,"Takipteki borç 900 milyar TL, sorunlu krediler rekor kırdı!",Haber Global,https://news.google.com/rss/articles/CBMingFBVV95cUxQUlhuTHgyWUZWMDJPQy1ySlhQNmltLWt1Z3V1VVRoNG0zSkR4NFAtVDVBM3dzNmpaQ01LZFNFbGx6V28tNXBmYzNraTU4MC1iUVJWODNWbGJmd1FHcWZjSTFGTmI2WnNad29IaGdLWFZkcDh3ZjRvM0xvTmJ3cTVsMVdBNlpRc2N3bkNZdFotay1iTzM2djhza0FIOGVBd9IBowFBVV95cUxQaldKN0FlWkpORGFPNnFlSm8zSE9Sa3huM0IwTXpKUkR0d1FrSVVRUkk1LU1jWEN0Vi1VcWFLUkE2QUVreU1IRFhVNGRMbGszSDZwZ1FiWEFCNi12emlhQ0pJcWRzVWJHWXZUMWl1RW1EMURjXzloajBGaUd1Uzd3cWpNMlZRMXhRbFdDQjZEZHJVazQyWHo2QXdPQ0RXR3JYX0pZ?oc=5,BDDK,2026-10-07T08:14:54.784617+00:00
2026-10-06T06:30:01+00:00,Piyasa Göstergeleri,Dolar ve Euro kuru bugün ne kadar oldu? 6 Ekim 2026 döviz fiyatları…,Bloomberght,https://news.google.com/rss/articles/CBMiqwFBVV95cUxQcmVjTG1KRzQ0WDdiTTRDTzAzcHlrV2dPc3dobnBsbno4azBiczJiSlVpMUV2SU1rSFN5bk9idzlpQjBMNEpKeVZQR3NfSHlWLTRfeHRGY2FpWVFrWjJ1Z2NhS040X3B2d2tIVmo5bFZKZkpVUFFFbFVYRV9SendiSF9HdkNIRGFVcVBSQVNyZE9ySDd4V1NzWmtHR1lrWk9fZlJLUURfZDh5ZDQ?oc=5,dolar kuru,2026-10-07T08:14:54.784617+00:00
2026-10-06T06:19:10+00:00,Piyasa Göstergeleri,"Bugünkü ABD doları kuru (6 Ekim): ABD doları, karaborsada 26.000 VND'nin üzerinde bir fiyata satılıyor.",Vietnam.vn,https://news.google.com/rss/articles/CBMimwFBVV95cUxQR2I5TWh5c29qZFMwelNOUTJwMGh3a2dRSXdKNjdsaXV2d09SWmZhY1lPajBrLVdLbjdtOU03anh1UjNHRkxQSDJSRVJiaU1kQkJtaHVkdUtQZlE2S0NwU3NVY3ZFa3gyZTlLWERXZ18xeUw5WVI0V3d1TDltSUtvaGRkUVZsejNEcFJTR3A2S21ZRy1mZldCYUVwaw?oc=5,dolar kuru,2026-10-07T08:14:54.784617+00:00
2026-10-06T06:10:00+00:00,Kartlar & Ödeme,"Dijital ödemeler 'hızlanıyor', ancak tüketici borçlanması risklerinin de kontrol altına alınması gerekiyor.",Vietnam.vn,https://news.google.com/rss/articles/CBMimAFBVV95cUxPbXBDMGJCbThVTExlUzdpV05zVUw4NzF0MFJvY1lpVk9IT1cxQ2VseTYycU5qbUhyR1ZZRTFnZWg4TGlvOHdxSWt6UzhBaU9YWk13NjV5clVENzY3ckFNckpkNlZnYm1GUTNxalBEWUJPTTgydndhUE5kMVVqekJHSzBLVEFfX3RSdFNlZDdnRnZLVVpqZkJTcg?oc=5,dijital ödeme,2026-10-07T08:14:54.784617+00:00
2026-10-06T05:45:34+00:00,Piyasa Göstergeleri,"Tayland’da TÜFE enflasyonu Eylül’de %2,82’ye yükseldi",Investing.com Türkiye,https://news.google.com/rss/articles/CBMirgFBVV95cUxNY2UxTmhOV3kzVTVFcURETjh2UWlGZHBFLU12eGdGaDJMYUdJSUpYOF9md29HMTNSclpKZ2ttV0o2S2x1ZUxPSE1zYVRidC1yRW9DZ3hVVE5oTTV1T19UZEFaQXNCSncxdWx0VDFQbGFzbDZobWEzVnprb1Rxc2NSbE1maVFVWGtQa1BjMENVZ1BFYkZvSG1MeFhPVlVBZWJrQnBlcjNybk9kdC0xWlE?oc=5,enflasyon TÜFE,2026-10-07T08:14:54.784617+00:00
2026-10-06T05:13:00+00:00,Piyasa Göstergeleri,"Dolar bugün ne kadar, euro kaç TL? 6 Ekim 2026 döviz kuru",Bursa Saati Gazetesi,https://news.google.com/rss/articles/CBMijgFBVV95cUxOX0ROMUtZdHZ0dzRzTG14MnctSTBpaEJFOWdnSjN5MmNOTUJmbmFwY3l0U3FsVDZ3SHpqU0R2eEVlTHd2OThPU0RyQ2RTTnozOXVTa3hlOXMyS2FZU01yOWR2dU1xdlFsbnEyRWJLZ0FJbE9WWFgxN25WbkpVOUpFT2R6eEpxdDh6aTE5dHV3?oc=5,dolar kuru,2026-10-07T08:14:54.784617+00:00
2026-10-06T05:08:32+00:00,Kartlar & Ödeme,"Dijital ödemeler, Vietnamlıların finansal davranışlarını değiştiriyor.",Vietnam.vn,https://news.google.com/rss/articles/CBMijwFBVV95cUxNa012S05fbnMtOFVoSEVyWXNLci1xcXhHY2UyUkNFc1V4VWFVNnEtbU5vcnNhaWdFTE5Ld0Q3eXRwcjhGTHhpS0FKOUdiZXdGOHhsc20zWGFENGEyVW1kM2c4TVNCY3l1UTF3LUFqREhIc3JoRGVjZzNQNTAxZzhFeDJNZTYyaHBpYWNwSllHZw?oc=5,dijital ödeme,2026-10-07T08:14:54.784617+00:00
2026-10-06T05:01:04+00:00,Kartlar & Ödeme,"Fon krizi ardından uzmanından ""tasarruf finansman"" şirketi uyarısı: Taksit sayısına değil, verilen teminata bakın!",T24,https://news.google.com/rss/articles/CBMi2wFBVV95cUxNR3Z3N0lhVW9KMG1vSWkxMENDOTdzNDRCelZDSkh5MFpUbXhCMTRZaXl4X3ZXazRPZEg0R0E0emUtNDFNc2ZlcDhUamVTYzMtMlN6WnBhZ3IzLUR0MGoyWXlsNmk4cWN4Vmh0SzB5MENFMmViSmtzVk82Tlk5dTRtalNmT1BndUJyV0EwbTFiRGd1VHptWEhkcHloT003bjRsaDAwU1owekxSamdqcDdzM0RwdDJURHNnYlZJM3ZYU2lCRFFXNnBzQV9CZjgxSE5CVFlmLVVVS1F3V1k?oc=5,taksit,2026-10-07T08:14:54.784617+00:00
2026-10-06T04:59:59+00:00,E-ticaret,Dijital Pazar - modern bir e-ticaret platformu,Vietnam.vn,https://news.google.com/rss/articles/CBMibkFVX3lxTE9CSWpyRlYyVm1wQVVjd3F5Y2NFUUlnRWU2UGFSMW1JLXE5dkdHZWZBTHlkenI2SnVPYVZKNTNFb3o4YUNQY05kNVRUNUsyekZDWjVRYnhHeWg3ejFZRzl0NVFRSjRsZUhjekpXODBn?oc=5,e-ticaret,2026-10-07T08:14:54.784617+00:00
2026-10-06T04:41:53+00:00,Bankacılık,"BDDK DUYURDU: Cep telefonu kredisi ve kredi kartlarında yeni dönem! 2026 cep telefonu kredilerinde vade sınırı ne oldu, kredi kartı asgari ödeme oranı yüzde kaç oldu?",Habertürk,https://news.google.com/rss/articles/CBMi2AFBVV95cUxQSHAxSk1TMkVpclZwUDBSVjhDbzBTa2E0cDc0dXhEM3Zqaml5QXNwODJrZE5CdHhXZ2tpc2xZRHdqQXhfY29aRklFTnFnZmhyUnhmbVJxMmFfV05fNnRZZFgyWTB1SHZTOE96YjNfdkl3UUtNcjFMR183aTlPYkh0SjlHQkc1Y2RDOUlGTklxSUhTZjAtd2FGR0VKT1oycEIwVlFhbjJPTC04THQ4V3hpbmJFdWlWbEZ2T29OdDBjWDAyV0NidFdUNVFxcVlRRGxWQ3NsNlN2TS0?oc=5,BDDK,2026-10-07T08:14:54.784617+00:00
2026-10-06T04:40:00+00:00,Piyasa Göstergeleri,"EKİM AYI KİRA ARTIŞ ORANI 2026: Kira zammı ne kadar, yüzde kaç oldu? TÜFE kira artışı hesaplama tablosu",CNN Türk,https://news.google.com/rss/articles/CBMi1wFBVV95cUxQazdCbW1GSlZhVGVWSmhZdldYVUhUVDh5QVFUdmZWaExZUzk4VWJUc1luSDhjYlhrR2l6OTBnRlhvdHVEZDkyb0ZvSGlVVzFwSWF6bzRpMlJxUWVqRTdGYjN1dU0yOWlOTzZXRG9BTEVERjQ1LUNMZWp1VEFEMmItcW56dEl3MksxODBCRF84VWxyREhxb28yUFJDaHR2Wk9YNk5Ld0pRa3Q1eWZ2aXJ0Vko5d0t4Y0pMN09mazExMXF3ZXRUM2xMbDFHaXZXTnFqLWxBYTFNcw?oc=5,enflasyon TÜFE,2026-10-07T08:14:54.784617+00:00
2026-10-06T04:30:00+00:00,Kredi & Faiz,Enflasyon sonrası gözler TCMB’de: Faiz indirimi beklentisi güçlendi,Ekonomim,https://news.google.com/rss/articles/CBMiwAFBVV95cUxOTFlWTDlrVGdEYzR5Q0RNSC1QdTI4NW1rVENuTlJaY3hfbWJ0amxNZTdTdWhsbUl0VVRuTjVfQ0hMdk9CTE9rWnA3QkFtVE5fVmhDcUJiS0xKYUxsNzFaRHU2Y0RNd3dBbmpmS1NlWmVHbEt1QWIzcmFHNnFhTGdTYjEzZUxJcHBZckRISHJ0Ry1OMmxxN21JTW9zSDcyZ0hsUEFGeXlGeEt2RVZXUXFNUGFHTk5mQ3NFVVp2SmU2dlA?oc=5,TCMB faiz kararı,2026-10-07T08:14:54.784617+00:00
2026-10-06T04:25:00+00:00,Piyasa Göstergeleri,"Dolar kaç TL oldu, Euro ne kadar? (6 Ekim Salı Döviz Kurları)",Dünya Gazetesi,https://news.google.com/rss/articles/CBMiqgFBVV95cUxNU2t0NGQ5MmJBVnQ2OVV3QnVWcXJ3UVhJamEwc1hLNHJWc0YyVmVzRFVGWkhmaXFUaWhEdzkyNU5iZFVqRkVjNmdKNXcxRmRNcWQ1OWxkOFdmbmZjemh4cmhabzR4YkNZSllQc29wQlpNYnU1RS16WnFUQlZ4UUt1d2N3cTlIQXBxaHFOdnV6SkNKdDZWNkN3dTZwVm9uUXpZU3BuLXdnNC1YQQ?oc=5,dolar kuru,2026-10-07T08:14:54.784617+00:00
2026-10-06T04:18:00+00:00,Piyasa Göstergeleri,ENFLASYON ORANI EYLÜL 2026: TÜİK ile enflasyon rakamları yüzde kaç çıktı?,Sabah,https://news.google.com/rss/articles/CBMi3wFBVV95cUxOcS1OVExJOHpQZl9tSWRWX2h0ZmdrMjRRdlREa1NYS2lzZjg5NjNHZmNQR21IZkNVZk9kUEtMMGZFYTBWZElXaWVOcWwydjIzQ1l6X0VkX0MwamVXQXQ4Sm40RF8ydGxjQW9BZldRZDJMY1BKdzEyUWdKU3dXTTF1VDVXUHBYWWU0a3BITWZ6SFktWEJiU2xscnNGSlZQTXY3SFNkSjJFY0dpV0ROWXk2TXdyYzVyVlo0REFWM2xPamdnbnJPeUwwMVN6ZzFLTzVGRW43bE5zUGFYMC1VMHA40gHiAUFVX3lxTFBPY29zVUVOUVlYYzJxMjA3SVhFT2NiZHU2MmthMlNJc0dteXdWWElsVDR6SUhzaXpBaXJrUDBjSzhGWU1jZXgxUFYtd1kxZUVuT0QxRkcwR3AwdHVoNkcyTE9LVDV0SXhHTXV5cEljLXB1TXBLbThrLU5NUUpnQnlJbXFsbnN6TG5VQmd3ODU2eDRXLWc4NWx3TlBSLVNCZ0o4azIxS081VWl6cTY5aEhRVEotTW1lenNTNmk2cWxQUTUwMWFFWUJ6S0RQQTZHeWs0OEpkRVVDVUhaRFVWeVk0Y0E?oc=5,enflasyon TÜFE,2026-10-07T08:14:54.784617+00:00
2026-10-06T04:15:00+00:00,Piyasa Göstergeleri,Dolar/TL bugün ne kadar? (6 Ekim 2026 dolar - Euro fiyatları),Ekonomim,https://news.google.com/rss/articles/CBMirwFBVV95cUxOdWFJNWNSUWVOd080dC1SWkh1V0w0aHdETDhyWDl5X20wVWl1dlRJQnJLSnZxakh0T1hkMFltRU9uQ2c0X3I2b1k4NmM0TU5JLVJNOS1WcEdqN1BLNkNWbGhVZDllVEdrS1R5Y1hQUC1leFZlU1pXYkMxMnp4TWZoZW9EZE5BU09XMzkybGt3Y1FMdXc5Q0dZemgzTXhkcDhQVEZPV1RUeFVESk5zSVlZ0gG0AUFVX3lxTE1VNndGQ3dpYU90d2lob1J4aGhiLTFSbnNJQUVJTGtlWnRuSXpUelo5ek94anB0a1FRSVk0U0xkMHVGazZQSXJnaVN6d3hUSTgwZTdnSEFpUEo3NEcxYWZ4VHNuTDFSUmNoV1dfSU9wVEhOeUR4UUc0LVFzUDFYSTNwMFZndEI3dUN2eUhxRTBZQkx6UmhQeEdONnpKVVRnYWFxSkkzc2RiOHBJM2tNcnAydnhqSA?oc=5,dolar kuru,2026-10-07T08:14:54.784617+00:00
2026-10-06T04:06:06+00:00,Bankacılık,Halkbank'ın halka arzına yoğun ilgi,Sabah,https://news.google.com/rss/articles/CBMigAFBVV95cUxOaFZDbWkybTdSMXpxTUtzWUtwTjQ2QndRZlVtZGJFYzJ4Wm0tQUhaR19VMmdOREoxNFJTVTNhMEMzSGc5QWdXZDlyVktMSVZLT1ZMMkswemxZY3U5Nko5V3ctUmxpTlhqeGwxVGZLOGM2MS04UUNPZHp5SEtmam5OOdIBgwFBVV95cUxPZ2xrcll2V2xUdzNaRmUwb291NEVfWERkc09UOV8wVkcwTTZCWEVtdTJTbm92VXl6TVV6Z3lYR25kZW1MLVhtX1VBaG44ZDQyd1NOWGZnbTR6MVFwaTV0N2ZlT19qNTBuU0JIV0dGdUtxazF3cEl5dHlWUlhUTzBybWZjMA?oc=5,bankacılık sektörü,2026-10-07T08:14:54.784617+00:00
2026-10-06T04:00:00+00:00,Bankacılık,Mevduat Faizinde 3 Yıl Sonra Bir İlk: 1 Milyon TL’nin Getirisi Değişti!,Konya Yenigün,https://news.google.com/rss/articles/CBMingFBVV95cUxPQWNjU20tUkg3VHNLMjBHQXBIYXFPOVZUYXZnUmVUNi01XzI2cHUzY2NOWmtQa0dveUljWnpVMDl2TXBScjVLR2F5ekF3a2ZhMy1YM0hRVmo1dTY5eTZabV9NeF9uUUxnUGpNbmZmN3k3TDJyNkM0azlyRXMzUzFVU3N2Vm1FS0hVRDRXdlN1TDZpZ1hKbzJhTTBtR0dmQQ?oc=5,mevduat faizi,2026-10-07T08:14:54.784617+00:00
2026-10-06T03:46:49+00:00,E-ticaret,"Çevrimiçi alışveriş: Fiyat konusunda rekabet edin, güven oluşturarak müşterileri elde tutun.",Vietnam.vn,https://news.google.com/rss/articles/CBMijgFBVV95cUxNa1Z5bkRoVXZnQ212SVktb2Z5Zzk1WDB0VDJQakNwUF9LajlyVUtEaHhVMWYwT3Z0Q1gyeHlCZmJoZGlIMGxodVVFcWhFeW5ZbjloSEdiUjItZU1WNG5zUWFCellCbHNoTExEbDBUSUVvTnhGcER6dEdXWW81TXJ6NTBpdzBrdmNzMlhYS1FB?oc=5,online alışveriş,2026-10-07T08:14:54.784617+00:00
2026-10-06T03:20:07+00:00,Piyasa Göstergeleri,Enflasyon rakamları açıklandı,Anadolu Ajansı,https://news.google.com/rss/articles/CBMiekFVX3lxTE1lYzJHWS1nVXBxbnktN3lGMklfTWJJVm9YcXpEZFFzSTNhdTNaWjdVUkdZOHAtNXZWZzRudEpnbFV5Wmw5NmFSUkRFR1JGNjh6OTBUNGlIMVJkYnd5c3V5ME9GNmJCbHFwWTBQV3piS0NmUXNhNmJLcEVR?oc=5,enflasyon TÜFE,2026-10-07T08:14:54.784617+00:00
2026-10-06T03:10:07+00:00,Piyasa Göstergeleri,Avustralya’da tüketici güveni beklenenden fazla düştü,Investing.com Türkiye,https://news.google.com/rss/articles/CBMirwFBVV95cUxQRkJaX2pKeERPaXBkM3JvR0xGREctYmlLLXBsOFZLRUhKWFpnYWZHUnFCeThBdlpxTTRfRWROa2xmenRiQlJZRF9tTjNoZWFwYVZ5U1k4dUFTa3E4anpZTFUwaXY4SGVMZm5nZTZ5MDhVc2dfMUdGVjQ1RUhTUVB6Q3A4NEJhZjBLeDlnellIMWhzb2RQdGZHM0tVNzVBcmtTSHdqSFpDZEM4WlB0Z01V?oc=5,tüketici güven endeksi,2026-10-07T08:14:54.784617+00:00
2026-10-06T02:55:21+00:00,Piyasa Göstergeleri,6 Ekim'deki USD döviz kuru: Yükselmeye devam ediyor.,Vietnam.vn,https://news.google.com/rss/articles/CBMibEFVX3lxTFBMaHk0WE5oZ05CYXNZU1MxbUxIQ0dseGZHMkE2Y1BiMTlmUjdfSTlseEx2anZGbzhBekJwbGdVQU9vS1ZBOWszbFZUc3Ffb3MtRGRib19XOFgxNUdDdFV1Z3NEMGFCaW9mR1dBVw?oc=5,dolar kuru,2026-10-07T08:14:54.784617+00:00
2026-10-06T02:21:38+00:00,Piyasa Göstergeleri,"Döviz kurları, USD/VND kuru bugün, 6 Ekim: Euro, ABD doları karşısında 17 ayın en düşük seviyesine geriledi.",Vietnam.vn,https://news.google.com/rss/articles/CBMi0AFBVV95cUxPakh0RGFSVmlGRGhmbjNLVzBSUVdoa21Hcm9CM2Q5dzN6WVFnbWtZbC1hTHdZQ21XN2tSR3p1TlY1RkYyam4zTTB4Y1JuSFJuNTRVdThrQXNQUmFycVhfYmtBWS1NRzY5ZGY3cjRoVmItMlEzZndlV2JGdDNFbmFiSDBTSmpHa2R6OGlSQWdFQ3RoNlhWaU5GSXRBQ0lTSUdleXJRWUg3cnZPUHRiQU9XYlhFOVpCQU4wSzFxaE9ELTRzODVXM3Z2eTRmNEFjdDA2?oc=5,dolar kuru,2026-10-07T08:14:54.784617+00:00
2026-10-05T23:42:16+00:00,Kredi & Faiz,"Yüksek kredi faiz oranları, konut satın alanların sayısında ciddi bir düşüşe yol açıyor.",Vietnam.vn,https://news.google.com/rss/articles/CBMidEFVX3lxTFBiaENvcTNXaWl0eXlQZnZtZGhlN3lSdHk4VmpGTExqdzJNV19RTDhpT0VZeGVUR093bHJvUmloeVFoS3JNY3VGM2lwMGpPaElkeDF0WWZoM3BBMDM5aXFTV2NhZmQ2ZkVyZGlPMVlIMVA4N0w5?oc=5,kredi faizi,2026-10-07T08:14:54.784617+00:00
2026-10-05T23:36:08+00:00,Piyasa Göstergeleri,Bugünkü USD kuru (6 Ekim): Avrupa'daki belirsizliklere rağmen USD güçlü kalmaya devam ediyor.,Vietnam.vn,https://news.google.com/rss/articles/CBMinwFBVV95cUxOeGVfZ1hpeUY5aXMzellrUmpmUnU3YWNwOVhuZXlTazFQd0QtMGg4X1lweVdlbVVTamRmeTY4MUthbEdJN2haTmcwVVZ0UnhZN0VUQjFPRTVlSzhKcjN3NUFmM1l0UWNKLVkwZVJCanN3ZjJQTzE1X0w1WFV1WU5CSGRxaVlRNXhmWXZlaURqbVEtV25zc3k0alh3b2JDY1U?oc=5,dolar kuru,2026-10-07T08:14:54.784617+00:00
2026-10-05T21:40:40+00:00,Kartlar & Ödeme,Yapı Kredi World 35. yılını kutladı,Anadolu Ajansı,https://news.google.com/rss/articles/CBMiiwFBVV95cUxQcFBYVkcyQlFkWVFWazQ1blJXSVFLekZsa3M1S1BON2VvM0RxTEZQVVRUMFZnTmVXZVh4V2NSdHhuREt3M0tFc29xLXZHeEkyRzhCQ3hFRWIxSzlXMnhWUnpKRDEwU1lpYktuMFhmREdzSEtPQlVLX0t0THFIelZ2WDdmWDBvWkZXaTk4?oc=5,kredi kartı,2026-10-07T08:14:54.784617+00:00
2026-10-05T21:24:02+00:00,Piyasa Göstergeleri,Eylül enflasyonu sonrası kira artış oranı netleşti haberi,Borsanın Gündemi,https://news.google.com/rss/articles/CBMinAFBVV95cUxNNzVHcjFEVXdocFRzR2J2TnNtUG95YkptdkFwZmFyMzdBM1RBS1lDZExmMjR1SVktMU85eUVtMlpGb2dBRjdwTVlZWmJPMlBhV2pCZnJHMWZJOFVCZ0NhWWRoWWVjT25DSWs1c3ptMGlyZnpMSkFOOWh4UzFlRlg3WHpMTFVxMjdzcWRkRzVUS0JwNWJ3Zk02SzhjZkU?oc=5,enflasyon TÜFE,2026-10-07T08:14:54.784617+00:00
2026-10-05T21:06:11+00:00,Kredi & Faiz,"Merkez Bankası faiz kararı ne zaman açıklanacak, hangi gün? Ekim 2026 TCMB Merkez Bankası faiz kararı toplantı tarihi",Habertürk,https://news.google.com/rss/articles/CBMi5AFBVV95cUxQYW5LTHp5aTRJM0JYSkkycHBMTGx0dm1wSXU1QUE0ejFfSE53cEhzS1ZzVXptaTNVYTUwRGNMUzBhNTdTNmpvaElHSmVEc0U0NWpXUWRkc0ZZQmhzNWgwd1FqZjF3TzNHUWNlM0xFZWh6TllyVi15SlZyaFlwRzJnaDNtQVc0T0hGOUJiNUVRN24yUWk0R21UeDlHQS1rR0pub2MwaTZrckFzOHlUSHlOUFF6YW9iUmx6b0FEblZzX3ZKZjRMcVBCSDRhb3pMV2t1UW82YWZxakFnc002alFlQVQyNm8?oc=5,TCMB faiz kararı,2026-10-07T08:14:54.784617+00:00
2026-10-05T21:00:00+00:00,Kredi & Faiz,"Ekimde faiz indirimi cepte, ya aralıkta?",Ekonomim,https://news.google.com/rss/articles/CBMiigFBVV95cUxPeFc5NHBXN0xkMXJpeXMyUG9qcHI1TzUtcnJLek9aRnQ5cW9NVUxTOHpWcEh1Tm9qMHNZUWJQbm5RODc3SmZCLWgtdVZ5TDV1Y3hFTWRRckRfNGlvRWRwLTZyZHNxQU1jbVJTbE1EZHdOeEJmdjhoczNaelc3UUs4WlNyclRMTF9fLVE?oc=5,kredi faizi,2026-10-07T08:14:54.784617+00:00
2026-10-05T21:00:00+00:00,Piyasa Göstergeleri,"Oldu olacak 5 Ekim ""Enflasyon Bayramı” ilan edilsin!",Ekonomim,https://news.google.com/rss/articles/CBMimAFBVV95cUxOM3ZISWpkSU9CcnV1VWZ2cnF0ZnIteHJVbUZxUUM0ZTJGdFhnOVo2N3l5TWotT0pHbWZjd182NEhhZm4zdm1YdEdLLTJQRnVXbllnV05DY3lCSlJMOFg0SXQzSzF0a0VIVkdNQ2V4REwyLVlGX1NwV2F5Q3hsdDcxTnBmTGRqdDdvQTk5YTRwTENidFRPazZHUA?oc=5,enflasyon TÜFE,2026-10-07T08:14:54.784617+00:00
2026-10-05T21:00:00+00:00,Piyasa Göstergeleri,Murat Çabas: Enflasyon rakamları düşerken alım gücü neden eriyor?,Yeni Mesaj,https://news.google.com/rss/articles/CBMimAFBVV95cUxOSXhOM0tEVjZJMEsxNlBSRExvWkJsbF9FOFhNTWppdGZDdi1fWGl2dEM4emFaNU5mcklkb2hhMl9XZjcyUng1enByZTVkYXVtLTcwWWVXdkg4WXlDSGd5b2xzQUNRNHc0eVFkZUVCeWs2cXEtQlVqc0duWnVjUzlReDhfZ0lsUTNIakhHTFBHT3ZoQ2l1OTh2Yg?oc=5,enflasyon TÜFE,2026-10-07T08:14:54.784617+00:00
2026-10-05T20:37:35+00:00,Bankacılık,"Avustralya Merkez Bankası (ACB), 5 Ekim 2026'da mevduat faiz oranlarını yıllık %8'e yükselterek tüm bankacılık sistemine öncülük etti.",Vietnam.vn,https://news.google.com/rss/articles/CBMiswFBVV95cUxQc0JUQ2JZTFpNWURWMlVzeUIzb3BIN3BYZ2N6dmZOWVE1T3k0a3pyNFR6Y0lIR2FyWjRHa2txY1REQ1YxWktUQk0zazMyNGt2YlJrZk9MSmFOUWd5WTBkZmFyTm9FaV9udHFrdTZrUm5QN1VZZmNWTkY4T0lsTVlOUkl6ci01MVhsTWFtaW1PaWhJUzAyalY4d0k2YUhuMU1sVzQ1cHNRR01XdVZhRVo4X3BzYw?oc=5,mevduat faizi,2026-10-07T08:14:54.784617+00:00
2026-10-05T20:36:57+00:00,Bankacılık,"HSBC'den Türk Bankacılık Sektörü Raporu: Marjlarda Daralma, 2027'de Sıçrama Tahmini",Para Analiz,https://news.google.com/rss/articles/CBMisgFBVV95cUxQQUxhOUJ4U2EwSm5LX3h2dkxueC1yS1ZWTVdOYnBPeHVSZUZjQWcyekJXaC1tTmpYUlpzQUZzMlZ1ZjlqWXJMd2hjZ3NKLXVPWkFaZC00MGVjWDVfQjRpb19MVGpaRFRKbVdLejRHaHJvZUQ5b2pBb1U4THlEQnZldVlJY0xuNE42cWFQTnlBV0xGOHdhMmwwb2pDMXZYZjVPSnlKRkU4WGlkdkhwWVRILVNR?oc=5,bankacılık sektörü,2026-10-07T08:14:54.784617+00:00
2026-10-05T20:12:02+00:00,Kredi & Faiz,MERKEZ BANKASI PPK TOPLANTI TARİHİ: Ekim 2026 Merkez Bankası faiz kararı ne zaman açıklanacak? Faiz beklentisi ne yönde?,CNN Türk,https://news.google.com/rss/articles/CBMi7gFBVV95cUxNZzdubUc0d29DRGhUeklURVhfcjBxRUdZS3Q0SHFtNDFxQmdNYlJ3NEdJZFR1Z0otcGpIeUR3MlI0ZnFkb2xHRTEwOHVtaEFrRnlUZG51N3dfOXQ4bkRVX0RwbzNleHUtcFo0ZGhuVEtCczBOMTVab19DM3RBdGJYa1VGaVpCckJzelVPanRoUk9PbW9VZUxWR0F2UWZKZHAyNS1OVWVpLVlSaUdIc1RJUVhRZWZTUUJiMDBid09WSjJzTE9jUjg0ZGNDNG1RRm1VbjRlaXlxRF9IZTRoRWRQYmFKRWpJcGYtZ2ZpVnp3?oc=5,TCMB faiz kararı,2026-10-07T08:14:54.784617+00:00
2026-10-05T19:39:25+00:00,Piyasa Göstergeleri,Yıllık enflasyon yaklaşık 5 yıl sonra yüzde 30'un altına geriledi,Anadolu Ajansı,https://news.google.com/rss/articles/CBMiqgFBVV95cUxOZDItY3pZbU1QVW1HSWhQY1htSmpNWHhqMDNIdHRVNHJjVllUNUhKUDdvQkI2ZmhFOWhKWGhkSC1QcXFZQ3VlSFJhV2xPdC05dGVXaEkwbldOUmd1QkFjUHNZRGNTRXdSQzdTeWRhWEZWaGNLOXBlSEx1clhUSmxPLUdnQ1JVYWRSYk9YSHk3VGVyNGtTNm5vcmotcFdkMU1OUlRFdHJrYmttZw?oc=5,enflasyon TÜFE,2026-10-07T08:14:54.784617+00:00
2026-10-05T19:01:47+00:00,E-ticaret,E-Ticarette Yorum Kuralları Değişti: Sahte Değerlendirmelere Engel Geldi,CozumPark,https://news.google.com/rss/articles/CBMinwFBVV95cUxQM3lxbWZHOTVGeUJQSno1LUItWkp2Y19ESExZVzl3TXJwd0pDelgwQXBvQkdHR2hRUTBXY0taTEV5WHFDLVk5M3RYYU40TVlSVm1XWmpTV3dfXzlHSEV1X1hGVlk3MFRTLVRyUTJIMHNaQ1d4b1VxTVFPZTRJTmMzckZJMEVyMFg2S2RrOWJfZ3ZLdHA4MDQtMk5YU2J0U1k?oc=5,e-ticaret,2026-10-07T08:14:54.784617+00:00
2026-10-05T18:51:39+00:00,Piyasa Göstergeleri,Eylül ayı enflasyonu belli oldu| Haberler,Gazete Kadıköy,https://news.google.com/rss/articles/CBMiekFVX3lxTE9JQU1iTXp1ZVJ4UzNmc2YzWXp6aXh0WTVmRUxKRTBYUERXQ3paRnB4OVdtcTJRRmxjbjdlN1NxZ3FSNy14MkdoSW1fb3VHXzJxMm1COWpxWlNIVXQxekpFUzBCS3o4RUtxaTVNVVFsT0NROUg2UzlpbnJn?oc=5,enflasyon TÜFE,2026-10-07T08:14:54.784617+00:00
2026-10-05T18:41:34+00:00,Kartlar & Ödeme,Dijital ödemeler ekonomik büyüme hedeflerini destekliyor.,Vietnam.vn,https://news.google.com/rss/articles/CBMigwFBVV95cUxOdmRUTlRhWVRQS1hvcjBpbDhuMm9qUHdfR3JZX2FkVXJfeXJJb0ZRNHBVTVVVb0xWdUxoNmR5ejVnOER5LWxncWJ3NnVTMVNNcF9XSFBtSVdYbS1OMWhCTlBCcDM1RkFUTkpoQzNZSy13YXpFd3ByM2xoc1FlWi1jdUpVMA?oc=5,dijital ödeme,2026-10-07T08:14:54.784617+00:00
2026-10-05T18:35:21+00:00,Kredi & Faiz,"EKİM AYI MERKEZ BANKASI PPK TOPLANTI TARİHİ | Merkez Bankası faiz kararı ne zaman açıklanacak, faiz beklentisi ne? TCMB Ekim ayı faiz toplantısı ne zaman?",Bigpara,https://news.google.com/rss/articles/CBMimgJBVV95cUxNUmNrc1c1N2Rjel9lUjl6ektHclA1MUxJOVBLc1dycmNxdUo0S3h4VWs3NnFoQml5STMwUkdHa2JXTEV0WEZXbzBna3loSEtOLUpGQ1ZVUk1sRGQtclhTSktjbjQ3WWtlMHBrcmdBcXAxeG5WaE1zUWsyWEJJbjZXeGVBOHlZWUVxSEZWbXRuRnR1cmxlQjVxMnFlM2xxSFJwajFWZVY2Y2kxRjU0N1Z6MHVrV2w1c2dqMXhHbFZkbjhEVW9iZWJTbDI0bnhDQlJxX3dqaEpuVExRcjVrR3E2VTF6WUNmcERQSnlPNmgzR25wMmpaS1djMWNBWUsyNWtkLW9rSUdSZXp1amV4Y2hGX2VPdno4V25ybHc?oc=5,TCMB faiz kararı,2026-10-07T08:14:54.784617+00:00
2026-10-05T18:00:00+00:00,Kredi & Faiz,"Enflasyon yüzde 30’un altına indi, gözler TCMB’de: Petrol ve küresel faizler yeni risk",Ekonomim,https://news.google.com/rss/articles/CBMi1wFBVV95cUxPZXFlTXFoS3ZnMzY2VnZ6b0doUHk3cG1hOUQ4S09zWEtVNVhuRVFKRkxLODQwbHhXRDlmczZ1UkhJSERhT3poenVfQThQX2FrX3UtYnJlSXNVNlFMTlZWa21KNUotM1pZT3VhSDhaTFRLTEU4LTNkMmlkU0FMOW95WWxXUU9nVHdXLU43MmJRUWtqczBYVUwwR1RscVNJRzh0NGFBNW82TXo2OGgxcEd3b0RpbEVrRlptWkdkdHZDdFNsUFQ0cUpEUFJLSXNEV2lDR0R2MklTaw?oc=5,TCMB faiz kararı,2026-10-07T08:14:54.784617+00:00
2026-10-05T17:17:15+00:00,Piyasa Göstergeleri,Avrupa Ülkeleri Enflasyon Oranları – Mayıs 2026,Alomaliye,https://news.google.com/rss/articles/CBMiiwFBVV95cUxNdnl3QmVNdm1sWU1WMnZLSHdJaE1zMnAxdndjalhIYVE0SEVKSl9FTGw2WjNsaXA1UGJacXNtWEMtRHoxaEhYZU84WExRMzh1NmtPbnVWaDhEUWNoUzF6OUU5VmxfdnpqZUxQVEY0WFBZR1BaMThZMDhHTDNmMEU5eVVYUzZLSnhad1Bn0gGQAUFVX3lxTFBfcUVMeTBZODVMemM5S2t4NXRFdi1JSWE3dmVCZFEyX25Ya05pbHhMcEdtS0t5TEkxMVpISG5CelZUNWhlaFR6QlVmdzRSblAzSGRXTXR5QzVXSjBoaFpLNHBNQ3dIQmVkYTRPRnhid09FRXlSWEtTMHFmNVFJd3RGVmZRWFRkeXJXSlZOTDRubA?oc=5,enflasyon TÜFE,2026-10-07T08:14:54.784617+00:00
2026-10-05T17:03:57+00:00,E-ticaret,Hepsiburada'nın TEKNOFEST'teki yarışmasını kazananlara ödülleri verildi,Anadolu Ajansı,https://news.google.com/rss/articles/CBMivwFBVV95cUxOWFB1SXo1RDFhbEpjSktvaHJ3LTNTQy03dGpoNFIzRTJobUd1NWhhUGE0ejl5aUN5Q1cxM3NYZDVtUVZ2cjd1ck5uMk5BZlFUbktsMmtqemJsX1ZGNWNlS2E3c3UySVRHaG5KX3BJSGpLYTI1ZFFvVVNHTm8zSTZObXhOTG9DNHZBc3RqcC13c1drRlpnblZpYUVLbEJ1R1k3QjNZQmc0d04wOEZZZ0hETnpqdmZTNllkanFDUG9Gaw?oc=5,e-ticaret,2026-10-07T08:14:54.784617+00:00
2026-10-05T16:27:05+00:00,Bankacılık,"BDDK, Kredi Kartlarında Asgari Ödeme Oranlarını Belirledi",Alomaliye,https://news.google.com/rss/articles/CBMimgFBVV95cUxQUFFkWkJBclZ6aWpScTJ3aDFUckdJWUtaVmNySHNRcjFIeTJUb1h1djhJSmxaN09sNzhJS1hsNWhmRUpGVEdOOVFNR0VlUGtWeXR0TVhWaERUdk1DLW05cGVvOWwtMUJxUzlkVkE5ZVhRT0h6akhEUGk0VGFMU20wVkY3dDNwcjY3NWdSUTdUbVpaSFB6MUV2bEl30gGfAUFVX3lxTFBzcG9QVmtxQVdBeENYRU1KSktRU1loNWt1WkIwaTBCcmp6Zktwazh6cWxrenhKQkdhak56OU5OVG1yM1lNYjlPSk9McDNXZDJkZmxNTnczVWhVY3V6NjRCRmlxcTNxUEZDQXkwYTBxNkNKdDd4NmpSbHZhemhjTWpHOENRbXdwZlo5cDVFaVZ2dE5pSVFiRmE1S3pEVXlWbw?oc=5,BDDK,2026-10-07T08:14:54.784617+00:00
2026-10-05T15:44:49+00:00,Piyasa Göstergeleri,Enflasyon Rakamları (Yİ-ÜFE) – Eylül 2026,Alomaliye,https://news.google.com/rss/articles/CBMigAFBVV95cUxOMkFLV0MxZEhBM0ltRElOaHJCWXpnYkdGWU5uTElGeXg0d3ZLYnZQM0NPaUR2bFZ2a2xrUkxzdFlmRXV3QWsyWW95WWE1YWZIeHZ3RVhCbU4wWFVPbC1IVlAyUFF3M05YdjVuUlVieTNNSDZKRkxBUW5iZ3Z5UGZTYtIBhgFBVV95cUxOeWFmczQ5bl9zV0FDZmg5Mkx6ZkwwY1VHWGU2SGNpNWprMnU5Rk1SVXB6dmJwX00wdjRXbk1uMEFXN3UzRjN6cF91eUZ5X1dEeWNVYTFsTnRJM043OTJ6M05xTEVOdUQtaUJLeDFYaVdIZlNxbFowSXl1RjFBaS1HSDFoclRLZw?oc=5,enflasyon TÜFE,2026-10-07T08:14:54.784617+00:00
2026-10-05T15:27:37+00:00,Kartlar & Ödeme,"Axess 25 yaşında: Türkiye’nin harcama alışkanlıkları değişti, karttan dijital deneyime geçiş hızlandı",ParaMedya,https://news.google.com/rss/articles/CBMi1gFBVV95cUxOWndaam4xY0ZWbG1QRTBBb1JPTy1qYktSNk9uSGRuYi1QUlRWOVV2SVRzZXdlWm1zRXFWdHRNXzVHX0hreFFkVHlYZUstMnpaZUhidWYtOTdaN0RjcUpfNnN6UGZUdDZGX2F4Znl3eTJRLUdPOXk0Z3NRV1M3RTdGMF8wWDFzZGxXUmRwQWdNZXhURUlfeldXS1NoU2U2MDdEZEdsbW9fMkdrdEJJdjFoT2pQV3NzdGxQOFRCRzNUTDBtUVZQZ3lON3h4NUkxQTJRUkR5c2ZR0gHbAUFVX3lxTE52LUptUlBRVDlnbWMtMDFZMEJKWVFsdXozTDNpeEFuZXZfNnJvY2N3TnhhVTVCMldxVmd1dmEwUEFtaVhuNGk2QWliNC1hUHBzcWNUR3NNY01vZTZvTGFJVV9UZU9XUi1wbUFBbVVxR3RMYW52dm5FbXlkZDBJYlN4RG9aM2R5ZEFuVEUwVlF4UHlVSFdwbUlCS0lrSWdVN24wQlE1V2pnM0hBWERvMG5tNXdSZjVwOTBmeFp0Tm5OeG8wWV9lMDhueWhnRXhJUFBfdkRmZ3JaYjZVbw?oc=5,kredi kartı,2026-10-07T08:14:54.784617+00:00
2026-10-05T15:14:00+00:00,E-ticaret,"Trendyol, TEKNOFEST'te e-ticaret ve teknoloji deneyimlerini paylaştı",Haber 7,https://news.google.com/rss/articles/CBMiuAFBVV95cUxOWG5hODlFdE9lR3lZc0lEVkEwb1BVSEh3RW5QbTExSWVEaWg3R2Njc3lwUDRxbkFpMkhQSDZ3NjRrODBYTjJCRFdaSDNCQkRrVERyaUVEMXhZaHFZQWVoWlA3b25GcGlGdWlobk9vQkJ4bU1xaThIOTE1MFdfTERQUHZzcGlKSU9iTkxPelJpbnBMN2I0cGpoN0doTm1KYVJFbV9wOFg5Z3RZQVNFaTMtOVdIZ090OXF10gG4AUFVX3lxTE5YbmE4OUV0T2VHeVlzSURWQTBvUFVISHdFblBtMTFJZURpaDdHY2NzeXBQNHFuQWkySFBINnc2NGs4MFhOMkJEV1pIM0JCRGtURHJpRUQxeFlocVlBZWhaUDdvbkZwaUZ1aWhuT29CQnhtTXFpOEg5MTUwV19MRFBQdnNwaUpJT2JOTE96UmlucEw3YjRwamg3R2hObUphUkVtX3A4WDlndFlBU0VpMy05V0hnT3Q5cXU?oc=5,e-ticaret,2026-10-07T08:14:54.784617+00:00
2026-10-05T15:10:10+00:00,Kredi & Faiz,"Merkez Bankası faiz kararı ne zaman açıklanacak, saat kaçta? TCMB Ekim 2026 Merkez Bankası faiz kararı toplantı tarihi belli oldu",Habertürk,https://news.google.com/rss/articles/CBMi1wFBVV95cUxNZzZDVmhBd2x0WXlnVzYzWXJyazR1RTdzRG9iVVV1STRvOUI5SEZMbV9keEsweXZEd0oyUTVERmlIWlVZZko2Wk9McDBMNnk5WS11NUxtdkpDbHJhUFdwVW50WXpWMzJ2eGMwTF9LWG5ZRHVKVjJCNVBhUUtYZmU0bTFTQ3J2dVFBNFg4UHVtRVEyTDdkS0djRVI2YXVmenJVcWE0SGxMMWUzS29FN2NpSTB0V3R2N19tMFc1bnlTakpaajJvUEgyQnNTWFpSU0lXandVcUNJRQ?oc=5,TCMB faiz kararı,2026-10-07T08:14:54.784617+00:00
2026-10-05T15:10:00+00:00,Kartlar & Ödeme,Cep telefonlarında taksit sayısı arttı mı?,Yeni Mesaj,https://news.google.com/rss/articles/CBMiiwFBVV95cUxOelBUSC1udlpVRXpmcFJhd3JVc1ZJSlVCeVo0ZVMwSUFfQ0tpRVo5UWgycWxoTUdVQk15N3lDaENRbTA2TXNlbmx1U0FwT2E4MHE4YXRWZXlOTlFWNHdmRndsRmkyZnAxSDVfNzRNOEYwWWRISGxvdWg5bFdITDJoVHMybEtuOTVvbW9F?oc=5,taksit,2026-10-07T08:14:54.784617+00:00
2026-10-05T15:05:00+00:00,E-ticaret,"Trendyol, teknoloji ekosistemini bir araya getirdi",Haber 7,https://news.google.com/rss/articles/CBMinwFBVV95cUxPOFdkaXdrY29zaHp4Zi10YV9zQkliQlBfX0lscjhrN196U2ozYWE5XzZBcVZsRURHaVAwbnpmNjJkMUpmUlFoazY5MlpDRmJEN1J1RnFTNC0zRjhHRGFodmMzbVk3Y0VvVzd4cXIwbVB1WFUzTGlvLTlwTjNuZFY5bTQtUXk2SnMxR19rdlQ0RmhRODhSRklDZWpBN0pvbWPSAaIBQVVfeXFMUEp2MnJwTG04TmhwcWE3SHhTdXBBQjBWQUZ5WXQtWDJ6d2hrcXFvN1lEMm1RVVNFNEhES1dCTjY3Zms1Q05tMTlMVkRaZ1dUQ2ViSE4yVUI2WDJRaHNjMUdfZlBOclNlN2dhNzF1bUdsTDdIOWJ5dm9JdHdPOGFmbXcwazNhWk00eHVRNlBEV3pWb29rcTZ0a0dHZlBPdEdxcDhn?oc=5,e-ticaret,2026-10-07T08:14:54.784617+00:00
2026-10-05T14:56:00+00:00,Kredi & Faiz,"Kıbrıs’ta mevduat, tüketici ve konut kredisi faizleri ağustosta yükseldi",ΚΥΠΕ,https://news.google.com/rss/articles/CBMi1gFBVV95cUxOVjhQTDdJNW1zb0ZIY1o2RDM4YWNoT0NvZEI0V0tlV0JybjZ6ZG1zLVhmYWhZV0JZWTJ5RnZsT3ZwdFUxVmhTZWN5bG9DckVBR1lGOXJ2Y0k3Qy13Qkk2Yl85QzBDUEo2SWpFdU43OTU0N0VLS1FYQ2ZXeDdaYjI0NTZ5ZndHWW9SZTJoLVhWaXhhVDNwd3hNUlpLR1p1RTJ4ZzI4UVp2X3l0ODA1Z2szY3pTanRURHpzb19jcml2TlprUUdBbXJlY2hDYUNMVXJUbnFORTFR?oc=5,tüketici kredisi,2026-10-07T08:14:54.784617+00:00
2026-10-05T14:44:42+00:00,Kartlar & Ödeme,"MoMo, Better Choice Awards 2026'da 'üçlü zafer' elde etti: Dijital ödemelerde yenilik yapmak, kullanıcı güvenini oluşturmak ve teknoloji yoluyla toplum için değer yaratmak.",Vietnam.vn,https://news.google.com/rss/articles/CBMiggJBVV95cUxNMk91ZWRRd29PLWxXTHoybHpWY0dEdi01UkR6Rk01cmFWNExOWklCSzBpMzNSc0VQTzlFZllDS1VwNEwyLU83TXBTN2VsVU9XeEJVcTFNRGM5UDVGZHgxdTh6YmFycm5sY0Q0Z1dWQy1xSFVCNlQ2dFAxSmVQS2lpOFpXY1pPdXpwZ241UHhmTnFXTlJrVTNVMDQtdXNabVRrVTRCWndBWnp4aWJyQWhhWVpON1psS3Z6dmZEWDhnYnJkYm1QNi1jdVZPbDR4clNIdlpkUDFHVEp2MDVPeGttRHo0UEZVV0diUUNfcktwLURRdmttZUlMR0RleFRDUTVxMWc?oc=5,dijital ödeme,2026-10-07T08:14:54.784617+00:00
2026-10-05T14:42:19+00:00,E-ticaret,Yepy'nin okula dönüş kampanyasında siparişler yüzde 88 arttı,Anadolu Ajansı,https://news.google.com/rss/articles/CBMisAFBVV95cUxQa0pTNXYyZ2xnbnh4SEdIcVotY2dyd1NZV1gzVzA2bDY3RXNHa1JUZkFBZlc4OHI2M0RfaTdPUUxINVZsVDJHdGpOekoyXzAtS3c3aVBfSDZiNWV2SnRVZE5BRmZQS1BQLTZEY0tRYmhxb3FpOU02LUc5TW0zbU4xbF9RcVFFU1Q1RTAtdlBUb3pOVWJRbnBPTXVTcjhyV05BbXlMNlFEVXZMVnJUcEg2bQ?oc=5,e-ticaret,2026-10-07T08:14:54.784617+00:00
2026-10-05T14:40:03+00:00,E-ticaret,E-ihracat yapmadan önce bu 5 soruya cevap verin,İndigo Dergisi,https://news.google.com/rss/articles/CBMiYEFVX3lxTE9sSDIxRlpIa3ZKSU1iZmVOOEx5TDlXME9UV0FwZTE1cmZNU2JHM1FTSTVzZzNQRXRoMV9HX2ozN09mYzRMV2kwVkZtNXptaUZhenM1VmpnWXdOeDJLTWFpTg?oc=5,e-ticaret,2026-10-07T08:14:54.784617+00:00
2026-10-05T14:40:00+00:00,Bankacılık,Ekonomi Haberleri: Bankaların 'Hoş geldin faizi'ne dikkat! Tabelada yüzde 46 yazıyor ama cebe giren oran bambaşka,Uzmanpara,https://news.google.com/rss/articles/CBMi2wFBVV95cUxPR3Z1bjNzdHdXRTVRYnNQNmNVN0pZN0F5VTFsazNQUGVNYU03SlIwNnpiZHJ1cFA5dDFsb1lVbEtiQUFjYzJERW9JcVlmWnZvUEhuR1ZZR3dWRnlRVHN1R2ZBQXhPMmhEZmhUUUk0WE1kcklsbjg3N2VLTnY4bkZWZHNFMVFfS1hkb2VaQ2JkVWtYZDdjX3lfWEl3aF9qc1I1cGZxUEU0eFItWktGV19QMjczTTlrX1pzeURYeld4VFNud0FRVklRbkZXb3ZieW9RQjE0ckNBWHhQNnM?oc=5,mevduat faizi,2026-10-07T08:14:54.784617+00:00
2026-10-05T14:10:37+00:00,Piyasa Göstergeleri,"Yıllık enflasyonda makas açılıyor: TÜİK yüzde 29,73, ENAG yüzde 46,61",Medyascope,https://news.google.com/rss/articles/CBMioAFBVV95cUxNb0d6M2Vlck1MTmpTTG1Dc0czTGFZVVF4a2NPTzhwaDJEa0luZXAtTWlvbzNZYnFPbGdaRExwMlp6ZTVBVUJIVWtPc3QzUmdGbzJoRTN6aXdCdDFPMkZIN0FneXp3dEJhdXdWRWxQdFNQQlJEa3VuNjIzZFhZVjRwWFM5eWN5MVpNWnRpdkZTelBuVmJaS3lXeEVscVhaYmZO?oc=5,enflasyon TÜFE,2026-10-07T08:14:54.784617+00:00
2026-10-05T14:08:00+00:00,E-ticaret,E-ticarette sahte yorum dönemi kapanıyor: Yeni kurallar yürürlükte,CHIP Online,https://news.google.com/rss/articles/CBMirAFBVV95cUxOekcxbDhMQ3JqbFJjZFR1Z29Fc3pubmlPTGNJLVZJSE4zLWpnMnVmSHppYWZiWXNCYjgyd05sWHhfNUFCUXZSR0RhMnZkT05SYnRIUldpcV9aQzRIYVVNQkFtTFhtbU5ZbEtxRjQ0Q1g3X0V1SWw3anV1YU1uQWI3NDNPNFNfb2g4NEYyQVhPVTU4MG5vdjN0S2RTeXBFMFQ2cks3VjhTQ0ZVMWpV?oc=5,e-ticaret,2026-10-07T08:14:54.784617+00:00
2026-10-05T14:06:14+00:00,Bankacılık,"""BDDK'nın yeni düzenlemesi ödeme gücünü destekleyecek""",Bloomberght,https://news.google.com/rss/articles/CBMikgFBVV95cUxPRHVCR2N6ZUxiWEVacEsza1Q4ZTdsTE1BM2YxcTBJSzBFdU8wQU84a2pUeVViWXpsZElMQ3JoaTk3aHNCV1R2LWdYZ0RScFV2M3Z3eUVVMlBGd0N5dEtWYzJYVVZPcDZIdEdvWFZ6WndzdFhwUWQzQWRQc2JVV1pUWEE2UGhzVEM5Y2FWb2dac0xxUQ?oc=5,BDDK,2026-10-07T08:14:54.784617+00:00
2026-10-05T14:06:14+00:00,Bankacılık,"""BDDK'nın yeni düzenlemesi ödeme gücünü destekleyecek. World 35. yılında yenilenecek""",Bloomberght,https://news.google.com/rss/articles/CBMiuAFBVV95cUxNQ1BFR0JFc2haU2FBUmYxVlNkZ3Nmck01T1RrcDZzY3lCSWtnX0tFLThEeGk1ZVR1R3lwcmdGU3VNRzRJRXIzWnR0N2c0endBSkFVUnBvLS1pQXNsUHA5alFsOGZIYzQ4ak42ajdRa2hvWWVwZm5fWFF6OU9vZXBZTWw1Y3NRWFdEeEt0R3RtdmxRcDVXV1NJRVRXVUU3WHptZElaU0F6VW1taHpwdkVTNzAyejZKQkhp?oc=5,BDDK,2026-10-07T08:14:54.784617+00:00
2026-10-05T14:03:59+00:00,E-ticaret,"Multinet Up ""Pazar ve Segmentasyon Araştırması""nın sonuçlarını paylaştı",Anadolu Ajansı,https://news.google.com/rss/articles/CBMivgFBVV95cUxPaFVLNGk0V1paMTlramxCVnJuMDRNaXdVYi1mVEs4T2kzdW9BX2Q5eUFSYXZGUVZ1emRkUm9KTjhvMXd5el9hZndwdkxyTnBpaGx4QmozZ21Ub1RmVTNFSUZURXd5ekVtT0tFYlg5c254VlFYRkRoNlVUcThLbWplSGlaa1VsblpwdHk4V3hpSlhlanV5TUlReFRPeXRWNllZV2I4TjFGaFIweXN4V2p5SWFsQ2lRbjhabFI0MXZ3?oc=5,e-ticaret,2026-10-07T08:14:54.784617+00:00
2026-10-05T13:23:20+00:00,Bankacılık,“BDDK’nın cep telefonu kredisi adımı satışları yüzde 10 canlandırabilir”,Bloomberght,https://news.google.com/rss/articles/CBMiqAFBVV95cUxPaWNSOXNIcWxSWFd1WEstQl9HVkZPTXVZNldVRGhtMm80ZGppcGxUMWExamRZNnJldEhLWDA2WGNfZ3pEMF93TGQ3UHhpT3gyOVJuekk4bU1oTmtudk1rZXJqU2lDZTVDMFZodUhjYm1oSzJ2MHBFZm5qNUFMWWl6X0RPNDcxa3hPZld2OTRvTEhFalF1R0NNUDB0YXlhb1UwVmdPaWdLZFY?oc=5,BDDK,2026-10-07T08:14:54.784617+00:00
2026-10-05T13:22:02+00:00,Bankacılık,"“BDDK’nın cep telefonu kredisi adımı, satışları yüzde 10 canlandırabilir""",Bloomberght,https://news.google.com/rss/articles/CBMitgFBVV95cUxQWGlfSXU0aEkwRmZZdl8wVzN1M1dHVkpjVTMzZzVJQWpCVXFna3lrX1V6Vm5fSmp2NklGN0ktWGh2OW1PUU84bWtubjVBVGxfZGhmdnUtYVpYVFVwOGdIUW41eE9XUzJndERYZDFUSjI1Wk1WaFN0Z2pPbGVDX2tHZEQxSjBqeTV3ZkhRdmYtVWgxcUZ0YUY0UjV6dTlSSURlNk1tQ0ZwRUZKUlpwZlg2Vy1MTV9oQQ?oc=5,BDDK,2026-10-07T08:14:54.784617+00:00
2026-10-05T13:20:34+00:00,Bankacılık,BDDK Düzenlemesi Sonrası: 40 Bin TL Altında Alınabilecek En İyi Telefonlar (2026 Güncel Liste),Webtekno,https://news.google.com/rss/articles/CBMiekFVX3lxTE90bHdBclFwNm0xRlo1YUpsTFJLYmh2dkNYcG1OenEtd3JGSTlUVGxQY0pQNE5nMWZMN281NjNWd3FhcktobU5uMlFvbjRldm1OczJOVHJVanFXMzRGUWlmb2hURVpraUwzbXpNMTFCTlRxYV9td1U0Z21B?oc=5,BDDK,2026-10-07T08:14:54.784617+00:00
2026-10-05T13:05:51+00:00,Bankacılık,Cep telefonu kredilerinde yeni dönem! BDDK açıkladı! Cep telefonu kredisi kaç ay oldu?,Sabah,https://news.google.com/rss/articles/CBMivwFBVV95cUxOcG5LNXZJa1d6TElMTk1Bc3RjZGhHR09LUzN1eE12bm5XYlZPTzVzR2pOVnI5VXNSNFJvUUJKZFNqazg1YXMwZXg4VndtSUdFRkkxZWJ1YVg4TjVPUHRLdUpBUWVTWUN1cGVfQTRPaThyQWlMMkFYZGNMYXE0UlhiZkF5Z3ctb1hZMWRYN01GemtobV9ENUkwZXhFZGQxLUxxUEZsZnZxd1N6TzhFOEZBZVJ5VmpiMlNnZEdrTHpJSdIBwgFBVV95cUxPUXBMZVlOWF92QzJqZk1jWGE2aWxBZk11OFdkbDExSUxZeUNuc05DcXlJaTJrVmVrQmViUWRLdkFVbWdFcUtQVnVsVi1ZQS1aU2VyS3ZNSXJtVHJDbGdzVTI3VlVyekQ1c3RYSU15eXBCcG1yMTB5NUJXRG1sLVNranlyeDFWSmRLRFhLUDBsM0V4SWtsb2drbzBzUy1tRlVYUmlfTm5hbjhkSHktVE1HSUFrUWlLMHRoZUFtSlFYLTJuZw?oc=5,BDDK,2026-10-07T08:14:54.784617+00:00
2026-10-05T13:00:00+00:00,Kredi & Faiz,Kredi Kartı Cep Telefonu Taksit Sayısı 2026: Cep telefonu kredisi ve kredi kartlarında vade sınırı ne oldu?,birgun.net,https://news.google.com/rss/articles/CBMi2AFBVV95cUxPSklQTzMxdWF0WmdlRXQ0MXZ3MGgzTjJDSUk3T0hTREpFeC1PdzAzWURuN1oybjJsZmUzQUJueDQwaDhvUlNJdnctUUZ5SnRPTTBIbDY1M2ltak5mOWFCOXlQMWRkOWMyNTE1RXBGdEZVWm9IbVBsMzg5Tl9xWHJQU1NsTWFrY0l4M3pjX3ZZTE8tM2ZyN3NyRDluM2JTd3BZbUhyQUo5dk9EblJ3Z2w5QXF3WXJIRzlLY21sZFF2TzZwYnIzQ0xrUjFlM0VNSVZsWUp2QzF5c1c?oc=5,tüketici kredisi,2026-10-07T08:14:54.784617+00:00
2026-10-05T12:45:46+00:00,Piyasa Göstergeleri,Enflasyon Rakamları (TÜFE) – Eylül 2026,Alomaliye,https://news.google.com/rss/articles/CBMigwFBVV95cUxNRlhLa0ZiTjE2VkMxQ1NiaW9ZbFFoeGdER1dETGYyTTczQnlRcnN6TDJSZ25uWWFramtaZzlEaDVaSnVPTzVZdFpGeHNDS1A0UXlwY1FrdUJic3NOcjlXTGo0dkx6cDEybk1YR1ZESGwya1JlYWpuYWYyMG1PQkV6MVdBd9IBgwFBVV95cUxNRlhLa0ZiTjE2VkMxQ1NiaW9ZbFFoeGdER1dETGYyTTczQnlRcnN6TDJSZ25uWWFramtaZzlEaDVaSnVPTzVZdFpGeHNDS1A0UXlwY1FrdUJic3NOcjlXTGo0dkx6cDEybk1YR1ZESGwya1JlYWpuYWYyMG1PQkV6MVdBdw?oc=5,enflasyon TÜFE,2026-10-07T08:14:54.784617+00:00
2026-10-05T12:43:00+00:00,Kredi & Faiz,Faiz indirimi beklentisi güçlendi: Gözler 22 Ekim'de Merkez Bankası kararında,24 Saat Gazetesi,https://news.google.com/rss/articles/CBMiqgFBVV95cUxQUFNHbWVLUlVGbUVPUTFlbVRoQ1JySk1lVjdZM0NKcF9uTmRxUUNzN0xTTFA0YjFFQXhfd1piWERSM1gtdzB6bkp2T1JvdVlmM09BUGpNd1ZMWHZ5eG93MndjRVc2VkV0NDI0ckdnVTNUVTJzU3FNSzlaa1VOZEc2WEcxTDBFY25FZWctSFFVdmQwVmJtTnIzcURtRWNRZmhBTU8zOWx2WUtHUQ?oc=5,TCMB faiz kararı,2026-10-07T08:14:54.784617+00:00
2026-10-05T12:37:07+00:00,Piyasa Göstergeleri,TÜİK açıkladı: Enflasyon yüzde 30'un altına geriledi,Ekonomi Gazetesi,https://news.google.com/rss/articles/CBMijwFBVV95cUxPT1liS1NfX1VrWHhDY2NyODduYnliS21ma3ZlVjBMbFV0S1pZZTNHYU1JQjBIQXc4bnV1NG9QUEkwRjl1eTNMZnY4N3FCcm1IcXRJRmRiTTkwMEEta3hnbDEtRkw2N0M3RUMyU0VuR2hZTXh2VDh4UlRNZzBKX1d0M1VGWFYyclRHNWtWejJlSQ?oc=5,enflasyon TÜFE,2026-10-07T08:14:54.784617+00:00
2026-10-05T12:28:29+00:00,Kredi & Faiz,Beş yıllık mortgage faizleri üç yılın ardından yeniden yüzde 6’ya çıktı,Londra Gazete,https://news.google.com/rss/articles/CBMiuAFBVV95cUxQZmxyeVR6SUZYb1NoRHF4U09aa000eEt0S3NiOTR1OXRBREdEcnBEMDg5enpQM2pBVkRvSXZBOXlYM1NibmJUTDFkbllPX0JwX3JMaHF1M3JJdXNwR3VBdVp5dVVnZDNUVlhrX1hScUYyX3B6cllOLXZQaXZ1dnE0TUtFVFRMaHpGYWI2eV82eEkxdDZ0M0JmeFljdjlLMS1GLThyZmE4a0Fpb3I1YlFZOTlJYzRObjVw?oc=5,kredi faizi,2026-10-07T08:14:54.784617+00:00
2026-10-05T12:18:49+00:00,Perakende,"Dak Lak: Perakende ve hizmet sektörleri 2026 yılının ilk dokuz ayında %17,55 oranında büyüdü.",Vietnam.vn,https://news.google.com/rss/articles/CBMihgFBVV95cUxQblZsR0ZVMDlzMW9RLThWR3NucmtZRXQ4X1hmdXRXT1JhLUxkOW9sZUU5VmpvUEhNZHRRaFZRcU13dm54U2hUbl95SVcwa2VFSUN5dEtnMHlQT0RtTWFXSFdoeXF5eFNUVnZkYmxqZi00N2V6cnJqTTVlZ2IzNlhhbXdxTW8zZw?oc=5,perakende sektörü,2026-10-07T08:14:54.784617+00:00
2026-10-05T12:15:09+00:00,Kartlar & Ödeme,Her dijital işlemin ardındaki kovalamaca,Vietnam.vn,https://news.google.com/rss/articles/CBMidEFVX3lxTE9ld3M5LWx3cXl1Y3NseFB0djByMzlFRHFZNndoMmlWQ25TZEJGbHdoUnhtWDNHQ3EyeW9BTTZ2LWh5Z0R2ZW40X3YxQmhjTUNSLTJpbVBPenFCVFZEYWRoSXJZdENieWhGUk5idTUwUV9QckFn?oc=5,dijital ödeme,2026-10-07T08:14:54.784617+00:00
2026-10-05T11:57:18+00:00,E-ticaret,“Türkiye ticaretin geleceğinin şekillenmesine katkıda bulunuyor”,Capital,https://news.google.com/rss/articles/CBMisAFBVV95cUxQNFhIU0Y4VXA5cFJpVUNyRUtvRmFuakg4ZU9ZRUlSYnkwajEzUlpoS3RVT1ZFRlZPN3h5UDNLRU91eFRCTE9nMzFTb2pTU3F1UzZrMzBFMXBYbXIyMElnRXZXU1JJWFpWU01MajBic09vTlAyNjNMRmdxUXJSZHgtS1RrRWdpbDQ5ZWpEcTJld0djVEF1V2NoMTJzUDM0STRIRG14Y3RDN2licjdqUnltcQ?oc=5,e-ticaret,2026-10-07T08:14:54.784617+00:00
2026-10-05T11:50:15+00:00,Piyasa Göstergeleri,KİRA ZAMMI EKİM 2026: Ekim ayı kira artış oranı ne kadar? Yeni kira zammı hesaplama nasıl yapılır?,Uzmanpara,https://news.google.com/rss/articles/CBMi8wFBVV95cUxOVVd6YnBBSHJMaV9WelZQZkRFdU5ISjN3YXVuajljQ1hSWjZIT2dfMTFSbzgwMHNfZmxrOGtZT2NuMFVESlNyRV9QSjNMa2Q0bHBvd25ZUVlsdUpKVUQ1N3NBYUdsZWV6ZGpySVNxUVRVZzNJQW9EVGdEbnJHMDdFYkN0QlJ2YzZlaTR3am5rT1lPTjd3SmRFM0lNN2FMQ3hWS0FpRDVWdzRObUloMGNWNDNfZXMyLUg4Zm9UYlBrWERvd1owMktBbmV2aV92Yi1HaE1FSlNtNE9zQnZkaU1IbzcwWW5VYklWT1l6am9wRktSSEU?oc=5,enflasyon TÜFE,2026-10-07T08:14:54.784617+00:00
2026-10-05T11:43:00+00:00,Bankacılık,Bankaların enerji kredilerinin yüzde 53’ü yenilenebilire verildi,Enerji Günlüğü,https://news.google.com/rss/articles/CBMipgFBVV95cUxOZXpVLWp3Ql9QaW9xV2xCZ2JIVTdXLVlNZkd2bXZCcVAzYXpyQ2xOMnhJSzliMzFVNE1rWEE4ZzZJOGIyRnhhX0JQQlJhS05QMDliQXlhOVd2X2RTMVlaRlVNdWoxMkE2TnVVRllVMklDczZXSjRHYWU4c0JTa1JoVXhoWGY0YVJsSERCSWpnY0ptcWdPdVIxVW93bllwQWs0MDdFeHB30gGmAUFVX3lxTE5lelUtandCX1Bpb3FXbEJnYkhVN1ctWU1mR3ZtdkJxUDNhenJDbE4yeElLOWIzMVU0TWtYQThnNkk4YjJGeGFfQlBCUmFLTlAwOWJBeWE5V3ZfZFMxWVpGVU11ajEyQTZOdVVGWVUySUNzNldKNEdhZThzQlNrUmhVeGhYZjRhUmxIREJJamdjSm1xZ091UjFVb3duWXBBazQwN0V4cHc?oc=5,bankacılık sektörü,2026-10-07T08:14:54.784617+00:00
2026-10-05T11:41:00+00:00,Bankacılık,500 bin TL'nin 32 günlük faiz getirisi hesaplandı: İşte bankaların güncel kazanç tablosu,Cumhuriyet,https://news.google.com/rss/articles/CBMizgFBVV95cUxPMWtQNVJuVmNtMmhkdGpGQlh0XzRXNWpFM2p2VDFUd1hhOGxWZGpWMVhPbGp2WFFXWE80eEREeXpRNGlHamE2QThybUJjWjRPRHk3SmxjRlBIeWxfcHpzaV9FNjJrUl9aSEtTREVEQXpDWHFKQ3VSMXQ3Nk96RW9qWHFreG9xbUN3dF8tUEdsZWg0bXF5MHM3VmdHUzJ0MjhtTDdUZTl3WkowMUhwcFhyQkNLQ05JSXpFZ19kUGQtQ3VKQnZxd3JPU19lTHdzdw?oc=5,mevduat faizi,2026-10-07T08:14:54.784617+00:00
2026-10-05T11:36:59+00:00,E-ticaret,E-Ticarette Sahte Yorumlara Karşı Yeni Dönem: Erişim Engeli Uygulanıyor,Technopat,https://news.google.com/rss/articles/CBMiigFBVV95cUxPdnhUUG9SRjVSb052dzU0bzNwWXJGVklNTzNUbjdfN1FUMjhIa1lxX2U5X3B5cEVRT0ZkSm5GbG8tSnN3bG9fN04zbXJqRVprbE5PRktDNkcySWpramFRdVZsQ3dzUGk1SWZDM0RCSzI4NWxrU1JpenJTN3RtZlBNdU5ZQld3WE50bnfSAY8BQVVfeXFMTW1UeFZmUm14bGltay1hM1Zkc3YzYTk0VjRhRDg4WjNXQWxSaWNvUTJ2aE5GblNrN0pVaDVwZmhESEZ3UW1OUE5fMk54bDUwRTdONnBvYzAyNGd0aWZnOXViV055OGVMOFBvOXpjYWdXRjBzai1mXzVxNXdwT0hCMlRBVE9EdXFaWHM2aUVhVDQ?oc=5,e-ticaret,2026-10-07T08:14:54.784617+00:00
2026-10-05T11:22:53+00:00,E-ticaret,E-ticarette sahte yorum ve puanlara karşı yeni dönem! Kurallara uymayanlara yaptırım uygulanacak,Ekonomist,https://news.google.com/rss/articles/CBMi0wFBVV95cUxOczFGalFBNjNtWVRzal9lZ3BHRzJfLWcyaGJnZTB1dXo2aWdrR3dPTXNWS2ZwRFFXLXdhcmYzR1h2N1A0My0zaEVvdENGUmxfaU05MU51Uk9Xd3F5dXYtQlBkTlJZMUN4TTdIX1pRUGkybmVxZVNVbHdFSjlWd0EtWjk5Y1lCeU96QnB3bGprRkNhTXl3aG0yckF4b3FXMkllQkp4TndhYU9CN3Y4Tk1HMHFqM1dqZkM2MEZlVVhiQUR0MzlCdlBFc0FYZHNRU0MxYkgw?oc=5,e-ticaret,2026-10-07T08:14:54.784617+00:00
2026-10-05T10:41:00+00:00,Bankacılık,Muğla’da 1 milyon TL mevduat faizi ne kadar kazandırıyor? Bankaların sunduğu oranlar merak ediliyor,Hamle Gazetesi,https://news.google.com/rss/articles/CBMiygFBVV95cUxOX19McHJhV3hxcW1TZENtM2VwUTg0SnlDUHZfMjhWLURmc1R2UzliRnRwOXczdHQ0ZlBVR0xwa0toS01lR0xjRWRPV1doR3M5UVlrUWt0VWkyUEtzcGkzNDdPQlRERzVDRHlxTGhnaWduUEZKYU0wMWZvbzNLYVF4MWRpeVVNZ3FXRnZzUndNcnJLb1dseTNJbTBhX1owSnR5SzFhWWxJSklpbnVxMWtmZjJTMzRyNXZPakZQWFpwREttc0J0M3Z5dURn?oc=5,mevduat faizi,2026-10-07T08:14:54.784617+00:00
2026-10-05T10:30:00+00:00,Kartlar & Ödeme,"Token, ödeme teknolojilerinden işletmelerin dijital operasyonlarına uzanan yeni dönemini başlattı",ParaMedya,https://news.google.com/rss/articles/CBMi0wFBVV95cUxOaWNVd2hZUkRMRnk0a3VIZ3U0a21hLXJTcFp4X0Q3TzRYeFh1YkVWaHgtaDBSYzRORW9JY3RDN3doYmhDRzJ2VVE0d2p2TDJxVmtpN1JhZkN1TzRhaElZVW0zZUJMZ2lacnR6R2s3aEJjeEJxaGh3MG5MS1JNd2MyTXpJejBxVmItNnh4Qm9nNUlvUHRsOHIxUV9KVWhKdzBueElKaWYybjVyMGtTWmFidjFBdkh0UWRNaGNpamlFX1FNamFPcUVHczZTWGxCU2xxUmp30gHYAUFVX3lxTE82ZTN6MWVGUFF5X2EzTWQzYTQ3OVJ4TTUxNnR0ZVRQc1BlU29mRzFoZHBYdklWUUhhaDZralZRVk1BS29QaG5vVGJoOHpmZjVFbEFsNzliM3J4c3ZuQVYya2JMc3ZzLUI2cldqNlFSVXkwbHRBTXlMYy1uQ2MtQ2Y3cDFxS05RMVVtNXhXZVI1VjdkYkZRX1Z0Xzl0QmR6enZ1X0hibzVnNEZUR016WXJVcFdFQ0RzS0tvUS03bVRpbk0wOHJMR0FTZG0wMy1fOTdnRDdiRTk1OA?oc=5,dijital ödeme,2026-10-07T08:14:54.784617+00:00
2026-10-05T10:00:14+00:00,Kartlar & Ödeme,Rusya'da dijital rubleyle maaş ödemesi başladı,Son Dakika,https://news.google.com/rss/articles/CBMilgFBVV95cUxQLWtCNjJ3VUEyY3NPaVRfV2E2aEhVZUQwZ1E2dkNoUVB1a3hmd002cHpPYXl6U1FnWS1SdUZDLWd4X2FMSEtHTVpBUTJYSE1BV3BZTVFRZ1ZaVjdkc0cyV2laWXBPeS0wSmZSVVduM2p6YWpidEZiYmN2cktmNy1qSHNfZHVKQ2VLcFpfblB3TFdlTEhIbmfSAZYBQVVfeXFMUC1rQjYyd1VBMmNzT2lUX1dhNmhIVWVEMGdRNnZDaFFQdWt4ZndNNnB6T2F5elNRZ1ktUnVGQy1neF9hTEhLR01aQVEyWEhNQVdwWU1RUWdWWlY3ZHNHMldpWllwT3ktMEpmUlVXbjNqemFqYnRGYmJjdnJLZjctakhzX2R1SkNlS3BaX25Qd0xXZUxISG5n?oc=5,dijital ödeme,2026-10-07T08:14:54.784617+00:00
2026-10-05T09:58:00+00:00,Piyasa Göstergeleri,Irak bütçesi ve dolar kuru krizi: 100 dolar 160 bin dinara dayandı,کوردستان 24,https://news.google.com/rss/articles/CBMiwgFBVV95cUxNY3ljVHZyNVVMTXpncHQyUi1ybFJCXzBVRnQ3YXVNa2MxX2EtSmJ6QzJabUFyQ2lnMFRaRS10WXBVcDNnR1U5VzB6YXY1eDFDb3cwRkhTWDZVV2NrcGgxcHlYOWNiUFhwMjRWQzVmc2Q5RFhYaGFJWHo3SFBWVDRYV1lhTWxmNDFDWUs4NlA4ODdNMzE3SndvNnhvRklnUHF3UEhaNzF1ME1yRVE3MGZieVJkS0h3QTJLTVgwVHdPQ2dpUQ?oc=5,dolar kuru,2026-10-07T08:14:54.784617+00:00
2026-10-05T09:49:00+00:00,Kredi & Faiz,"MERKEZ BANKASI FAİZ KARARI 2026! Merkez Bankası faiz kararı açıklandı mı, ne zaman belli olacak?",Yeni Şafak,https://news.google.com/rss/articles/CBMi1wFBVV95cUxOZFM2b0xsR0o0V1NPYzhKYlVFWllxbk5ERElZOExrUExkSC10c2JRREJCM2RFQWdlZW43b0FMMDdzQXhKY2luamoyc3RXQW84MGYxUVBaSzBYbVkxQkVBT3JidmRjOHRpNExJemFvY1Q1Z0ZYd3hnRmZhUFFoeEd2ZHdjRTB6ZlFPWUE5LVQwU3hPRW1fX3JRb01wSXN1c2lmcHh5YUpLdzdHOEhLQXZiM3FadlM4OVJGaEM5NEpxanV5RE04c0ZIMHVKanIwdXJaN0lqdnJKVQ?oc=5,TCMB faiz kararı,2026-10-07T08:14:54.784617+00:00
2026-10-05T09:40:56+00:00,Piyasa Göstergeleri,"EKİM AYI KİRA ARTIŞ ORANI 2026 SON DAKİKA: TÜİK paylaştı! Ekim 2026 kira artış oranı ne kadar oldu, yüzde kaç? TÜFE verileri ile ev/iş yeri Ekim ayı kira zammı hesaplama yöntemi",Habertürk,https://news.google.com/rss/articles/CBMiogJBVV95cUxPSWU2REhWWDdSSUpqTGdMMWluWnBWSkdyNFllMy0zY0N2bFR4UGdlMk44ZWRFVXVzS1V6eU90cFc5NVFwVnYyZC1sSmxiQWwtRFN5SmNfRHlEUS15bEltWTZiZWFxQmRqYWo5TzR1Y1VOQ01udDBDZE0zb0k0c3dTZlVBOFo1QkVMXzk4TlBJN3JjX21zMHRQUGQ5QXZFcGpVSXAzdTBtampzcEFhTXdhbXVwelR6OGRTTTFNcDhLUmt3Tm9qWENNcG5HSGQteGVQQmFJY2hRZFlxRzBURkJ6bHBTbGNUbTFoRnNzb3RBdEYtQW1TZlREWHhGY3B2S2Q4NmZxOUYxZVNyU29FRXBScnR3aGllYWZ5Ujk5c2pId21sQQ?oc=5,enflasyon TÜFE,2026-10-07T08:14:54.784617+00:00
2026-10-05T09:23:00+00:00,E-ticaret,Online alışveriş için hangi site tercih edilmeli?,Manşet Haber,https://news.google.com/rss/articles/CBMigwFBVV95cUxOa1ZTRUVGQ2pyeUN1M0I3Uzl5VDJyRkd6ZHlBbl9HQVgxZU51WWlEVzRLVTU3SE5IOVNVN19YVVVvbHdGN0RZeVg1OTZsNWNSdDlIemJ2el9yQTBFSmtPcjQ5M2kwbTBvX1BLY3owU2NKTmZFbi1ocHpoYmpJTEE5SFlwUQ?oc=5,online alışveriş,2026-10-07T08:14:54.784617+00:00
2026-10-05T09:22:00+00:00,E-ticaret,Bim aktüel ürünler kataloğunda bu hafta neler var?,Hürriyet,https://news.google.com/rss/articles/CBMiogFBVV95cUxPaFRxUmNGZ1Y2eVBFenNvY0NnZ1EzTFlndkNDQ1hCWGg1akxJUldJWEFneEdCZF8xUGdhQ0t6bUVlQk1GNC1JRWpWVGVwZExMX0FfdVNrZnpiNmFCQU8xV0g2akZXMmNKZV9xdUR5MGJEa09BejFGQlVTemRpbEJOUEVhM2w4U19SZFhkb1RkUE44d2FyY2JOZ0VSWFNBRE1ud1E?oc=5,online alışveriş,2026-10-07T08:14:54.784617+00:00
2026-10-05T09:17:00+00:00,Piyasa Göstergeleri,Enflasyon 57 ay sonra yüzde 30’un altına indi: Bakan Şimşek’ten 'düşüş' açıklaması,Cumhuriyet,https://news.google.com/rss/articles/CBMiwwFBVV95cUxQS2NhRzNBbXhDc3ZNLVE1ampMbUVSdzR0UVFWcnN4OTZSZmMweE03bURHTWdGY2FfWS1ya21WX0ZrZW00amFBUGMzblhqRE9LUUlKMW1GS1hXZk81aldwbHJDYXJSLTkxQ3dpRFZ0eENoTVhpYWlJVWVYcERWVVE0ZmZpSWpld1dZSC1vdk1ENGNfOWVPNmJHUkp4YTBRd3VONkxzZDFtdVZYSHhlLTdNOFQzbDZ6ZDctUkF0aU5LdGlkakE?oc=5,enflasyon TÜFE,2026-10-07T08:14:54.784617+00:00
2026-10-05T09:02:00+00:00,Bankacılık,BBVA Research’ten bankacılık sektörü için dikkat çeken rapor,Borsa Gundem,https://news.google.com/rss/articles/CBMilAFBVV95cUxPVkFGc2VPYUw4Y3FYejBGTER3ODZCTG5QUzVsdDRnN0kzY2p1aWRmWk5IRGpKOXk5RFhUenFQdjNPRXhHWFdFY0VUSnBKdTlRRkpDUFJDRFEwcmt2UWVFdEhlUzJibll6bEJhRGZsS1VtZy1lQ2dfUS12TUNVZjhydC1PRDlaakg4N0NSVVpNRlZIT2FI?oc=5,bankacılık sektörü,2026-10-07T08:14:54.784617+00:00
2026-10-05T08:20:00+00:00,E-ticaret,"Trendyol, Yapay Zeka ve Makine Öğrenimi Zirvesi’nde teknoloji ekosistemini bir araya getirdi",Ekonomim,https://news.google.com/rss/articles/CBMi1gFBVV95cUxQbG9zMjZCXzV0NUV0MkdnbUNsUE1jZjV0MGl1NmRMRVVvVDJMSUZxTlozWWFyZzUtMWRIelZVMTltRnk2WVB0ZjV5UEZTNkVRbEZtaHN2QzlyVVJrNmZJa0JGdjdicWtvcDU1SW1JSWhYLXRPRUpMUXliVVRMYnlqVUVqYWthSWxUcC1KX09IVzNtY1dHdVlhcHZUMGlQVVNiOVgwYjBkcTNmVllxdWdaX0dKQm80ZkNzd0NPMU9ZNXhpeEZsZ29hS25nTk1VYXZ1cGY5YnlR0gHbAUFVX3lxTE9LOGtwdlk1V2U4WkRRNk4wXzJweEI3Y09UY2c3Z0lqYW9SRFhNUS1TWTNkYTQ0Z0lEcVVNRFJOVWdRTE5aR3JzbHJvbHgxaGtSTWEyakVnNDdPczJIT0dHV1UtYmVST0ZWY1daOVo1SGZaRFVWREliRmJYWGVITGlhcUxOZTNSOWxYUEgxem5jZzJ3eUFGcjhOYWhsZnVOdi1ISXJ5c2RHNTd3UlZfT3ZXQ09ReWVGSENfa25LUFhxT0Q5bTFKa0Fwb01WZUhfQkRQTW5rSGV3TEdzaw?oc=5,e-ticaret,2026-10-07T08:14:54.784617+00:00
2026-10-05T08:18:14+00:00,Bankacılık,"Güney Kore, yapay zekâ kaynaklı siber saldırı şüphesi üzerine acil bir finans sektörü toplantısı düzenledi.",Vietnam.vn,https://news.google.com/rss/articles/CBMimAFBVV95cUxOOTd2UVF5VUZoSGtmNVlvS3NoSzNNQ2tKVDRUeWdXU2dwRVpjZmhQLUk5Y3BTRG5kVVpLejFYQnBBV2c2OVgwc0NfX0RuZnliTEpva19TNG1TOWZUcWxFTzluZkZfTXhrMmZiSERNOWNNVmd2Sy1HVDdNZUZvZnRfZmZZQVl2WjQtYkJUNXoxQTZyMl9sZWZYQw?oc=5,bankacılık sektörü,2026-10-07T08:14:54.784617+00:00
2026-10-05T08:08:54+00:00,Piyasa Göstergeleri,"TÜİK'in eylül enflasyon verilerine göre ekimde kira artış tavanı yüzde 31,49 oldu",Anka Haber,https://news.google.com/rss/articles/CBMiugFBVV95cUxPZGhBZlYtMklpMmFaX0pUeXV6c3dXMktJMHhtVkIzNFRuNzB2TVRMVmd2bmNVR01lczZkX3VoTlBkYVNkQ3laQW1GdXlWS3lkR1RiZnBHeDZhYm5PUVlibzNleUxPTnVabUNEenB3aGZsQ2lVZ2prY0VwRHhTMExxNlc0d1FHakhxQV9CS0Rzc2U3YVBXYi1LbG5tTkNGc2xUNHJMUU9nQ0RJMjFUMy1qeE9kbnNJWWdEUnc?oc=5,enflasyon TÜFE,2026-10-07T08:14:54.784617+00:00
2026-10-05T08:02:49+00:00,Piyasa Göstergeleri,"Enflasyonda 5 yıl sonra bir ilk: TÜİK'e göre fiyatlar yüzde 29,73 arttı",DW.com,https://news.google.com/rss/articles/CBMiuAFBVV95cUxQbzVBbnpDVDdDNlFxbzIwODVDRm5ZUWJrTnV0WG5aTnlzaHJaOGZuY19jLXV5NWZtQVBFTGxBdko3OC1xWnBPVW5iMm1scXdxOWZkd0UyYUw5ZHlueVFDa29HQUlTWjFCVGY2Q2dYa2NxY3hWMi1TZUpHb0FKQ19Pa2ljQ3JocUFtR3JwYXpJTjloU0RqVjRrQTdfQkphSDRQTDdrcUl4YkcwbWNISjFtTE81Vy1HUTg40gG4AUFVX3lxTFBHWDk1U0hOVHhpNmlvNWhqS2FQamFjTzNUYkw2S2dzT0hmcVo2Qlk1ck5mUUNyTzBMUE1iWk9CRm5YQTVyOEVuQ3lCc0tVZTBUcllQdzdmbUl0aklJSEZ0V0xhSjFGMzZCMmFtdFk5Yk1hSmt2U3NQanZDY2lYd0lycVVDcmJsVlFqeGg5UlZITHN5d0g0UjV2a0pZbUE1TzdDSEViMHV4X3F0SFh0UDgwTzJCWVhkTkw?oc=5,enflasyon TÜFE,2026-10-07T08:14:54.784617+00:00
2026-10-05T08:00:00+00:00,Piyasa Göstergeleri,Eğitimde aylık enflasyon yüzde 14’ü aştı,Bianet,https://news.google.com/rss/articles/CBMie0FVX3lxTE9rM1pYT2lodmZJTWtRR0xHc0ZST3JRYVdnN3h2S0MzalJjODFlTm4yTE0wRU4tV3FORnltZThTYmtXc2hBX2h0SVBaS1Y3Y0ZQNjdma2dSZHdyT3d3VFNMcklKV0NCTXdFejFHUWdVSEFVUDM0enRnZDhJNA?oc=5,enflasyon TÜFE,2026-10-07T08:14:54.784617+00:00
2026-10-05T07:56:10+00:00,E-ticaret,E-ticarette sahte yorumlara erişim engeli: Yeni dönem başladı,DonanımHaber,https://news.google.com/rss/articles/CBMingFBVV95cUxOXzB6RHZFWFBvbTNFSG44TlBLRGo3anMzZHl6SXMteEd5bUdkY29USWkzb2ZZN2dISDdHajBVZC1TbzJWcnY4S1NMT041UTRNb1I1TTJobm5KZm53ZUsxMFpQSEVTNkk4LURWVmZsbTRFU2ZTZEtubWZSYTFaaUNrcGRaSm1YYnFkZjFscHJiOWR6cG5IejVXejBONjByUQ?oc=5,e-ticaret,2026-10-07T08:14:54.784617+00:00
2026-10-05T07:41:00+00:00,Piyasa Göstergeleri,"Eylül 2026 Enflasyonu Belli Oldu: TÜFE Yüzde 1,84 Arttı",Medya Gazete,https://news.google.com/rss/articles/CBMimwFBVV95cUxNUk5qQWRFb3dhQmJjLVU4TjBaSkwxN1poZzFyb1VrLUI0Q094SkkyVWl3b29fTDQzRmlocFlrVUpXU2RzUldJY3pkTzVDQVRqWUVaVy1RZHRwV0VkNVJUUnp3S3RraWU2ZG1ldHdYZFVRVkQ1dG9YRFNvSG5KUm5vbFlIOU13TTVlOEZmQ251OTRGS2oycXFMTXZkWQ?oc=5,enflasyon TÜFE,2026-10-07T08:14:54.784617+00:00
2026-10-05T07:33:53+00:00,E-ticaret,HATSO BAŞKAN ADAYI YAVUZ’DAN YENİ TİCARET VE TURİZM MODELİ ÖNERİSİ,Cemre Gazetesi,https://news.google.com/rss/articles/CBMizwFBVV95cUxQeFoxaDJHZzZ4SVc1d1E4ZFpCOHBrZnFjb1FPZVV5YUtGaWxuVTBFN1FubThYVnpaaG5Pdm1HZW9lMW10ZVM5ODRIRlpkRFdZN051eFpzNzI0YzVVOHY1eEhEdjhOMVJQaDM4NXl6emI1U1g0X3lqcHE3R25hcUlkbUFSNDFkb2ZTelVMd0o0NC1KRjQ0SnYxdV9qbUJZZU9OR0U2emhXOVF4LUtYSDRlbkJqRVhiU3dUWW1OT1RQSGIzZFFKVzFONEV4eVhsZzg?oc=5,e-ticaret,2026-10-07T08:14:54.784617+00:00
2026-10-05T07:33:00+00:00,Bankacılık,BBVA Research’ten Türkiye bankacılık sektörü için kredi büyümesi uyarısı,Forbes Türkiye,https://news.google.com/rss/articles/CBMiqgFBVV95cUxPQ0dGenFNQUIwX2lBcDBfY0luYy1SeHAwQTlmZmROMExRSEhZWExZS1k5X2RoYmFlMEJILUdWc28zUl83WFpHZHBLR3Bmb0x1TmRla0c0czhfZjNXWUJJeTYxUlJSMlhGa2FWc053T0JiR1dsV3VWRFZCYV9iT2RhVXp3VzNGdjRFOWJYdVZVd1RuemF5WkNjSkhJdk9USHBvc1FuWVJCRkRZZw?oc=5,bankacılık sektörü,2026-10-07T08:14:54.784617+00:00
2026-10-05T07:31:00+00:00,Bankacılık,BBVA Research: Türk bankacılığında kredi büyümesi ivme kaybediyor,Gazete Oksijen,https://news.google.com/rss/articles/CBMiqAFBVV95cUxQMm43SnVlb2ZKejhrS2w2M25IMUtjWEt4anJKNlN2Q0thdTNZTjdhWXpXTGxNZUxTZHJmQlliZldHbk5MeldISERKN1RGRE9Gd3F3b09HZ3JFSG04X1MwcE4xdFUyYVp5LXRrS280VDN5SDQyVkd6SkgtZ2JiMDMwaFF0dEZ4RFBQX2thOEdsZ0huLXEyaUI4R05WWVA1NVp6VzRFTktQd0Q?oc=5,bankacılık sektörü,2026-10-07T08:14:54.784617+00:00
2026-10-05T07:28:00+00:00,Piyasa Göstergeleri,EKİM AYI KİRA ARTIŞ ORANI SON DAKİKA: Ekim ayı kira artış oranı ne zaman belli olacak? İşyeri konut kira hesaplama ekranı,Yeni Şafak,https://news.google.com/rss/articles/CBMi-gFBVV95cUxQNXRHbGtudkZGY29FZGYwU0FJaElaMno2OG5EUWVxaUR4Y0JZc0pPX05vOTU5aDdWVkZ4eFZkWW5fbDh6eFR2NUFNaUJnU00zQ3YtOXo1TmpSYWktaFlqUHdYbWZSa3dnMW1oZkVOdGt1ZEJ5bVdhdkJWcy02QS1JVDU0QklDVl9sRS1vTnQ4ZVY0NE01VVNwVnlxN1EzOW5kZE5wYVN0LTlCbzlyeGJYRkJhVElRc21UWXByTEJJS3BsU1BjZndqS0x1a3htSFdHYzZYNUlTZnNqemt3RVR1aTE3dDMwQzVwbWppZjRpcTZvRU5zQ3RjNVN3?oc=5,enflasyon TÜFE,2026-10-07T08:14:54.784617+00:00
2026-10-05T07:22:58+00:00,Piyasa Göstergeleri,"Enflasyon ne kadar oldu, enflasyon zammı bu ay yüzde kaç geldi?",Yeni Şafak,https://news.google.com/rss/articles/CBMi6wFBVV95cUxPZTlpVDZ4eG02d0xmU1BjODNzX2wzU1RiWUN2ZmdYc2ZxeUYzRldQbkdkT1ZOYldGcmN1Z3diSVpGYXJoQTNvVjh6bFM5NVlwOHZENGVXeXNyTmJRejdwcjY5YWdqNjBfa1g3a1pZQ0JNWDNOZEpMUWp4NUpBdXRqdUM2ZEVlZ2dpdTBoVDJxRjhPekxmNXdLTHRTcElrbmxYcWQ3dkVBS0kzOURIdm9zUkw3NFVtR2QtXzg3REotazR3S29vbWs2OWFPZXRSSWp3UFRJY3ZER1RnNkZ4YVBBYWV4NXZnMHI0ek1r?oc=5,enflasyon TÜFE,2026-10-07T08:21:55.564991+00:00
2026-10-05T07:22:06+00:00,Piyasa Göstergeleri,Ekim 2026 kira artış oranı açıklandı: İşte konut ve iş yerleri için yeni kira artış hesaplaması,Capital,https://news.google.com/rss/articles/CBMi2wFBVV95cUxPejI5R1c4eXNUN3dWYTFia2EzN21fVFJCSVkydFA2ODUzT2NvN3V1MjY4QTVoalRCZ19rX29pVm1WN3RKdnJ0WFdFWjctdWdYN0xkdGtwNUJqUkxaZ05oZTJITjNLalhLU29aYmhGaHgyb3hVLU5uTFJrZ0dxcUw5OFR3Ml9MZmU5VURzTVdjdkpVUS1VMHpXWU1PZllCV1RWVmZBb3hYdktqQXdpaG9yMnlLazlUVXRjNUtFS2tjcnJ6Y0V2dVdfNmRkSXpfR3lqRjdWN1NnLW9ZWVk?oc=5,enflasyon TÜFE,2026-10-07T08:14:54.784617+00:00
2026-10-05T07:18:00+00:00,Piyasa Göstergeleri,Ekim ayı kira zam oranı (tavan) belli oldu: Örnek hesaplama,Platin Dergisi,https://news.google.com/rss/articles/CBMioAFBVV95cUxORmpDaE83WDJxUUVJemtuQ3VpeVdmTEJJTF93RldDTmY0aDF4RkJZWWp2aDJLT3AwT2c2cElwTmRaNzlfTmZxZ2FRZ2lQcW83dGZvRUF5eWEyQ2tBX3I0eThRaUlFXzA0UXJCbTBMeHZqS3dKS2hLVzFNemRfenlZZlNVZF9RQVFqYnYxNTVibTVGLUlJSE1hYkV6aGh2YktB?oc=5,enflasyon TÜFE,2026-10-07T08:14:54.784617+00:00
2026-10-05T07:15:48+00:00,Kredi & Faiz,Tüketici kredisi: Güven her şeyin anahtarıdır.,Vietnam.vn,https://news.google.com/rss/articles/CBMidkFVX3lxTFBJT3FzVTRPZE1FVFJidTZuWFN4aWNOWHNrOXMtT0dRV3U0MTlUOWdGRU1IX2oyMnRjV3I4M3JnRk9fZFZWMGlCcW9ocTREeUFXb2lhU0xsampuWC1KR3NTRFJWemNzNlFRQnFaRHlNYnVTaHVscnc?oc=5,tüketici kredisi,2026-10-07T08:14:54.784617+00:00
2026-10-05T07:15:25+00:00,Kartlar & Ödeme,Peşin derdi yok: Yepy taksit avantajıyla yenilenmiş telefon sahibi olun,Hürriyet,https://news.google.com/rss/articles/CBMiuwFBVV95cUxOQk9QN182b1BxZG1FeXN2cEItSGQ4Slc0WUxpVmN3OVpHb3dNSjhtZHZqaDBIdmhFa0w2ZUdFREdCNUVmbl9abW16Q3JtU3dYQUZoOHloRlNvc2U0empZaS1GV3dNNXhTNUgtSHlZbTVTUk1zVjg1Uld5MkFfRTY2Qlg3NWFpYWFsRHZOOGp3XzdoUnQxM0g1ZGFEdHFLWlJLQmJqQThEY3pGSVlpajBFNHQ2amhkMEVadkZV?oc=5,taksit,2026-10-07T08:14:54.784617+00:00
2026-10-05T07:15:00+00:00,Piyasa Göstergeleri,Eylül ayı enflasyon oranı belli oldu,TV5 Haber,https://news.google.com/rss/articles/CBMia0FVX3lxTE5JRHoxSWRSUWFORzN5dzNxRnNKbEJqNndSdjVEWGl6Vkd6cVlzVHJ0RHNTanNhbUJjNWRFNzBicWVHcl8teE5MN003OUpEX3Vrd1JXUk9oUXowenRMU3hQYkRTbWF1S0t3NlFJ?oc=5,enflasyon TÜFE,2026-10-07T08:14:54.784617+00:00
2026-10-05T07:13:18+00:00,Piyasa Göstergeleri,"Eylül enflasyonu: TÜİK yüzde 29,73, ENAG yüzde 46,61 açıkladı",Euronews.com,https://news.google.com/rss/articles/CBMipgFBVV95cUxON1FKaWZjRlMyRUszbGxtS3pwRDhla1ZtOHhUbGdkUWFkWFlMR19VZzRxWktoZU5QVTN3SFpIbHNxMDdxTlM2S0ItTjNjaE1HZ0JpWXRWQmFOaEpoTHcwa19wX01JN3NweGxJOTVsbjVvYzdocXBVeGVpWTlhRzY4cFp0MWswUGk4WUFqcFBCcHk2NDRQZlJ5eU1pQTJGMkNPN3R0TUpn?oc=5,enflasyon TÜFE,2026-10-07T08:14:54.784617+00:00
2026-10-05T07:11:00+00:00,Piyasa Göstergeleri,Ekim 2026 kira artış oranı açıklandı: İşte konut ve iş yerleri için TEFE-TÜFE'ye göre yeni kira artış hesaplaması,Yeni Şafak,https://news.google.com/rss/articles/CBMiggJBVV95cUxNMFAwSFZLQVpJX3NXWm1PdlVOdGJWUWVPNjI0SEVTWjJiYURscGR0WUZFNlUwZ29TOG9YNVk3LWdVU1A4c2VZSU53SlcwelpmazhNdjF1UWtXUkg0Q1ROYzExSVNodlQxS0gwS2tKcXFsWEFuNHlCd3pobE5BNVFPXy10dHZrWGtnNjJiWW1taDVVeDJzdHktbDdaWDJ0NzdITGxJY19TWTZEazkzM0d4WTVDbDhZT1IzYjNOd0s4UHFMVHl5a1ktNERhd2lRaTU0cW9tNzduTnVPdmJqLUVsMnpjaEZsaVhIMlRNejZERU5RSTAyZ2RFU3pjTjJlMWNURUE?oc=5,enflasyon TÜFE,2026-10-07T08:14:54.784617+00:00
2026-10-05T07:10:00+00:00,Piyasa Göstergeleri,Enflasyon açıklandı: Kiralara yapılabilecek zam oranı belli oldu!,halk54.com,https://news.google.com/rss/articles/CBMijwFBVV95cUxPbTFtYk1ZaHhSYnQzQUZjRHJSNmp0WF83cUxLdUJ3OEJiZW9sOHprQnRtQ2ZVQURtTF9qalhjQmd2QVgyZzYxWmJ3bU5lLWJ4bnJmUWEtVnpra19tN1dzOEtETmNhMUFEb3N1aUpiVXdBZzZvWl9ieVE1MDdKV3F0anh0MnhCakVDenQtVTBjMA?oc=5,enflasyon TÜFE,2026-10-07T08:14:54.784617+00:00
2026-10-05T07:10:00+00:00,Piyasa Göstergeleri,Ekim ayı kira artış oranı belli oldu,birgun.net,https://news.google.com/rss/articles/CBMifEFVX3lxTE5BNkJONlFHRGNvb2dZbDFaNW5nOU5uTWxPaHRLblpHTWNxQU5jMGF2dE9tUlhWckY3Vm5NMElpS0ZhaWh6Ukt6SHVFSVVxeGNfVHRZNldwaXg3c3RZNC0zTXdVZmtHcFBkNHJ2LWo1d0k0VHFHdDFHRG4tV28?oc=5,enflasyon TÜFE,2026-10-07T08:14:54.784617+00:00
2026-10-05T07:09:42+00:00,Piyasa Göstergeleri,Eylül enflasyonu açıklandı,Independent Türkçe,https://news.google.com/rss/articles/CBMiTEFVX3lxTE5FbVNEZjN2ZVU3R285NVE1bFV3ME1XZ0k1dE9tcjYtS05xWE1TbzRQQ0hIRUxuWkdNZlV1bXR5endLdTNSSmV5d1ZTdkY?oc=5,enflasyon TÜFE,2026-10-07T08:14:54.784617+00:00
2026-10-05T07:08:32+00:00,Piyasa Göstergeleri,TÜİK ve ENAG enflasyon rakamlarını açıkladı,İlke TV,https://news.google.com/rss/articles/CBMiakFVX3lxTFBnUko5V0Y1UUphbGJLWHdIeGh0bzV0YmhLV00yampXWGYwYmVTUzBqS2Y4MXdyZlZ5V2o3Z1RNWngxYjJaQzhaTmVRN0xfNTVzQWxBUnhJUHFpR1h5cXpJNzRPVktQZ0hHcUE?oc=5,enflasyon TÜFE,2026-10-07T08:14:54.784617+00:00
2026-10-05T07:08:21+00:00,Piyasa Göstergeleri,Ekim ayı kira artış ne kadar? İşte kira artış zammı oranı hesaplama tablosu... TÜİK TEFE TÜFE kira artışı hesaplama | 2026 KİRA ARTIŞ ORANI EKİM SON DURUM,GZT,https://news.google.com/rss/articles/CBMikgJBVV95cUxOUno5b21maHhUQTF5Z2hLaS1LUW1UQURxR0dYRWx1TEpyWWZtSDY0M0NrejM1cDFUbzZBQmZwRHBjMHRPSUxLNkUtNFpwVzVTV2E1U2ZtdEpiY004M1F1cjRoM0dlRldDU2hGSFlyOEoyYy11WHpDWUZ2YlZSYmtVUW4tVTJvSmtUUF8yTVQyVkR3dmJhc000VUpWOTdnYVZESVZtNGROc0Y5WnYzSkZpUm02dFQxT0pYUFE5bzR6ekYwX1Rwd2RwOVV2Ri1lemc5aVQ2M1NsNVdFUThXcmdBV1QwMzlna1VWWFVTMTNPaWFldlNvazRPY0dBTDYwNE5EeGV4V0lscXZtZWMtOVAxVlln0gGcAkFVX3lxTE5rVnF1X2JFazNxc25SSzVPUHZOakZtTEdRT19DMVhEZW5FTUNLblhpcXRPSE05WGlyRkJYNEtnWGo3Z2V3NGxGY3RBRjFNUHZRUmlNRndRUXpDelpZM2FDTHZnZXlKcWNOVlU5R2xjOXh2UHREUkNRckJUOUw1MHpoVVJuZjhwN0MtNFAtZHNzOGx5cmVVaXZDRl9JbHJ4aDM1ME9PZmdVVndldVQyR0dTUXZlb1BCcm1JMlFXR19HN29Sdlp1ek13UFJJN1NVM2E1eGs1WHVoQm5jTWFROGxaZG5tLVJRZHlvdk1GWE4xb25Nam5HNWlrdVFfVDZMcjBFeXk0U3VyUjJzWDZYNjZlb2ZGOF9pcW81YWRt?oc=5,enflasyon TÜFE,2026-10-07T08:14:54.784617+00:00
2026-10-05T07:08:00+00:00,Piyasa Göstergeleri,TÜİK eylül ayı enflasyon verilerini açıkladı: Ekim ayı kira artış oranı belli oldu,Cumhuriyet,https://news.google.com/rss/articles/CBMixgFBVV95cUxORDdlQVNGVHpfYUZOU3c4eTZNWm9NNFBXZnRKb0h4VlpTY3BGd28zNEN5RnVwaktaOWEzemVpZ0luSlNvRVhoc1RJVE1iR291X3RjOFE1SDE0NzdiYi1sVENfa1ZpLV90UkVzdGRlTFVpT3hDX0lsTG5DQUdFOV9DM2xKZ3BZbnVuZV9hOG1LSFdTX0t6MGFnSWd5bFB1TzJyRmhtRGdYSU45Yk9zQ2pvRXpOME9nN3hvb1ZJUElPZUhOcWdoMVE?oc=5,enflasyon TÜFE,2026-10-07T08:14:54.784617+00:00
2026-10-05T07:07:25+00:00,Piyasa Göstergeleri,"📊 Eylül ayı enflasyonu yüzde 1,84 oldu 📈 TÜİK: Yıllık enflasyon yüzde 29,73 olarak gerçekleşti",Instagram,https://news.google.com/rss/articles/CBMiUkFVX3lxTE9vTmo1eDRVRzFac1k2NEtjTzZXZk9rWjNOa2E5ZkIzYUFnYUlxNnZWS0RRNmE5R1RZenBGd2dLRGN2WmJPS3pUdklnR2ZDTC03NVE?oc=5,enflasyon TÜFE,2026-10-07T08:14:54.784617+00:00
2026-10-05T07:05:53+00:00,Piyasa Göstergeleri,Eylül ayı enflasyonu açıklandı,Platin Dergisi,https://news.google.com/rss/articles/CBMigAFBVV95cUxPMGhPWlVRYzU3MmJIcHBUODRieTBpVUdXWE5QdTRnMkxueDNXWVMxTDJHY0lRdEZoN3hQYXRMVHB3WURuUXh1ZUt1bmFsVnFYSVNFdVp5TDluRWF1Vk91Vk5MNVViMFM5WE5rU0pDN1YyYzdreGhpSG9zMGFPU0JWcg?oc=5,enflasyon TÜFE,2026-10-07T08:14:54.784617+00:00
2026-10-05T07:05:45+00:00,Piyasa Göstergeleri,Ev sahibi ve kiracılar dikkat! 2026 Ekim kira artış oranı belli oldu: İşte örnek zam hesabı,A Haber,https://news.google.com/rss/articles/CBMijwFBVV95cUxOR2Y2Tl9IM05nNlBnaVdXM2VTTEFZUF9aMWFDSUhmbzhVWUluT0REb1hOaTgxd1hlQjIzdWhrVnJ5Mms5R0F0d09qZERqd1djZXdDS3QwdjUxQXZtakJuNFZkVm9SNW1ZTy1HV2Q2SmpvcVR1X2xha2hkdXMzWFR0OTgyYWlIMzNWVXZhU29IRQ?oc=5,enflasyon TÜFE,2026-10-07T08:14:54.784617+00:00
2026-10-05T07:05:00+00:00,Piyasa Göstergeleri,"Enflasyon, 5 yılın ardından yüzde 30’un altını gördü",Korkusuz Gazetesi,https://news.google.com/rss/articles/CBMiuAFBVV95cUxPU2E0czdUdWRoc0ZNRFRZUWNjUXRva19rZS13X0U4eDcwTnBUNjdsREZNLWtxeWFxdDZWWG9ZVnA2UzNwMkJZeFNBNlZ5cE9tU3dCUlBJbFVmcmZ2cG1sX0wxVVdTd2cweU4taHNoWl8wQ2p3YS1YTUlPWnpDZVZqVll6V0t2TlRTRUdLU3h5eDhIQnJvazBvd1JSWXJpdmlOc3Y0bWh3MG9LWkFQV2F4YWpLWS0ya1N5?oc=5,enflasyon TÜFE,2026-10-07T08:14:54.784617+00:00
2026-10-05T07:05:00+00:00,Piyasa Göstergeleri,Milyonlarca kişiyi ilgilendiriyor: Kira zam oranı belli oldu!,Haber 7,https://news.google.com/rss/articles/CBMirAFBVV95cUxNY2xROGMwUk5KY2xTd2pMNmxLSEFNc1FmZHlYNnVUMnRQR1dmTGtOZ2EtYmIxbl9TQWFuQ0tJaGRhWmdLSHlEeV85S0xzU2R4allORjZrZkFFVUp1Y2RVRW9KcWJWOE5tTTFVaFJyejRJQmFsNVV0OFZUVDYtM0o5Tkp6Z3lkdWg2d3B5aVNnMnNFb3FTOE5SZW1sakVQYUxKc1c5RDl5OFhqNGVp0gGvAUFVX3lxTE5jZnhaRER2SkFIVlZqSE5OX0k1ZWZZenhSSlNBQTJnb2xkY3plWkdnajV3ZmhMZWlEY2tpclhIdzhIT1d6dTE3MjBmUjJ2YU1Ta2dCaEdqY1gyNmtfclBHYzNxUFMxcWpkMlJERjdXVVVDMGdYdk9nNDhBTFF3cmdSSy1GMzJhbUExRHllcnY5X0w2WUJJZVNLM2hRUTRCSG1JTW1tbEhUVFdWeU55NHc?oc=5,enflasyon TÜFE,2026-10-07T08:14:54.784617+00:00
2026-10-05T07:05:00+00:00,Piyasa Göstergeleri,"Enflasyon açıklandı, ekim ayı kira artış oranı belli oldu",T24,https://news.google.com/rss/articles/CBMilgFBVV95cUxQemI2aU9ZekFYNUtCQWxxNDZaaGk4d1EwdERicnQ1aVZzWG1yU1Yyb3VlbXVXbmU0aG1qZ0xjZ05qYmNNa3doMW9oYlRyUmxacDBwY2JGalVNVE1OSXV5VTB4M0RyRUxETEQ1RGh5SXlfMlBtcE1JV0V6QnhxM3dUcGc1WUpLdWdHWkhLSnotZVV0ZlNLbEE?oc=5,enflasyon TÜFE,2026-10-07T08:21:55.564991+00:00
2026-10-05T07:04:41+00:00,Piyasa Göstergeleri,Enflasyon açıklandı: Eylül’de enflasyon yüzde kaç oldu?,Kanal 3 Tv,https://news.google.com/rss/articles/CBMihgFBVV95cUxPNmV3UHRIaDh6LUdlWUt1U3cteS1wc245MU8wYW53Z1pVTi1PVmdGdFZudEQyVVZZZjlqUjhmNDNLUTdyaGx3c0tqbklDUkIza1JzQktzMHdmeEwzLVFFQVBWLUZLdXVuSWJPRWJxQkhyYWdNRF9ONzVtTXVEYTlpckVIYnZtZw?oc=5,enflasyon TÜFE,2026-10-07T08:14:54.784617+00:00
2026-10-05T07:01:36+00:00,Piyasa Göstergeleri,SON DAKİKA | Eylül ayı enflasyon ne kadar oldu? TÜİK açıkladı,GZT,https://news.google.com/rss/articles/CBMimgFBVV95cUxNcVRxVy1lUE1mYjZvbWh2WG52R2NzVlFfVi0yczFLQ2Jna2w2RkVhMll0NU1EdmdiT0k5cHA2MXNaNG9oekNnZGt5eHk4VU1Mc2hSelNoY2h2UzZBT2MzT3VwWmpIN0p4UlE2UmZNMVNULUk4TVQ4MElTQ2lpQ09NOHRRSWh3eU56SkJwUXliMFdSR3VtT3drRmpn0gGkAUFVX3lxTE1IM1NoZ3RhM2J1TndoSzBRcERaT29hVURMelhMdXprN1QtSnVCaFFSbHgyd05WOTREVXE4OC1RcUs2VjAwTl9vbkVSdXNRXzFNZlc2VDh4S0MyWXVkSVFBdFpZczRoSmJWLWxJWURRSVVpbHFzb3A4WHVETUhsaU9VZ1Q0RDRCTHlKcUtPRnI0eXZYS1B2VHZwSE9tT0dIN1FWWi1G?oc=5,enflasyon TÜFE,2026-10-07T08:14:54.784617+00:00
2026-10-05T07:01:32+00:00,Piyasa Göstergeleri,Eylül ayı enflasyon verisi açıklandı mı? 2026 Eylül enflasyon oranı | Türkiye Ekonomisi Haberleri,Yeni Şafak,https://news.google.com/rss/articles/CBMirAFBVV95cUxOaVZJYUVoMnhDVlVxRVJkYm81QkE5dklZRmJlcUtLYUJSZVBSeEpZNTRMcndjbFlYSTNOWUM4WkVEXzBTQzB5U3pTVF9GMkNfcldscW1aeDFBNG1rQl9NWGRNeXAyVWdReHlGbUdyTlN1anBOMkpOekdiMnVSdUtxd0ttelQzdGt2OXk0MTNZczA5clNieVZXWUp1aGRFS2xXM0hKeXBUQlF3RnNT?oc=5,enflasyon TÜFE,2026-10-07T08:14:54.784617+00:00
2026-10-05T07:01:29+00:00,Piyasa Göstergeleri,Eylül ayı enflasyonu belli oldu haberi,Borsanın Gündemi,https://news.google.com/rss/articles/CBMigwFBVV95cUxPeDBEWERjSXY4a2hHYU5SWHROcW80LVBTVWFTUDNQaFlubEU0YVZqUGdsS3dTNmZDWVEzQjFmOVl4NW91WkpGbXFETFh1YXR6T0JtMHQweDdtOWlpLTdJS1Vvb2dhMW16U3J4MkpPZDlHYllXQUNNU0QwUUhyb21oRHpfdw?oc=5,enflasyon TÜFE,2026-10-07T08:14:54.784617+00:00
2026-10-05T07:01:02+00:00,Piyasa Göstergeleri,Eylül ayı enflasyon oranı açıklandı,Midas,https://news.google.com/rss/articles/CBMikwFBVV95cUxOcHBhZFJPSDhSWXBuaDRxVFFDNldSRzR2Y0JWWllBRERuSWo1d3RHb0hjQjZZOUxQNTE1X2dndy1pQ21HTkRCRVNzR1djUWVkVDFseVdhZmVkRGlCM1piWlNoTHNRaS1NQm51cF8zWU5kSGFveDVnV09UaXJfQjhhUlBiSjNqbXRXUDNnMmttLUUwR0k?oc=5,enflasyon TÜFE,2026-10-07T08:14:54.784617+00:00
2026-10-05T07:01:00+00:00,Piyasa Göstergeleri,SON DAKİKA ENFLASYON HABERLERİ: Eylül ayı enflasyonu kaç oldu? TÜİK yeni enflasyon rakamlarını açıkladı...,Uzmanpara,https://news.google.com/rss/articles/CBMimAFBVV95cUxOWjl6VlJJUnVCMFdNLU5WdVN2Zk8tN1BRTWtsTkxjdm1YaEdVbWxNa21YMDN0XzBfWHJCSEUwSUlEcXByc3pjTzdRcENkbW52RFZLdDdNeVRBYlRoUFpRTko0TlhsSVZ0akIxT2tOaDBocFBueWVzdHdJLUxSR01FYlFGNFFQLU5HUW1lbUdtdXliYjRlNmVHRw?oc=5,enflasyon TÜFE,2026-10-07T08:14:54.784617+00:00
2026-10-05T07:00:58+00:00,Piyasa Göstergeleri,SON DAKİKA! TÜİK enflasyon verilerini açıkladı! İşte eylül ayı TÜFE oranı...,Sabah,https://news.google.com/rss/articles/CBMisgFBVV95cUxOM1N2aDJzR0NQTHhRcV9LeTRZeVM0WVFEZmVaWlUzaXRyTEZJQXZmN0F2bTRSVDVNZGpPaHZyTnJPSkFkQldxc0toVVNKSzFrR1hGNDZzMWp6MlFoUDBhMEFOeDdhVnVaYnZoVVJZVExZQkk2QWFZcUIwMkdUWHJ3LVNqNVpvVVRxYXJzSHVzSFcyaW52YkItZHl4VkNxTFozenlkZG1QcWpOdTNaZG5mWUNn?oc=5,enflasyon TÜFE,2026-10-07T08:14:54.784617+00:00
2026-10-05T07:00:00+00:00,Piyasa Göstergeleri,Eylül enflasyonu açıklandı,TRT Haber,https://news.google.com/rss/articles/CBMigwFBVV95cUxOVUdPVUFMR0tGeC1OMm5Yc0psYWJ4ZXB0cC12M3M3a0VUUGtmMmFybmNCR3A5cF93NHp1cld0dXRRYU13bl9sZUloMjRObEdJYWQ2dUYzZGU0VS1KeHEtalpBT18tSTRLQkF4Uy00aDJnb3VacC1zNWFpTTVuTV9xRDdDUQ?oc=5,enflasyon TÜFE,2026-10-07T08:14:54.784617+00:00
2026-10-05T07:00:00+00:00,Piyasa Göstergeleri,Son Dakika... Ekim ayı kira zam oranı belli oldu,Sözcü,https://news.google.com/rss/articles/CBMihAFBVV95cUxQLVFmOHZqWjlQOXJobG5qNWE2aktQVVU0Nk8tWTlYOUFNVWdsNkV0R05NSVI4aGxwYk9tOF9jaFRwTHpIYlg5R2ZIN1plOThzSnFQYXpuaTlEcnlrcjNsR0NYek0xd0FyWDNFc1hhenVodjM4QTNLa0JUWDVMLXNjNGs1Rlg?oc=5,enflasyon TÜFE,2026-10-07T08:14:54.784617+00:00
2026-10-05T07:00:00+00:00,Piyasa Göstergeleri,KİRA ARTIŞ ORANI EKİM 2026: Ev ve iş yerlerine kira zammı ne kadar oldu? Kiraya ne kadar zam yapılacak?,Dünya Gazetesi,https://news.google.com/rss/articles/CBMihAFBVV95cUxQREtBcmo0eXJzRlhLTFNOMEwwNWp2RC1WSXU0bG5BZHRkN3hPSlVQS3NKQjloekROckk2VzJkQUlsa2hoU2pmWF9EUGZwUElrNEpHdVlOcTdJQXpvWTRWaGc1NW9nNFFXS2R1cXI5TFRsd1NWYlI2azYzalozZjRhVzhQOUo?oc=5,enflasyon TÜFE,2026-10-07T08:14:54.784617+00:00
2026-10-05T07:00:00+00:00,Piyasa Göstergeleri,Eylül ayı enflasyon verileri açıklandı,Ekonomim,https://news.google.com/rss/articles/CBMijgFBVV95cUxQV1BSdjMzX2dFRy1Jenp3YUJMeGxTTlIwUHlObVg3N1F3LUZKYURsV2xmR0FIMjdvQ09BaVFkOURwVW96LUd0eGdNcW5aWV9uSzVKcXc3V09SdTN0NVQwSG5kWTRqaWFDaGxHWi1SYlQtUGY3c2Nqb2hWeWM1VVhxRTJNSzZuNTQxQ29uRDdR0gGTAUFVX3lxTE9RQUV4SHEzMW8xQjRGYUpPak42TGtRSkw2czBQbTZnTHdmcGRieU5wMEdCS2lXeWNrT1B3NXBtQzNHNHNvaDBwSGU2dFUxY05qLXVKbGR5OVlubHljanZTNHN6V0ZnVU81NHhoMjZiLUZpNm81a3JHOHlYY1FsaVlhWW1YaTJZTzN3dGlSbFhfaThKOA?oc=5,enflasyon TÜFE,2026-10-07T08:14:54.784617+00:00
2026-10-05T06:57:49+00:00,Kartlar & Ödeme,Kredi Kartı Asgari Ödeme Limitine Yeni Düzenleme,Mahalli Gündem,https://news.google.com/rss/articles/CBMijAFBVV95cUxORUE0VHF4X0xTNDF0Snk2M242RVR6eUo2a2h4UTZVYzF4OUVJaTBRY3JVU0ZiQ3M2dWV6LWJYQU5tY2ZmdzVid3UwZUNucVNHcmJhNTNGUVdEY0ZwUXlFNWZmX3hYV1NPVnpENnMyWG00Wko2RHJJQU16ZHlSb2w2a2QzSkV1RFV6S1dzTQ?oc=5,kredi kartı,2026-10-07T08:14:54.784617+00:00
2026-10-05T06:57:00+00:00,Piyasa Göstergeleri,"Eylül ayı enflasyonu açıklandı: Yıllık yüzde 29,73",Manşet Haber,https://news.google.com/rss/articles/CBMihwFBVV95cUxNaEd3Sl9reTdaVFFYR0RUdmlpSDBrRXYwMDBBNkxubUhlTlBFSE5XMkF4QVU4RG1RTmZUc2tMdUZUckJZU0JxSFI1VHlET244Ml9qU1Y0N04wNXBMX1NxS1hwbWtwMlp4cjIxd19STzdxNzJjeGpCQkpoYlRTc1NJNmhlNThoTGc?oc=5,enflasyon TÜFE,2026-10-07T08:14:54.784617+00:00
2026-10-05T06:55:50+00:00,Piyasa Göstergeleri,"ENAG: Enflasyon eylül ayında yüzde 2,10 arttı",Anka Haber,https://news.google.com/rss/articles/CBMiiAFBVV95cUxOcXltQmh5RHI0RXFXSGhpX1haNlpTYVJKcXNid2Q4R1Q5S2tEcTJlbUR1TlNfbmxIUGNub2MwNGdmMnQtYTJ2Z24wMjk3aUpQLUd0ckwzZ1p6cDVqVVZSSmtlbzhJcDFPQjdmZ0dNQWhWZDdZT3RVV2pnWHpMRVB6dk84elg2cFVN?oc=5,enflasyon TÜFE,2026-10-07T08:14:54.784617+00:00
2026-10-05T06:47:00+00:00,Piyasa Göstergeleri,EYLÜL 2026 ENFLASYONU BELLİ OLDU! TÜİK aylık ve yıllık enflasyon oranını açıkladı,Gazete Vatan,https://news.google.com/rss/articles/CBMiwAFBVV95cUxOTWtSRElWb05OUDZmdkZ0am5jODVVWDZuQ0lERW5EX1NaR1F4Wk5zTVBNdXUzcDF4a1BSZVI3TXIxdDctWl9sOTF6SEhJRjVfVEIxOTFtNnpWMHg5RzFCV0JodllwaE14aWtJUFhNVUk4ZVBwVEROMXFfTmNtQTh1Zy1jdmhmRnBreXEtWVFYdzVjdG5KSk9HY25mU1lDamFDcU9EeXVXNWtWYms4QVFSOVVId2VqLXFmbVZETEJjWmI?oc=5,enflasyon TÜFE,2026-10-07T08:14:54.784617+00:00
2026-10-05T06:44:00+00:00,E-ticaret,"A101 AKTÜEL ÜRÜNLER 8 EKİM 2026 || A101 Aldın Aldın online kataloğu yeni neler sunuyor? A101 afişi ile çocuk ATV motor, bebek arabası, elektrikli araç şarj istasyonu, katmer ve gözleme sacı, akıllı kamera geliyor",Hürriyet,https://news.google.com/rss/articles/CBMiowFBVV95cUxQaWZER2c1c0FpUkM1Y1ZWNXlPNzFLUXhuWkFfX19yNkxoS1U0dng1bnBfYWkyTDYyc0ZPcE05bGtIeGJVc3duNTZKaTQ0eW0yS1pfSEg5d1hIbXRVVFdtTjIwMXJQb3pEWjZZdm5ySEE4Sy1XVEpZbF9PR2UyZGx1X0xYckthRXUzWXNEakZVTGU1bUJZdDN2Um9aRUV0VkRON0s0?oc=5,online alışveriş,2026-10-07T08:14:54.784617+00:00
2026-10-05T06:35:13+00:00,Piyasa Göstergeleri,EMEKLİ VE MEMUR MAAŞI ZAMMI 2027 OCAK AYI TABLOSU (ENFLASYON FARKI) || Memur ve emekli zammı ne kadar olacak? Yılbaşında emekli ve memur maaşı ne kadar...,Bigpara,https://news.google.com/rss/articles/CBMi2gFBVV95cUxOY0RlYkxpUnAxR05NRlRFTWJmYjJ6Q2VQUExHZ3lUQjh4djRXUzJjTHJMVDI5WFNjTUJlV0t2NXJpbXNMVGNmcWQxMG1vdENMcjUtbG8xME5vMS1vMTJPaFFrVXNYLTlNNE05dGtsRWRRN1FBYkJxQ3dGZFIyVkRqNDJCQ0hDYl85bU1rWVVxVVEtTmJBaWtVQlJzMVE4TlB5dkJfRS0wSE5jWldCMXRFUmJiRWtkLTFORmxQS0tneDJoVlY0cEt0ZlFfSEFiU0t4dzF6aXFZdGVQQQ?oc=5,enflasyon TÜFE,2026-10-07T08:14:54.784617+00:00
2026-10-05T06:33:28+00:00,E-ticaret,Online alışverişte yeni dönem: Artık herkes bunu yapamayacak,Yeni Şafak,https://news.google.com/rss/articles/CBMiowFBVV95cUxQaVdhX3NUaENzWi1UaGcxbmdjUGw2YTh1SjBuSE45aGsxT0s0U3VCWEVrdGdsRXlHYjQxLXpUaUVYVWNHWVhwU2g4QlVRNmRrYUQySGQ0MlBCcjBFMjEzOUQ2LVR3WFdBYWJJaS1vZW9CbEZ6UDNRV2JxX2NBUTRsdUN3aW1mNV9zR3k4bEp6aDItWGpkSERBS0hXYl96X05aOS1n0gGuAUFVX3lxTE5jVGYyMGpEZEFHQnc0emJlUDE2ci1FTHNIWkoyZHRLTklWLVpQMzhQOTNRUVNTdzVIb0Fjckhibjg5RHFLRzJhVlJNaTFsY2w5ak5lbU0tdWkzUTVsdmNEQXF2MHZKTDhxLURyMklPdUlNdVJFVFlrMWM4SWExc0J2aVNfMFJrRWRIbkQxYzA4dzFOU1pMZkVLSFBWNXdmVHJMNGh2amF6alVUUHRtQQ?oc=5,e-ticaret,2026-10-07T08:14:54.784617+00:00
2026-10-05T06:31:00+00:00,Piyasa Göstergeleri,"Eylülde enflasyon yıllık yüzde 29,73 aylık yüzde 1,84 oldu",Gazete Oksijen,https://news.google.com/rss/articles/CBMioAFBVV95cUxOaVpHekZMQ0FlYWpkd2d5SU01RUFHejMyaUV3Y0JHdHJNUDVYaExnUklBMUNjeVRoZkpnellOVTZYYmVPcjdTX3JiUENGWHhkUDM1X0lsbkFocTJsRTBUNF96SGdxQWtqeVFJMlMxYTNSc2dsYm1BdkRCLWdPa3lGSlBjNVBybTZ6TnZ4SkVKaWJHV0xNWkVLZVVoMmxmenVI?oc=5,enflasyon TÜFE,2026-10-07T08:14:54.784617+00:00
2026-10-05T06:31:00+00:00,E-ticaret,"E-Ticarette yeni dönem, artık buna izin yok! İhlal edene ceza",İnternet Haber,https://news.google.com/rss/articles/CBMitgFBVV95cUxPT253RGMtWnF2MTVBSzRPT1k2ZnJQaHh1NGtFdWZaTE5uX3gxRnRJbHRQQWlJLUpPUUlIY2dBVDZ4MldVUENXZUhYVFNVTEZxY043MXJfTkRQeGpvb3pYbHY2ZVpfRFBNeFprN1BTWkg3S2ZZX0VwX2RHSmNrcHMtNEZEMER0QUloYVFqNEdpTUF5bnJlZTVzWUtERWV4Tl96dXpFVHFpa1VfNHpiMFptdEFVSVB3QQ?oc=5,e-ticaret,2026-10-07T08:14:54.784617+00:00
2026-10-05T06:30:29+00:00,Piyasa Göstergeleri,"Ekim ayı kira zammı belli oldu! Yüzde 31,49 tavanla 30 bin TL kira kaç TL oldu?",Takvim,https://news.google.com/rss/articles/CBMi0gFBVV95cUxOdEp0bFcteXRxeDQ1a1pYV0FlRkpFVm1SQVpQaXozeXZMdnJhVmFya2p0T3d6OWNlUGxjX2h5cVBTeXVwSFBxa3c1YmRqRVViSDNrNXRIcmpmVW52eUFGZ1pXRi05LXVWNVB5UTZJYkNRZW5HS1ptMGVjRHVSR1daTFlrdWxqaDlPcnFvYWFaSFVaMFFyVDl0bURzZV9vdmNRaC1Edm5CUW9yWDA4b1VYeWtOT1AwQ2FkWnhrelhCX1JlemdNNWZhbHdBRlhoeTR6OXc?oc=5,enflasyon TÜFE,2026-10-07T08:14:54.784617+00:00
2026-10-05T06:26:00+00:00,Bankacılık,BBVA'dan Türk bankacılık sektörü analizi: Kârlılıkta riskler aşağı yönlü,Ekonomim,https://news.google.com/rss/articles/CBMivgFBVV95cUxONUhyUDk3ZUpFSDMwelNFTXJXVjQ5dGpqQ09aN0tzdjFReFFJXzNmMEl0Q25UbVVGSktCdnBaWUFqbjhnRW5hdTFoc0twUWNfMFZRZWN1bGFNai1OOGlGNFpRaGlwZkdJY25kLTJlc1o4TkdpTnhKWHkwY3MzazN3TE0zdHFiRTVpdng0b2RBeEx3M3dmclJvVkRDQ003SEhpaExUelhWc2RzSDg0bUUzWVJ2M1JySWpERXZPQTRB0gG-AUFVX3lxTE41SHJQOTdlSkVIMzB6U0VNcldWNDl0ampDT1o3S3N2MVF4UUlfM2YwSXRDblRtVUZKS0J2cFpZQWpuOGdFbmF1MWhzS3BRY18wVlFlY3VsYU1qLU44aUY0WlFoaXBmR0ljbmQtMmVzWjhOR2lOeEpYeTBjczNrM3dMTTN0cWJFNWl2eDRvZEF4THczd2ZyUm9WRENDTTdISGloTFR6WFZzZHNIODRtRTNZUnYzUnJJakRFdk9BNEE?oc=5,bankacılık sektörü,2026-10-07T08:14:54.784617+00:00
2026-10-05T06:18:31+00:00,Bankacılık,"5 Ekim 2026'da yürürlüğe girecek banka faiz oranları: ACB, 12 aylık vadeli mevduat faiz oranlarını yıllık %8'e yükseltiyor.",Vietnam.vn,https://news.google.com/rss/articles/CBMisgFBVV95cUxOcmtPZUJKWTZzNXI0TnFlZmxUS2dxNmYzQ200dUtCQ1VDU0Z2UkpPVkg4cUtjdXFaN1BBZXFwRWFwSTVXWDFfcHk2eV9jWG9KemxFbjhUWEdjVU1SdzNuQjVUVkhiaEo1VnN5Z0lYRzZFcDVMRzBZMG5URW5MMnd6SW9JV0pyU0xyU3RoSl9mcXRTRFlMR3k0SVRqcnFQQnhoU21UM1ZwOEdYLTRkckRhMHJB?oc=5,mevduat faizi,2026-10-07T08:14:54.784617+00:00
2026-10-05T05:57:09+00:00,Piyasa Göstergeleri,Eylül ayı enflasyonu açıklandı mı? TÜİK enflasyon beklentisi ne kadar?,Kanal 3 Tv,https://news.google.com/rss/articles/CBMimwFBVV95cUxNZ0xBbC04bzlYQkhrVlhPUE5tZ3E0WGo4RVVYYUJXMXlfSkxwR3pNc0hWblA3Y1ZVOG8zZklVVGVKSzhIUUlPdmVNWlZpN0RmODVZTUt5SG1TcWJSNFRjcEF3RHdpbGRTRjVPcFFzeXV6N05Kak1FcmxrRmhBV3V6YTFyQTgyTWplWFZwZG40cm5QYXV0QV9xd1Ficw?oc=5,enflasyon TÜFE,2026-10-07T08:14:54.784617+00:00
2026-10-05T05:51:43+00:00,Piyasa Göstergeleri,Ekim ayı enflasyon kira artışı ne kadar oldu? TÜİK enflasyon rakamları: Ekim ayı kira artış oranı 2026 TEFE TÜFE hesaplama,GZT,https://news.google.com/rss/articles/CBMi7AFBVV95cUxQWXRBOWZ3cVlVdURSa3hQVkVjVF9sbV9mVk12OHQzcmhhNlhVNWpYTGR1Z2l1bUZXbk1jZU9mQnRZOWlnb1R1bDVUTGpMNFBnLUpicWR5dWg5dFNQWlItWEtzZUhwa0NnWjZNSlpDQlNuMUFmcE5iVHdBeHFQMGZ2VDU0RkFfanFRd2piXzlvSlE1dndBTHhOcW53MzRab1NlSUhKZERTNE1yYVVqdktTT1d1WWc5V0d4U0QyWlhNZkE5b0F5RXEybmxqTnliQnY1dmZkSGlTNDgtS1BaSlZBblpyVFJhOElUTnpXStIB9wFBVV95cUxNOXZESHFJVHlPT1JjUHUwSEUybUFVeTZCQ3RqQlRJclY3UEYxNjJ5UmIxdVlFS0djN1R6N1pmeVlGSEVwUWZiQTBmQXpxcS03VFh6TlZFTE9TNDNMaXRVRi1iMzFyTUtERkxBeXpJMjBfbWRxTXM3bkllWGhDUWRsejdZTm1ZYnNycWN0cXhpbTBzbTZELV9BSTQtWGFhMWctMnVUMGlnQU9ac3NGXzY2OXhqaXlmWFpNSC1ZYmdOZF95eTM4ejNXdnlhbV9rekpfMGlUVV8xOEdzY0REQWVyZUJ5M0lnT3RnZ1E3eEp1SHZCWVdBcE1R?oc=5,enflasyon TÜFE,2026-10-07T08:14:54.784617+00:00
2026-10-05T05:43:24+00:00,Bankacılık,"5 Ekim 2026, Banka Faiz Oranları: Ekim ayında faiz oranlarını artıran ilk banka.",Vietnam.vn,https://news.google.com/rss/articles/CBMipwFBVV95cUxOSDhza1RNYzU1Y1VuS2NJQzdsU2Uwa1ZfVE9tZGdaRXRfUXlPSHBpQ2hzRy1OWXRuN29qdVZuOFJYWkk0TGs5TGVxOFh4N1UzUV9zU096TDVtOUJlX1JkaFFqSHltQWk2VEJyZEdtMEh5ZFIxVlZ4SVdlb0JpQlh5VUNjYkF4clo4dU5xMk5tN29LN1NDRFJwa2RwQ3F1eDBLTGcxZzRiRQ?oc=5,mevduat faizi,2026-10-07T08:14:54.784617+00:00
2026-10-05T05:41:53+00:00,E-ticaret,Online alışverişte yeni dönem: Bunu yapan yandı,Yeniçağ Gazetesi,https://news.google.com/rss/articles/CBMilgFBVV95cUxQd19jd3ZYOFBrZXBSdzVPRld6ajNtdEQtaWtqWE4wSm81S2JJYW1CbWV3S0w5Mm1GMXBwZTZXZFRPUmtwb241WHNYR0JXTU9UelpldDBEcGxQRk4zSWFSRmdYc2ltMUhDUldyMUFNOWc3T3B6UU9qX1RsYWtXYUZJSUY3TzlZSnhiWjZVUncwOUROMGp1VVE?oc=5,e-ticaret,2026-10-07T08:21:55.564991+00:00
2026-10-05T05:41:00+00:00,E-ticaret,Online alışverişte yeni dönem: Kurallara uymayana yaptırım yolda,Yeniçağ Gazetesi,https://news.google.com/rss/articles/CBMirAFBVV95cUxOMWVVTDdLc2VnWFgwS3pSQVNJbnZzd0tsXzU5RWFUQk9rMWJHd0NjblBrVXkxNE1zbkhrWVZPVms4Wk12UExVZThuSmNwSFZXWE01WVZ5NjdheTBrYVpNc0hzcXZBUjVnc2syYV9EUUpPTXBJVWZVVVlmcXlEY1RLSC1jWGJhdTlrRFl3dWU3ZG1ob1dnbWREaG9aZVpXV1AtRF91QkNZck1RMkJU?oc=5,e-ticaret,2026-10-07T08:14:54.784617+00:00
2026-10-05T05:34:50+00:00,Bankacılık,En yüksek mevduat faizi hangi bankada? İşte 1 milyon TL'nin banka banka güncel getirisi...,Ekonomim,https://news.google.com/rss/articles/CBMi3AFBVV95cUxPQUhmTk9iVmJFTkE0YnVFWDA2OE96cU9fSXlldjZBdE93SUpKWThPSHBVbG5GRmdERjdaUWJ3S3dwN19TcnNocFlRZnc3Q3IzWXlhdUpiLW1KcTdlRDl6TUh4WnlzU0RyN0lYb2ZoS3hzVDh1c3o5YWZTMGZFLXlBcU9aMW9ObmJnMXlZSEhEX25qM3ZLRWNuaTBudHliQmpVTGQ2MmtUcUd4cFB1eDd6a2hyamtacEx5TnByR3djNkNhNEJJdHlONjg0UUdrNmFQYUpBSGZXZDhOM0950gHiAUFVX3lxTE1XdUozSHo5UTlNdUFrbm9LNmNUNXdUcTNESVhOSmp2MktOTmM3RXd5OUJ1ZlBTYVZ4TERPTkcwalNkVzNVY1ZnWmxEblNiY2ozeVJPZXlvSzVDcGpabnJNblYxSnVyT0RGNXE5SWV4RDgydC13T2JfSG5FNWdZcWxlakxBWTF0ZV9HU1lDMzdkYlU5VEZjZnZoNnpkaWtueWkyMHZwQTRZZGg1MHVsU2JMa3VkQ0llVjFoVXJpcWd1TUFNWHlRTDJUdVVSLTZ4Tm9LV0FCNGoyckRSVEhyNVJqbUE?oc=5,mevduat faizi,2026-10-07T08:14:54.784617+00:00
2026-10-05T05:10:56+00:00,Piyasa Göstergeleri,"Eylül enflasyonu açıklandı: Yıllık oran yüzde 29,73’e geriledi! Bakan Şimşek'ten kira fiyatları açıklaması: ""Düşüş sürecek""",A Haber,https://news.google.com/rss/articles/CBMipwFBVV95cUxOQlVNX2JVSWhMaVVQdE9zTWdvRXYzeXFUaGJUdkMxaDFTUHpDSjJWbGlITXRPa3BSZnlRRllSMExUckxIUzljOHJHTElZbUd3bjg0dW41aWEwS1Z2Y0d5aENuSVhqc1U1c2J4ZnJ2bEkxNTVfbzRwVzc1WHFBZG9ON2FBRzI1RWI3djhhS2htaWpsN0dzdUZ0eWdLbkRpNzBXX0ZhUHQxZw?oc=5,enflasyon TÜFE,2026-10-07T08:14:54.784617+00:00
2026-10-05T04:57:44+00:00,E-ticaret,E-ticarette sahte yorum dönemi kapanıyor: Yeni düzenlemenin ayrıntıları belli oldu,GZT,https://news.google.com/rss/articles/CBMitwFBVV95cUxNc2lYcDNZZTNrQTZBNkFCd1djM1dJcVBRckF0eFRHQjFjZGdoYWdvMmFENmxuNFpLbnlPNFlGLTlCd2JqX1RkOHFCdEJnSlQ1bk5KTkZnNl9oTi1ZdV9Od3FMbDhWNjNSUmRyQ0tQNzRnc0NqaFRnVE5hX0JITDliRUV5WHdMUGZvRHI4TTV6Zlg5ZmJyaFpDRm44WklqYktQSHlHQjBVNnN0aDgwTWdsNHdaUkozNmfSAcIBQVVfeXFMT1h5aVc0akFhVTZySDV0OV9PY2VrY0I3TGN4TU5Gd2xQbkpWc3RsZVNseHpBRThRTzlERi1yZVJaSHNPZTNsa0hscmpKQngzVGxjTzBtODd5VlR0ZGRUY2hpOGt3Tl90ekpxdEhzUGJ4cVFETVBQVVlnNzl3M2kwaUZ4VjhjemQ0dUZvNkJjcTEwekphcWx1YlZwN0lDLVQwRHBJaXc1cjF5VmpoU3ozMVI5RFl5OVgzdzFXUERRczdnV3c?oc=5,e-ticaret,2026-10-07T08:14:54.784617+00:00
2026-10-05T04:34:00+00:00,E-ticaret,Ticaret Bakanlığı'ndan sahte yorum operasyonu: Çok sayıda siteye erişim engeli getirildi,24 Saat Gazetesi,https://news.google.com/rss/articles/CBMiuAFBVV95cUxNajE0TWpKVlJ0YUVRX2JmU1QyWjJsSDdfc3NaVWI5R0FVNXBvbVFtUy14VmVpMzZ4S1NTc1hTZUFQYlNFMF9SZEpIYkM5d0JlbC1DSnVFVWVCS1h3YmlFZGx4Ny03S3pFSjZUSmZDVm9zZjlobUNkQ1FLRUxWMm51NHh2Rno3aVNBakM0ZTl3ZTlOOV84ZUhBcGNKV181MjROcnpFMHpJRjZ5ZHptTGpzbzdSdS1rN183?oc=5,e-ticaret,2026-10-07T08:14:54.784617+00:00
2026-10-05T04:21:26+00:00,Piyasa Göstergeleri,"Euro zayıfladı, dolar güçlendi. Döviz piyasasında Fransa etkisi",NTV Haber,https://news.google.com/rss/articles/CBMiqgFBVV95cUxORTIzTDh6ZUtCZkZGWnVjYVk3UkpiV2J4YjBfRWFuQVZ2SXBRZ05zblh2bXZnUkpwT0t2V3dtWXVLcHU1Y1BJM2JHMEVTZ1hJLXVwWERmX0tuSTBQNkF1akZhOVhveUl3N21aZVh0eVB0ZC1oX0lPdjNBSW0tQmNaQU4yUnFWNk50endaQnZYdDlFbHJ2bV9uOHFRazg2WjZQamJmRzdOUVdKZw?oc=5,dolar kuru,2026-10-07T08:14:54.784617+00:00
2026-10-05T04:21:00+00:00,Piyasa Göstergeleri,"ENFLASYON ORANI SON DAKİKA AÇIKLANDI MI? TÜİK Eylül enflasyonu ne zaman, saat kaçta açıklanacak, beklenti ne yönde?",Yeni Şafak,https://news.google.com/rss/articles/CBMi7wFBVV95cUxQbkl6NDU2YlRpekZFeWRKQ3F2UU9pOWl0Qk9aVTc0dndBeDVJYXhEcTJKRThoekNCaGVyeXpXZVkwbmtCcG4tX2U3UDFEelNQcFFtU1ZsQUl3RTVobTM3OTRtZkFObDkxT3JvZzFfWXB5UDQyam5FemxXZnNmdm92dGJxcGdBMjFiVUtsVFBrQUVXR1R3bW53S1ZOMmZnTFdYNWxQUnZvZEpPaGVYYjRpMWE4OHQtQ2NJY3g5a0M0cXg1ZjhoRk9uNTBRZHRIS3o2NW9ZaXNPQkNjVDVlU0o4d19icnh0MGtROVZjemJHUQ?oc=5,enflasyon TÜFE,2026-10-07T08:14:54.784617+00:00
2026-10-05T04:19:13+00:00,Piyasa Göstergeleri,Son dakika... Ekim ayı kira artış oranı belli oldu,Bigpara,https://news.google.com/rss/articles/CBMiqgFBVV95cUxNRnIyRlJ1WjJTNXBMLTBwMlkwZkVmMGlNa2pqVWhFZHZMTVFsOVhZbzMtbjBEV0tfdFNGT2pFU3hWOFFJS0JRYkVUZW9jS21IZTRaSGlSNWdpRTFUcndtTXJsc0ZZMlJFZEtweDVRTnVzLXpMdTd6b3c5WlF0dVVTRTRhenR3cE9lWjVlQ2xINnV2cnJHa1EwSUpuemVfX0d1UlZXdmxObW9wZw?oc=5,enflasyon TÜFE,2026-10-07T08:14:54.784617+00:00
2026-10-05T04:16:09+00:00,Piyasa Göstergeleri,Son Dakika... Enflasyon rakamları belli oldu! Bakan Şimşek duyurdu: 5 yıl sonra ilk,Bigpara,https://news.google.com/rss/articles/CBMipAFBVV95cUxNeTBpbGcwUTZYaGwwSV9lTTZyU2dvZmliWTdydXVIQU9LeUQtZDdWeGNENDVERjB6NlM5NnE5VEhVQmd2WXBoc2FNNEczNHN5djN0cWtWTjdGSzVCVXB0bmROcnNWU3FOSmhzWm44NG5lMVJNR2Itb3VKN3kyc0xHMVJITnl2YW8yOTFockRNQ2Nva2F1VXVoWVZLWndlWTZzUWxfag?oc=5,enflasyon TÜFE,2026-10-07T08:14:54.784617+00:00
2026-10-05T04:16:00+00:00,Piyasa Göstergeleri,EKİM AYI KİRA ARTIŞ ORANI HESAPLAMA: Ekim ayı kira artış oranı ne zaman belli olacak? İşyeri konut kira hesaplama ekranı,Yeni Şafak,https://news.google.com/rss/articles/CBMi-AFBVV95cUxNVWFjRGl6QnZfSUJDbTNKdjRPR0szMXFkUWU0OVkwbURmbnlCZ2VhcjJLcmt3SWwwaGJPZDdUTDBHYkZQdHNicXZ0ZVZFWmdkdzFQY0pIZTZMU2U2MHVXSE9wSlQ4OVF5T3FtOXVqWXN5Q2VVZC1YMi1Da19JWXV2anRHT2ZFU0xlWnpQUnF2d0hDcEk1WkhCNVdva2k1cHctWWl1Tmp3ck1hZkc5aU9ScFV0Uk1CSnNaanVWWFFWT2hkZGxzejdVS2FPaGphYmVTdVhRM2JhVmZSS0pLQk8xZXdEUnFMU3JrRlVRbVZKQjNEMDM5UUNRMw?oc=5,enflasyon TÜFE,2026-10-07T08:14:54.784617+00:00
2026-10-05T04:12:00+00:00,Piyasa Göstergeleri,Dolar/TL bugün ne kadar? (5 Ekim 2026 dolar - Euro fiyatları),Ekonomim,https://news.google.com/rss/articles/CBMirwFBVV95cUxPU2J5eU1EWV9WRGM2R2hEcWNHR2FVMDdSNzM2NHB4d0VMNXJOV3Nhbzd0cWMwMUw4WGdqTUNjZzJwOTlaYUFpU3FaTjVvM3ROcF8wOGJNRXhLMTdONDlxTXpXN25uUmkxRVo3SHpfMERyR0E3WUl4Z04wLXdoUjIwOEcxaTVQSXFvT2JpMTdKbTlDX2J0OWJWeklrYmh5ZXlHTGRpSnhGX3M1d25xVlA00gG0AUFVX3lxTE5PV21JNXdnTUZjd0NBWlNfMTQ4THJZT2d5Vjd2SWhhaUpiWlZzcGpZa21ZX0VvTXVpcGNuS0pqcUhHdnBmcGpVRXJHbVFtRmREMWtRcjNLSnA2bGM5NFJKS1VTVjNCSEFrVFoxa3VnRnBManNuS3BCYkFnUU85TlFvcGhyWDhCc3lhZEZ0OWlvbjUyMUtLMEVjYVRpY3NhT3JRT0xIcF9SMk83XzV1Zk81NW5Bdg?oc=5,dolar kuru,2026-10-07T08:14:54.784617+00:00
2026-10-05T04:08:09+00:00,Kartlar & Ödeme,"""OCOP Hanoi"" adlı TikTok kanalı yakında yayına başlayacak.",Vietnam.vn,https://news.google.com/rss/articles/CBMibEFVX3lxTE1oMnE0cm1FdndXMVJqdklUOEswQXNxVktybGRNNkRLVW1lYjVVa0swRjZ0c0ItN0U0a1JuT3BHOVExLVczOERhY1R0OUZZc0xwcGlkMVVWbDdadmUxbmZpYlRaT0tUT1NGYXFFVg?oc=5,dijital ödeme,2026-10-07T08:14:54.784617+00:00
2026-10-05T04:08:00+00:00,Piyasa Göstergeleri,"Dolar kaç TL oldu, Euro ne kadar? (5 Ekim Pazartesi Döviz Kurları)",Dünya Gazetesi,https://news.google.com/rss/articles/CBMisAFBVV95cUxPWmlUTUhVSnJTYnJ5ZmtFcXp0TkRBd0FIdmwyRjM1dGdqZ05MS2ZURzh3YXdYdFM2UE9EUEZNLU04RXNUUTcxaUpUXzB2QmtNOWlTdDV6dUpVbU9fR2lsOFgtRHJxVzlSeXdRUW0tSDNhcWlmWkRJY09VUU5TMk9KYl9NVThEUnB2WWFlYkZMTDdOcE5FOHpNZ3E4YjB5SWxYb3BTbkFYWVEwc3VvdDJ6dw?oc=5,dolar kuru,2026-10-07T08:14:54.784617+00:00
2026-10-05T04:00:00+00:00,E-ticaret,Teknofest’te gençlere e-ticaret deneyimi,Posta,https://news.google.com/rss/articles/CBMihwFBVV95cUxOQV83LTRJb0Voa3B0T21jeFkzOTVpNGhMd0drUmNBVEtITEE2QzFvTnRBeElPYUxETndYUXZjLURNSU5QQ0tSYWFHUHBYTEJiMWdONjlCb2FLZVlGc1hYcnBJZU5YTk5vSWUyNU5BNHFjRWM4MUF5SHExZWU5emFta0dlc0dWT28?oc=5,e-ticaret,2026-10-07T08:14:54.784617+00:00
2026-10-05T04:00:00+00:00,E-ticaret,Pazarama ve Türk Hava Yolları iş birliğiyle Miller alışverişe dönüşüyor,Ekonomim,https://news.google.com/rss/articles/CBMivAFBVV95cUxQT0ZlNFhuMHN6QlR1Tlp0aWRpcTlVMlFRdjVXTkVjcWIwUlQ4Z1JCQ285N00xcll3LWVOWWVxdy03Y1BjckZLMm1KS1ZIdnRfUE1qaUdYUjA3aVpGeWJ6bDBoZnpqazBBQ1lOVlRPYk5fWWpIeVNjS1NZYWFZQlpiOUtSYmVXVnRYTFpEc002S1ZfbS1vRU9sbk5zWHJaVG90Z083YndLQVJ0bEVrMXFEb2U0bUdhNjZFeGt1RdIBwgFBVV95cUxORTRLSE9LOG9hM2tUQ182ZHVXbndfbGppUFBmSEdsODN4b1NnQ2VmQ2RSSUg0V2tVT0pLM2FCTThPWW94U29hWnpkS2lwb180UDZxQWVNXzRzdkJFem01aW8yZktfdFlYZm1uNktwNjRSRVNmOTcyWmxwbUExRVJ3UWlsQUZOZ0Vzc1hhalFPSnFMTzM2cnd6N21UOE1uWXdtWkcxNXNXZ1F0OFdXcVhQOHdERVd0VWR5V25qSUY2MWRRUQ?oc=5,e-ticaret,2026-10-07T08:14:54.784617+00:00
2026-10-05T03:44:42+00:00,Bankacılık,Cep Telefonu Kredilerine Düzenleme Geldi: Kaç Ay Vadeyle Alınabilecek?,Webtekno,https://news.google.com/rss/articles/CBMigAFBVV95cUxOYXdRTkNXMjZWZkI0TTNMSnh3VU54bzdmNWZVaGsxZ2pqNDhRckNGdjZuSXZtcHNRWF9lSFJwSU9Sa1VpNW5CaUhMT2lXQ1Q4N0hjVU83NmI1RVRnczF4U3I1RXYxLXAtSHc1c0phOTN4UEx5ZHg4UDRiazNVTDVweg?oc=5,BDDK,2026-10-07T08:14:54.784617+00:00
2026-10-04T23:49:03+00:00,E-ticaret,Online alışverişte sahte yoruma erişim engeli,NTV Haber,https://news.google.com/rss/articles/CBMijAFBVV95cUxOVEsxR1RISmVUTmp0ZHpCdDhKZnFXYnB3ZTFOSnlkdkdrc2xMbUdrdWtTenhKdEM0MlFUUm54RW1QN2g4eEhGYUVJTnJKbTZ1N3FZRzBQOVoxRDIyNi1mYXpHOHZKZ01TQnBRRkY5YTUyZ2JCTHFvNnhCdEVidENFcFRsZnVfSHI3RnZGUNIBkgFBVV95cUxOaS1VdmVFX0NJZVQtRnFQR2otc1dXLTBhMjNkVTVoXzhBelZWMlhTbm9HUG8tTWVrT3Z0UGZTWlk2d3Y4YjBTRGk5eHVkb3RTQXRrTkRjMU4xbHE1REhySzg3NzRfRjZxWmtubEVQY1ZMWlNIeUh3UUV3N2lvcURkcm0xdnZoSmNNRkJWY2tzdGJaUQ?oc=5,e-ticaret,2026-10-07T08:14:54.784617+00:00
2026-10-04T21:54:14+00:00,Piyasa Göstergeleri,Eylül ayı enflasyon rakamları açıklandı! Şimşek’ten enflasyon mesajı! 57 ay sonra yüzde 30’un altına geriledi,Takvim,https://news.google.com/rss/articles/CBMilAFBVV95cUxNaEtFNzVQbWp4bnRITzFhV3RvU0stUGQ1RWJiSTlIX3hfTkNXUUN2VXVtY1ZEN3QyTHFYcFk4MkxmUV8wQUtLbnVuajZ2clN1TEdqZ0JiUldOdjRyS3FvVndRbTk3WEFLamR1RlNkV0dlLTdRcmxXSXUxTWlSV3J3UnQ5Q1BuLThnVGJoVG9Qal9icjRX?oc=5,enflasyon TÜFE,2026-10-07T08:14:54.784617+00:00
2026-10-04T21:44:00+00:00,Bankacılık,Mevduat faizinde 3 yıl sonra bir ilk: 1 milyon TL’nin 32 günlük getirisi banka banka değişti,Haber Global,https://news.google.com/rss/articles/CBMiyAFBVV95cUxNaEF5SzZhUEY3NE9HQ1FPcWtLZ0N6Ml9FUl9EZlQxVWFFOHVKQ1o5MDhTanJ6WUxaZWE2d3pMa1Ezd2dmMHlJc0IzalBIWUNPdjR3SThFMmNmVjhGaFBJbjFSVU1oN2dmRHd4YnVtZ2NlRFRfeTY2dktJLU04SFUtaFNFVlVlS2QyRXo1MFM4cUZuRmZZS3JRMHhYeVp5NzBiYWMwbjN1aWl6SzV3S2pqbFVwVDcySXMxdkRPTHM0a2tEQ2Rja0lOT9IBzgFBVV95cUxPTnFoaWdmNE5oY1hYdWZ1aGJlSTI1ZVdqa1VqZVhDU2dzcmZPR0lTOWNZNnFVekx4Q3RvVl9sSHpYRzZBcGNZY1dzdFYxU3lFb1JkTjZMVTB6ZnBPMERjdGxjdDBZYWlQOHlBZG1hZmRwdE1ETXhqTUlpTVhid0tTX0wyVl9MSW4xaHczdi1JenZBMm9BUzlVcFRFcVJpZXdDRFZMTjlwcHQxNzU5QmtRMjNjUjRvT1dwa3pBVmNyS1dFR1o1MVhIQ1VfMGh1Zw?oc=5,mevduat faizi,2026-10-07T08:14:54.784617+00:00
2026-10-04T21:14:49+00:00,Kartlar & Ödeme,Rusya dijital ruble ile maaş ödemelerine resmen geçiş yaptı,ajansflash.com,https://news.google.com/rss/articles/CBMikAFBVV95cUxPU3JyS1FBQWdRUHVJTUhmMkQtSXh2WlRra2Y0MllJbWxxcUloVlluNzBGMzJnSkJFTkwtcjdzUS1ZLTNfMVhxbWNRMjNTRkFISzVCQUdHMlNvdGJKRTlINlRmTUtDTWZua3lxaGUzTGJYeURpS1duTTBSdkVxUGtxU3h4eU1BMG02R0p2UjFEZzc?oc=5,dijital ödeme,2026-10-07T08:14:54.784617+00:00
2026-10-04T21:11:38+00:00,Piyasa Göstergeleri,"Eylül ayı enflasyon oranları ne zaman, saat kaçta açıklanacak? TÜİK Eylül 2026 enflasyon beklentisi",Habertürk,https://news.google.com/rss/articles/CBMijAJBVV95cUxOLVpNMXdyakxyTmpGSjAwNWVKQzhQdzZfcDc0ZGYyZmpaWHhfVkcwSVpNMTlCNlZvd3VfMTZjVWtxMXkteEtRTVZtamJCRk5MTnhNTnp3cEJ2STJaVkx5Q2N2YmYxVXZuUnNMM2hkTXRRWVZISDJYcFQwZm9hd1FvX0k2cmlLb3d5TXR1bVFDQVJpMW8teG5sNWJURmZuY0lyUmU2VFpuRnBvZU9VUlBoMnNmWnJfNkdidDhFRjM2d1RGZDB4Q1RFbDFMaTZZUWlfd0tYRkY2UE5oYU1nc1N4ZzZqNDZaNUQ0UlBJakROd05sXzdrZmRiV1VBQzZOa21nUGZ4X2FFSWVNMEdJ?oc=5,enflasyon TÜFE,2026-10-07T08:14:54.784617+00:00
2026-10-04T21:02:03+00:00,Piyasa Göstergeleri,"Eylül ayı enflasyon rakamları son dakika belli oldu | TÜİK Eylül ayı enflasyon verisi ne kadar, yüzde kaç oldu, enflasyon beklentisi neydi? Eylül ayı enflasyon beklentisi açıklandı! Gözler TÜİK'te!",Bigpara,https://news.google.com/rss/articles/CBMimAJBVV95cUxNMXl4RE1kQUp0NUZqUERJVkl2aWpoMnVxcmRobUNwVTg4aEhTa3VGN3BxR3Nzbnh6STJ2bi1fLWdnWkNWd3ZkTWhjWHNNelFKcm1qMWd3aGQxMUVPb0MwdW4waWlwM1d6enEyZmRNTnByUEo2MGg0d3JYZTQxaG1jb0xtb0VMaWVmMk10SC1kbE5nV3ZsVDU2aXhVaVlDbjg4MEs3MVktcllGVUduTHRrcTlEYzhvRkFxOGx5bVl6dndsSVZ5a1pZYUcwMU5lYkFxSUFGcDhWUFlUTTBXblg1bVY0RzBwd0RBYkFKUW92bV9WSlFIM1V2R1VEcFhWeWJTeklGMncwYnY2eFByTGlfUHk0OEUwckpZ?oc=5,enflasyon TÜFE,2026-10-07T08:14:54.784617+00:00
2026-10-04T21:00:00+00:00,Kredi & Faiz,Çin bankalarında büyük temizlik!,Ekonomim,https://news.google.com/rss/articles/CBMihAFBVV95cUxQYlc2bjRtU1BkVktuNGNRdHU3dm1pVUtBdjhqTkdNQXdndXVJWHI0amM4c0hFWTJJUVZ1TDloaUJQQmtMVU05OFg4ajdsSnB3cElvLW8tZ2VzaDNaYm42eHpDR1RiUXhERk1iQmpQcWRDTzcyX1dBaFl3Mk5pMnpVakRsQVbSAYoBQVVfeXFMTnNzVlFqQ1g2RWpidFd6aXNidmpVdmpoemk0MUtsZENRZ0pUYjlvNzdPQWVkUFFYeFpnbWVXVW4xdkNwa2R0Zjl2bEZiOWdkWE9hdE9rMlNlTzRJeUJtSkROcVdIT2NpRV85QWdXVTdjeDZTMEZVa1dqYVJCUzNmSUQ1a0t4YVBVWjlR?oc=5,kredi faizi,2026-10-07T08:14:54.784617+00:00
2026-10-04T21:00:00+00:00,E-ticaret,"Pet ürünlerinde Online Satış Adedi %38,3 Arttı",Analiz Gazetesi,https://news.google.com/rss/articles/CBMijwFBVV95cUxPTDVic2FRam5oSHJQdl8zOFp3VnBwTkkySHppSTZfUnc4WkRSdjYzdW9hSmEyMXBMTmFlUEVIcXBaUFVzVjNiLVJtQzN6MWNnNVRRQU5MNEZLWUtxZGdHWFRyc0tlM2p0UDloX2o1LUxpa21oQ1g0X2tWRGRINkE0OUxZeXFOSmtVbGRaRnZHVQ?oc=5,online alışveriş,2026-10-07T08:14:54.784617+00:00
2026-10-04T20:48:58+00:00,Bankacılık,"""TARIM SEKTÖRÜNE 1 TRİLYON LİRANIN ÜZERİNDE KREDİ VERDİK""",Analiz Gazetesi,https://news.google.com/rss/articles/CBMingFBVV95cUxPNFBtd3hOVDVUUFRldWMzb0xnTUtlVHJHaFdfN1hpQUNnTmxZZzlRLXRFQ2R1VGc3Qkxaa0FFeTI5NVB2eVNrQ0VjLTBibTVPUENlSVZiMWo1Q2N6MG03UzhVVEVPNlkzN0hhdk5xMVFod3pndDBLVkpXRG9qNWRrZlk3LWlyVllGMzVHNTlrcENDaGFaZHhzT1U2ZkpOQQ?oc=5,bankacılık sektörü,2026-10-07T08:14:54.784617+00:00
2026-10-04T19:02:12+00:00,Piyasa Göstergeleri,"EKİM AYI KİRA ARTIŞ ZAMMI 2026 TABLOSU | Ekim ayı kira zammı ne kadar oldu, kira artış oranı yüzde kaç? Ev ve işyerlerine yapılacak zam oranı netleşti......",Bigpara,https://news.google.com/rss/articles/CBMimAJBVV95cUxPcms5bVNyRjZHZlBkM3BOQ05CNTdyNWpjZHBBVy1ZRmhwVE5zenNvUGh2UnI3Y2Fjb2t3RFRXZlEyNlE3Q0x6QnkwRURQa0ZlSUNTRVpHS0w5aGY2V2I5VGRNWkFCZnNEOXpDRmpYWGdlVFlNZ1ZBZVp6ME81UGNEV01uRUQwcFRsUlNUcGhRRWc5ajZaOHh2UGZxNGQ4NU5NRjlTWXdKSmFLWnZFOVo0RzJtRWFPMWdqRzhBRmdWU1poZmJESGloQlJob3lpY1IzeHUxNTNkSHhLZlpnWjdXdkhMWnBNRXd3WjlqZWctOEs4ekpWRnN1SFM0eGw5N2E1ZUFBREI2LUphT3RKMlY3T2RtYjl3V0s2?oc=5,enflasyon TÜFE,2026-10-07T08:14:54.784617+00:00
2026-10-04T17:59:00+00:00,Piyasa Göstergeleri,Eylül enflasyon oranı zaman saat kaçta açıklanacak? TÜİK enflasyon beklentileri,Yeni Şafak,https://news.google.com/rss/articles/CBMiwwFBVV95cUxPMTI1eko5WEtwVzAzNUNkWVQzeGp2UHV1SVRZeXkzR1F5RFJTaVpNR0xhUDRMTEhaQU5FNXZvNW84cWZ4b3RYYzJ6d3FlbEpLTnV5LWZNYktGTzg0TDh4UkRUNU95cmpRcEQ3a3Jic3J3N2NBaHVpMnVvR3ZfX1BXNU55TEJmNFp0MUJ5bWcxMFhTV1JSZWlBcDl5cHVjTGIxTlRJeEc0UGdFZWdyRFo3YjdHekJJeHIxWWgzb2dyYVhLams?oc=5,enflasyon TÜFE,2026-10-07T08:14:54.784617+00:00
2026-10-04T17:20:00+00:00,Kredi & Faiz,Mevduat faizlerinde 3 yıl sonra bir ilk yaşandı,Ekonomi Ankara,https://news.google.com/rss/articles/CBMiiwFBVV95cUxPeF9HcjhFd3ZPR0E5QnlxdGc2VEpuVUl2WC15aEZfd3o2NXRTOUJSaWJIQVJrVzhhc2xma211dHQ5VDd1TVFYbExaN0huYUpVMjdVZTBLSFdFUEtFSXdheGhIRFd5bjQzLTJ3MjFRVzBGMUV0aXNtazFKWjRKUVdHdDF6U3lSam4yMjhV?oc=5,kredi faizi,2026-10-07T08:14:54.784617+00:00
2026-10-04T17:01:56+00:00,Kredi & Faiz,Merkez Bankası faiz kararı ne zaman? 2026 Ekim PPK toplantı tarihi,Yeni Şafak,https://news.google.com/rss/articles/CBMisgFBVV95cUxPRnpFSWNTUkFCZWI3SjUycVdYclpRajl1OEtWTzRHRU9xVHNDVEtBc2xSQUdlMjh3Ym9xYzdyRE9KcmVaNVQ4WVZrWVpjUFJVbU5XV2pqQ0JYVHdWTWtNbDd5dEhsRkxOVUo4ZjBWMF9WZDZHcDJNc1ZDU3FyazBucm43anFkUHB6cU1Zb3lRYlFrWGl3V0xNLTR2aWk3WTlnb3FsaXg5dThyOFZNdmNiOXZR?oc=5,TCMB faiz kararı,2026-10-07T08:14:54.784617+00:00
2026-10-04T14:58:00+00:00,Bankacılık,Telefon Alımlarında Taksit Geri Geldi Mi? BDDK’dan Cep Telefonu Kredilerinde Yeni Düzenleme,Bugün Kocaeli Gazetesi,https://news.google.com/rss/articles/CBMivgFBVV95cUxPcnRTVzdjRllXRWFTTFRCREY1cmxadGNCZUhzbmdsQXFJU0QtQmtNWmFFalNQQXk1VmpvVHQ0MnRzMkduRVhaTlBSN3V4c3lBb3E0M3hLeTI4RWlYSWpwSk5BRVlXUmthMUxjbXg1Z2diekJkT2JiUjRyLVYtNml3NzQyQmtWaFZ5ZlpLTmU0anpqekw2OWtBYXh6V1Y5MFN0a2YwQXBqQWkxY3hIc3k3UGNjeEE5blF0OFg0Rkxn?oc=5,BDDK,2026-10-07T08:14:54.784617+00:00
2026-10-04T14:52:20+00:00,Bankacılık,Tasarruf faiz oranları yeniden yükseliyor: Yıl sonunda atıl paranızı nasıl değerlendirmelisiniz?,Vietnam.vn,https://news.google.com/rss/articles/CBMinAFBVV95cUxPZDluRTdWWUxKdmlfcUlqYWcyWUZMbEtOVG9MdmtEUmNsRHUzTWxwa1hRODdvVmktMXQ4ZjhBZWtNZGE2RnJQY3RLOU82R1lZR3FOX1JfSUNHWHVUVXcxOXh4RnM2OHhrOTZ6alpnZm45bDNoMlFpV19zWU53WWJ5LXhDTWNXQm45a01SaEFlWm5kZU80V0cxUU5Dblo?oc=5,mevduat faizi,2026-10-07T08:14:54.784617+00:00
2026-10-04T14:08:00+00:00,Kredi & Faiz,Kredi kartı ve cep telefonu kredilerinde yeni dönem! Kart limiti 100 bin TL'nin altındaysa dikkat: Asgari ödeme değişti,Ege Telgraf,https://news.google.com/rss/articles/CBMi1gFBVV95cUxOa2Rick1ZLXdjcmRKb0Etb21vRDl1ME51bEZLcmpMOU1ZaG5tTEFYd2o2dnNva01IWUZrdlBienNZRG5fS0pVeVlLYWhDM0hzcGlOUzFLNG9jMF9VZWlZMUkzTVVCOVVqa1FkUXFCeWxVanI1TGpiaVo1cWU1WThCVF8ySU80MlFPZFN5eEJpQlN2bFBiZnZmc1I4NWR6N2kyampNUFJpZTJWNm8xMVp3VVdQd0VlZmpPUHVyTXJ6TDVqUXZoUzg5aXY5Tm9rTzRYaDhOQldB?oc=5,tüketici kredisi,2026-10-07T08:14:54.784617+00:00
2026-10-04T13:17:00+00:00,Bankacılık,Bankacılık sektörü enerjiye 1 trilyon TL’yi aşan finansman sağladı,Ekonomim,https://news.google.com/rss/articles/CBMiygFBVV95cUxQTVMxelRvRmJheC1aMV8wQWhQVk1UdXlqQVJBUXhDNUdwV3MxaWxaMkNvRTVSQzE0X2ZjRFgycDNOMHNqRzd0Vlo4MEhiTDNQOTRjd3lUZG9BNWlHdHNWeWUtTF9GM2ktUncyNWRzTWRLSTkydzdOcmVXdHRFNXNQZjBzWno5SHhybUdnN2tGMDE3YWhvRmFJQ1NyVkxldGxEZi1XcE04SUJIb0ZsaUxJQ2NQMW8zZzBPRGFES1NzcjNxWDhYUXRZdURR0gHPAUFVX3lxTE9uV01uVHdRbWxCV2xJc0tTaUhUdDEza0VQN0s4SjFpbDNyUmg1NnNOOUhFMm5haFhMSC1KUDZqS1czSnIyQ0dlQ1lfY0hOZEtNd0QySi1zOEl6SjA3b29hSkZsbUxpMHNEWTlGRkEyN1RzV0hFS25EVEZLQVRtMTN2Y0RaTlVRZGZaMWUxcGFsZnlqR2o2Tk5qejNjVEZlT05aQWk1aUJoaDFub3RPVDdmQjF5UmZfZUU5R01aWG1SQTdaeW5tSm5HZ255eTdfMA?oc=5,bankacılık sektörü,2026-10-07T08:14:54.784617+00:00
2026-10-04T13:04:52+00:00,Kartlar & Ödeme,"Avrupa, Visa ve Mastercard’a Alternatif Ödeme Ağı Kurmak İçin ENP’yi Devreye Alıyor",CozumPark,https://news.google.com/rss/articles/CBMiqwFBVV95cUxQTjZ1dEtpS3Baczg5WmR6eE9EeGxma2FEX1NjeUNVRk9OMXN5MzBkaDJvSTJMWkthem5lV2lzd2w1cFdlRTJxM2JMN09Sek9KUndwYVluT2pKY3hiOGcxZUpyZW5xNVhxSE9VUy1YOGxyRi1XT0ZTeDZ2ZUQ5SkVoaFJWMHYzWGRsaWlXcnFtdFNGVG9oY29FNzNUU25YZldxYjJxY1dnZV9maUE?oc=5,dijital ödeme,2026-10-07T08:14:54.784617+00:00
2026-10-04T12:39:51+00:00,Bankacılık,"Bankacılık Akademisi, 2026 yılında Finans ve Bankacılık Sektöründe İnovasyon Forumu'nun eş düzenleyiciliğini üstleniyor.",Vietnam.vn,https://news.google.com/rss/articles/CBMiywFBVV95cUxQSXoyNm9RYlVrdkIyaHFKYl9IOERZdTU2dUZ5d3RJaXRzMkhmZU1wSThTcjRwMUp4dHN6YW1hVVVZbnZKVkZBZUZjMWhzeXU5T01FUmxhM2xtU3YwRlM5djNXQXhVdHhpUXBlbTlLYldxX0U0YmJ2T1BONjNucl9icUxxZjdKUnpHS3EtMU41MGc2RkdDdF83aHd5TWZTWEtmbVctaF9scllxOGhuT2dDZ2M3N2N3QzNQQkM2UzlGTFo2SXdWLU5aSnFXaw?oc=5,bankacılık sektörü,2026-10-07T08:14:54.784617+00:00
2026-10-04T12:01:01+00:00,Kredi & Faiz,İNCELEME | Vatandaşın faiz yükü 2 yılda ikiye katlandı; bankaların net faiz geliri üç katına çıktı!,Tr724,https://news.google.com/rss/articles/CBMiugFBVV95cUxQNmp3NHlaN2FoR3piSTlyVkxIRXpSVGlob3p1bU4tZ05tc294bmhzNjBkNE9SQ21BR1BocmplYzBOT282QWhmdC04Mkg2WFh3WVdUbS1GbzQ2LVZ6TXVKbWVGMjM1X3llVjJRUTU1bmgtSnhsNjhmbWpMd0RKTVhRSlBnREFfZUlIRkVha2dvRGlSR0VTeGg4dmVFb01GM1BLaGNSTkg5Ml9WTnN2TU1mckd2N1g4czZYVGc?oc=5,tüketici kredisi,2026-10-07T08:14:54.784617+00:00
2026-10-04T11:52:00+00:00,Perakende,Şehzadeler Zabıtasından Zincir Market Denetimi,45haber.com,https://news.google.com/rss/articles/CBMiekFVX3lxTFBnY2V2Wk1mQ3N0aXlZalZKS3FNRFliZFNXUjU2MEViVEF2ZDdoR0FXZ1Y4ejdQZkItdERxT1Z5RW9pcVI2OFpab2lKU2FWYVZJWk5HajZTZVZZM3A0MkhMaFFYMElBTy1mbjg3UzVMY25NX1JaT3JqdHpR?oc=5,zincir market,2026-10-07T08:14:54.784617+00:00
2026-10-04T10:54:00+00:00,Piyasa Göstergeleri,Gözler enflasyonda!,Ekonomim,https://news.google.com/rss/articles/CBMizgFBVV95cUxNRlJoOWd0Z0I5S0lPV3loMFl0U3J1SllXTTR6MFlOYnJfVVNiVmRIUFNkWW5EVkhBS0p1SF9sbEVHa3RRSWpaNGQ3SVppQUgtN2dQaGhIRWk0V3Bad3BZamRNZXpmTVFHajV3cl9haTJFNG9RR3YyOThvVlRlSlg5MmJ5SGlNSWZvdTVXa0R5X1hpMVp0SDNYNGVMejVwUnkwUjVzWFNfNHY2dkpWNlgwNlJpVWZrT1h0WUhXMnZJVmFZV1kxdnpLNVptU1pJZ9IB0wFBVV95cUxOWTh5UThKQ3NJbmcwN2t6c29SZ001Y3VuU0dyTmN6OXk1RXZBbnFrTE9VRW5nQlRkVHo4TTRjWW9DMm8tZ2J3TVFzamF4dWZxYl9oUEtZdGRGTUVRMHU0ampTVVphcWZpSjBLWHEtVW5RbGRjU2VGWTZHV1BfZXlSX3BEemV2ZzBDcEZqamxEQ1hFUnBXTmFyb3k5RzZuYmdWM1dYOExYdWhuZ2VqdEdBam5FSEstZHBxMElaZmpWMEhENXAyRnpxT2dIVmh0TnJ3dEk4?oc=5,enflasyon TÜFE,2026-10-07T08:14:54.784617+00:00
2026-10-04T10:33:00+00:00,Perakende,"Zabıta ekipleri, Şehzadeler'de zincir marketleri denetledi",Saray Medya,https://news.google.com/rss/articles/CBMinwFBVV95cUxNYTRqRlE1NEJtYkppY2M3X1FlZEVWelBPbDZZN2t2WmJuTTNxMm1oNl9rMTZkMXhjc3J0ZHViTGRQdkdSR252M1djM1hDTTBoVVM4Q1g4S0s2VXNydEdYdWplMlN6TDJaWVE3NTRfUjlzVUhUQnRZX2Y1TzljazdRS1VRZDNIR2pYVmZ0QVNOX1A5ZDNSbnFXMmJQS3hxamM?oc=5,zincir market,2026-10-07T08:14:54.784617+00:00
2026-10-04T10:29:36+00:00,Perakende,Zincir marketlerde fiyat ve hijyen denetimi: Şehzadeler zabıtası devrede,Aksiyon.com.TR,https://news.google.com/rss/articles/CBMiqAFBVV95cUxQeF82ZGNLaGUyZWZGcEExZU9DeENZNG4xM2xEcUVzRDcwVmxWZkhGTHZDd2xNdU5aN1lwRS1GbklZV1BvTnBfWDJIMk8ySWJiOHI4bTFxY1lrcEMxMzhzREZ6TURlVXpBNE5faHZ3RERXSDZpRGc1OHB1eTdiUmtxcE9DWDVYbnFDVzlWNEM0Mjd4Y21lYTk0czRtM2NBc3hhU29MektNNHTSAa4BQVVfeXFMTjhadkx3c3NwazVlYTRYM0RpOVlkUTlRZHBQbjFUZjZOU3FWRUo4MGIwQk03Z0dPMVQtajRLb005aW1rMlRaUlJ0amJZdUVRUWVLOC1FU1pJcU8yMy0yNTFRT1pRcFZDcUFoeTNmNEt0Z25LOXFMcnUzYTdXb25BYTczSEpSeEktcHBHeHVvWG5yN1NkS3UzRkJNTEk4c3VQUmxrNWtfTzg2MS1rQWR3?oc=5,zincir market,2026-10-07T08:14:54.784617+00:00
2026-10-04T10:25:42+00:00,Perakende,Şehzadeler zabıtasından zincir market denetimi İhlas Haber Ajansı,İhlas Haber Ajansı,https://news.google.com/rss/articles/CBMinAFBVV95cUxQOXBLeUgtUjVKTUJQMFRrWWZLemdPUENVeGhpTC1DMlIyYmlxOG9oeGFzSnR3YUxVOFVfb09ES1B5WjRvbm9WNWhSVklaOHQ5UVlIYW9qZ2N3ODNVOElKb3NRVDh3TmpDNVBncjMyeE1ZeUJIQ1lHZ21WS05kLXhFRGNLdnJWSGh0amlvNHhTd1NsLTB1Q3h6Z0hjVkk?oc=5,zincir market,2026-10-07T08:14:54.784617+00:00
2026-10-04T09:45:16+00:00,Bankacılık,Bankacılık sektörü ekonomik büyümeye verdiği desteği artırıyor.,Vietnam.vn,https://news.google.com/rss/articles/CBMigwFBVV95cUxOUTNhM0tJYkc5OUZWNkpycmVuUWItWGJETHBHaXRUMDZ3blRYbDJ2MWI0NHY3RjF3bXdDVWFPWjFFQWt3eWpxUjJvRktlcVpOUnd3UDhOWGxGa2lxRzhvdFItaWt2SGg1eDhDZFFCRkkwNGtZRnA2Y0REdzFHZ3hZVzFCNA?oc=5,bankacılık sektörü,2026-10-07T08:14:54.784617+00:00
2026-10-04T09:22:30+00:00,Bankacılık,Bankacılık sektöründen enerjiye 1 trilyon TL’yi aşan finansman...,Para Analiz,https://news.google.com/rss/articles/CBMinwFBVV95cUxOYS14WjlMWU50QVhJNzRvQTlmSV9od2F6S3ZxWDNLdG9XRWc3eWl3NWYwNndjdXk4TzRZb3R6TWtyaWVCbmhpc0FkOVhPeS1MdThwNGlRREREc1ZuTGROUlVldi1sS1lDN3lkaDhUOEM1allXdmFqVTI0MHktUzVTYk9kaExpNG55VXVDYzJiMGk2UHNldzRXSUZHeHRleTg?oc=5,bankacılık sektörü,2026-10-07T08:14:54.784617+00:00
2026-10-04T08:51:56+00:00,Bankacılık,"Mevduat faizleri yüzde 37'nin altına geriledi! “Faiz neden düşüyor, düşmeye devam edecek mi?” sorularının yanıtları belli oldu",gdh dijital,https://news.google.com/rss/articles/CBMi9AFBVV95cUxNU2FYM2ZkREFEZmRlWWI4Q09MazBPanJXbzRqdkx5akJYVGNiWkx3d1pzRGJTVk40YmVlVEx2ZTJnTXprZ1RfUTkwdXE5MzloR3g2eEswTkRoRFdXV2d1NGlFOTFvUnhGZEVGek9rTE5rZF9TSThWUVdBcVd2NzJ1bXQ5UmtZMHRPYUZWVVZGZE5uczFkTVNUWHhxX2V3UjQ1ekVFcFJTanFpVGcwdF95YWROUE9qdl90d0J1RFd5R1dnSTBURWZxelpiSGR5aDdQdnFyNFJJc1NHVHRLWF9qZDRTU1NTQVJvWHdabFowcUJ3RVU0?oc=5,mevduat faizi,2026-10-07T08:14:54.784617+00:00
2026-10-04T08:33:00+00:00,Kartlar & Ödeme,10 Mayıs 2027’ye kadar ödeme tarihleri belirlendi: Tam 38 şirket temettü ödüyor,Ekonomim,https://news.google.com/rss/articles/CBMi1AFBVV95cUxNaXVmRFpkYW5FSXVpUjFBVW01OXVncTVfejUtYTVjMU9sclExQWNyY1I0QUNmbVdVU1dWaG1fS1BGWWpRemNhaXNoVy1fZ0d6WjJJUWUyVkJFSC1hNWRfZmlkR0Q3WlY3X2NVWElMR2p4RHRxTUhPelplOXRwWTZ1aW5adWtKQ1dKbG4xN2R4YktCaVI0QnI0QkdkYmI3c3doTWFPR0xuY2g0U3NTSFZuNmhsaFR4QkRNTXhPdmNBOFBzc3dZb242TEZJSW1WQkdqQlVHbdIB2gFBVV95cUxNcVZYX1B5TXdOTVBKdUFrcnlscWVWZ1g1YjFGamw4UXVpRHZyRU1SVnBfQVFUSWZvZldkZUkwQmM4cTlCRE1DLWRvdnBtNHdfckI0MFRjZEtKU1ZzdTZESFYzdVh1ekFYQ1VyamxhNFZ3TUR1ZmdrUm44TV9DNURFVldZb2ExZW16OU1aalZaSWF4VjJSOGhueUQxd3VnbEdyQWRqS083cHBGa3dMRDF1UG90VW1JbUJiNlFqWVg0cEtwSlNWZWFzcTQ5UXlmTEVFUmxONXEyeGp6UQ?oc=5,taksit,2026-10-07T08:14:54.784617+00:00
2026-10-04T08:11:38+00:00,Kartlar & Ödeme,Soc Son belediyesi 26 sokağı nakitsiz ödeme bölgesi olarak belirledi.,Vietnam.vn,https://news.google.com/rss/articles/CBMikwFBVV95cUxObXNfN25ORGdtWGk4cm1TbzBGV3o3TzVMU2lMRUQwWnZmVlBiZTRpX2tyRm53V1ZiWFlibnlDbFJCZjMtUHh4b29rWU9uMHRKX1E4eXQyMFhIOUdpZ0Nqd0tYMExISFZmMzBVYWZwV0VwTjVIZDlWUGJNNHVrajF5OHJqcFM3TGVnYnR1N3BPay1LazA?oc=5,dijital ödeme,2026-10-07T08:14:54.784617+00:00
2026-10-04T07:35:00+00:00,Piyasa Göstergeleri,"Enflasyon oranları - rakamları ne zaman, saat kaçta açıklanacak?",Dünya Gazetesi,https://news.google.com/rss/articles/CBMipwFBVV95cUxNcXJaRUtEb05jLTVUcmtmTWgtak44ZzRoWks2Wk1HNmZ5aWZWOFdsN1dmZkVTNi1rdTUyVnJ2ZGdtNTZsMklYWEs5c0Rydmh0YzVqZGNZZmpkWGpDaGVWeU1tQTRDeHA4RE5kUmdTalBiM1RCVXMzaGZndFFBNUxqcXMzLUh1UU5CZFlOVnp1RlVZSVlRYW5ya25UVC1fWnMxNjF6QzlWUQ?oc=5,enflasyon TÜFE,2026-10-07T08:14:54.784617+00:00
2026-10-04T07:18:00+00:00,Kartlar & Ödeme,Rusya Maliye Bakanlığı ilk kez dijital rubleyle maaş ödedi,TradingView,https://news.google.com/rss/articles/CBMib0FVX3lxTFBCdG5qS2lVaVRiV0hKN2RTQ0RhczM2U09WVWpNS29WSHI1a0tsWkgyc2ZHbXFQd3RLc25nQkNRcDBFUFg0aWFHYk5TYkFuZER0MjBOZkJ1c0ctbnY3d2xCTTExWC1KUjAxem5JMmxuNA?oc=5,dijital ödeme,2026-10-07T08:14:54.784617+00:00
2026-10-04T07:00:00+00:00,Perakende,"Perakende satış gelirleri, ürün grupları arasında farklılık göstermektedir.",Vietnam.vn,https://news.google.com/rss/articles/CBMijgFBVV95cUxOUUY1clZxaFNNOFZNT3R6eXk2N0w0ejN4czNvTW1adXhSQ2hhcXJCZFl2dTEzc1pSMldzM3JnU3BxNS1qbzhPTmFiWGlLeDNBLTZYOVVpU0Q0UHRPOFFUYXhjVHpqY2VjNUY3U25KMlk2R08xcjVHRlU4MUNQVWtwa3FvREg5b3c4elNJOGR3?oc=5,perakende satışlar,2026-10-07T08:14:54.784617+00:00
2026-10-04T06:38:36+00:00,Piyasa Göstergeleri,"Enflasyon verileri ne oldu, yüzde kaç arttı? 2026 TÜİK eylül ayı TÜFE kararı",NTV Haber,https://news.google.com/rss/articles/CBMivAFBVV95cUxNYTJKOTRZZC1xekJYNFpneXJNT1pjdjU2Umc3Y2g5Sm5CeDd2QTVjN0JWODN5ZVg1YjdzWlM0WXVGNm84WjNreUNkUERBN2tnclNmS3ZURGY3UFc2cW1nNEZ6VHY1ekIyVi1NOXdVM0NpQjJ4SC1wRnBGbFZTN1RPQVd1c3U4MHlONUNzNW1QREtjZWdKR1JMVXkzeWRROXIyOVZIQVlVYkY2X05LckVGZEFvcjFvUWJCVUFMTA?oc=5,enflasyon TÜFE,2026-10-07T08:14:54.784617+00:00
2026-10-04T06:08:07+00:00,E-ticaret,E-ticaret işbirliği yoluyla Vietnam ürünlerinin gelişimi için yeni yollar açılıyor.,Vietnam.vn,https://news.google.com/rss/articles/CBMinwFBVV95cUxPeE9OZkpFSEtWSlk2bEhwblEyUjIwbXE3ZkpySWJidUd0QmFaODFqSVMzcDJnVnFLZkQ3RVJOdTc3eXB3YUg1SjVWSmlIMWdaRVBaMlp6V29BbjhaQm54MW0zUGM0OUdDMzNITWZJamhFdUdiaVBOaVgzVGdHdVBoYkFyRUZXUmJsNkwxb0pMT3BzVkdwUGVGdGQwdDFSSEE?oc=5,e-ticaret,2026-10-07T08:14:54.784617+00:00
2026-10-04T06:04:48+00:00,Kartlar & Ödeme,Kart borçlularına yeni barem - Kredi kartı asgari ödemesinde limit değişti,Kocaeli Kent Gazetesi,https://news.google.com/rss/articles/CBMiqAFBVV95cUxQbVBBY3ZKQkc1OEpGekVfZVJHSVhMZTJrd3QxemUwd29BSmdtMlA4VzhtWU9LcUQ4MGItRjZoYjEwSXRsTG42eHVKSmdrVHR1RExuaXBEWTdEbEVEbjVTcF9SV1YyVFhybkhvelUzVmF5WEdLeWR4eVEzYjd6ZTg3VC1vUzdLNldTUUVTRW9DdTY5a000THc4SFRKZUxOWnBncG9GQVp4djg?oc=5,kredi kartı,2026-10-07T08:14:54.784617+00:00
2026-10-04T05:55:15+00:00,Piyasa Göstergeleri,TÜFE EKİM AYI KİRA ARTIŞ ORANI HESAPLAMA 2026: TÜİK Ekim ayı kira artış oranı ne zaman açıklanacak? TÜFE yüzde kaç oldu?,Milliyet,https://news.google.com/rss/articles/CBMi2AFBVV95cUxNVnNFTS1jV0VGM1hNRUtBaHhjOGFfLUZiSkZtR2Zzd0lQczBweUI3a2ludWEzVWhyUUc4TXFEQ2lERXR4X2gwWFVaRE01WG5UU2JFQ1BJa0N5MVREamhrNFRHVVRkU19zSWxtd1M2U3UwdXhWaUUyUTdESXdvZ190MEp1ajF0UVN5LVREd1ozd1FfRTl1WnZHa19YaE1kTmNaYXhLeDFLaWpodktVcjRfd3hJSnF3NXNtRTRtU2NyVmtkVDZscTc2SzNuOUthamFJM051MzJQa28?oc=5,enflasyon TÜFE,2026-10-07T08:14:54.784617+00:00
2026-10-04T05:43:59+00:00,Bankacılık,Finans ve bankacılık sektöründe inovasyon için kaynakların önünü açmak.,Vietnam.vn,https://news.google.com/rss/articles/CBMikAFBVV95cUxObm1nc0hVd2E4b3F5VWhlOUIydXZtdVVxd2xHZ2VnWlhwN2xyaE5fTUhUWmZSVEFiX0pBb3ZKSFF6cVZ6Rmp4dmphMVhDQ1o1d0lZd1FxUW5zREdsZlVZdTBpOGY2ZjJUQ3RyOS0tVzI0SENXbkllY0pEMFc0T1NtVklva1dCQjdIN3pfYi0yY2w?oc=5,bankacılık sektörü,2026-10-07T08:14:54.784617+00:00
2026-10-04T05:31:00+00:00,Piyasa Göstergeleri,Ekim ayı enflasyon kira artışı oranı ne kadar olacak? Kira zammı için gözler eylül TÜİK'te! Enflasyon ne zaman açıklanacak?,Yeni Şafak,https://news.google.com/rss/articles/CBMi-gFBVV95cUxOTGY4Skc1SGJTbjQwbDBuU1luZk1UWUhfa0F1S21laWg0M3pVdXVTRlVKeVBkay1UUDNaSmtLcDR6ajJEc0Jtck9FMUxBY19jNjQ1eVdaZ1ItSHJQTFJlMFRaNVljdlFjYU9DbE0zYzNyeTBvazdRNGI1cXI2R3pyUzAyUFpSclBzWWU3OElSSkRJR1dxN2FtLUtXVjFPWGVjcnprOEFKcnA4dy01ODQ3R29JdmJmTHRqM3poOXh6MG05aUY5bVI4V0FadGExSjUzeUJha1p3SlozdzhNNGI3MkpDRndwejJ3RDNvdnI5MFlsRW11YVh2ZUxR?oc=5,enflasyon TÜFE,2026-10-07T08:14:54.784617+00:00
2026-10-04T04:59:00+00:00,Kredi & Faiz,Bankaların tüketici kredisi ve kredi kartlarından faiz geliri 1 trilyon lirayı aştı!,T24,https://news.google.com/rss/articles/CBMiugFBVV95cUxNS2pXZmozSGQzNDRaajJGaXJmeksxTjFQMjMyS1dVRUIxMEFCd3FrcGtnRW5GVmRBZEVqcjhCak5ZU3g4WXp5dEJwZVQyRzBVcGJLQW4zNTE4bHllcnREOVhFYS1WSnJORVhWZ0cwdXJSLXpmUGYxVE9SbUVHc1VWZnFfbEstMUplVWpmWTZfcm9qRWdTMS1XMVFQQjhHNjlqeUI4VGVnbTljbktoOER5RExLbE9QUmw5MHc?oc=5,tüketici kredisi,2026-10-07T08:14:54.784617+00:00
2026-10-04T04:07:00+00:00,Kredi & Faiz,Mevduat faizi neden düşüyor? Güncel mevduat faiz oranı yüzde kaç?,Ekonomi Ankara,https://news.google.com/rss/articles/CBMioAFBVV95cUxPc005bm1EX0hKWmFVeGFrUDVVVGVsVUV1WjhydlNVTExhVnVrWnluS2l5bFFDdGtkZFJKY0dnU3NMYWZzSGM2TU1ra1pHQkllczJ3TVBtX1NuUHFhVkNka295emVxNzdLcFRnaW52ejB4V2x3RlpiOWwtbEpYd3NTdVhFcXZDVjdHaHk0NjJsLTVWUXN5OTRRcjdWaVZWMW4t?oc=5,kredi faizi,2026-10-07T08:14:54.784617+00:00
2026-10-04T04:00:00+00:00,Kartlar & Ödeme,Kredi Kartı Kullananlara Kritik Uyarı: Yeni Oranlar Belli Oldu!,Şanlıurfa Gazetesi,https://news.google.com/rss/articles/CBMimwFBVV95cUxNVjBGVDhOU3VmcHBwS29ETDdoTHNFNEQtQ095LW1VeGhaTWt3YWY2eXJNRm1GWmVVSllHQ2k1bWhYYnotLThRX0Q5VmlJRUR5MnNXNWhuTDBJVjBER3lwVnlGT2dyZ2QtWm1ndWFmeWxlVFpRa2p5bWN3d24xcHdZYnpQeVF3ZVB0VDBYX09DM2Vsbkw4ejBBeGd2WQ?oc=5,kredi kartı,2026-10-07T08:21:55.564991+00:00
2026-10-04T03:57:20+00:00,Bankacılık,Fon krizi bankacılık sektörünü etkilemez,Sabah,https://news.google.com/rss/articles/CBMiiAFBVV95cUxNNUVrLWJVZXBmWVpWUElKWHMyVUhkUzI1cHVOVlhJbDR2VjdmQlQ1NktpT2VwbWJKUFkycnFZcWhfaVRrd2dTb2dnM09ab1BRdklydU1waVNhbXBGNDlNTDQwRGNlV0syZXQyZk52YlozbWhaQVBWZHJJeGk3YVlpNFhuZGtjUDhy0gGLAUFVX3lxTE5tR1MxZE03d3lHbWlpT2ZnbWFYbmU5RGVjOUV1eHlFbEp5SmlOOFByVndzNGU3Tm1SeHYzRHM5TDNaUS0zRWRDV3dMUXk1bjdFMkVHZzVlUGdpZDE4MHE4cTZ1eGZpSG5CeU5fbGpRSkpjYTAxU1RvTjhNcjFfY0oxTk9scTlsc0tXUHM?oc=5,bankacılık sektörü,2026-10-07T08:14:54.784617+00:00
2026-10-04T01:21:00+00:00,Kredi & Faiz,Yurttaş trilyonluk faiz ödedi,birgun.net,https://news.google.com/rss/articles/CBMic0FVX3lxTE44TjdiZENQNEpZeVRIWGtRTTY3OHpFMGtRWlQ0d0o2MWJtSU43eDJXcTFVVXFSMHI4MkM1TnF3eWdFUVFCZllLbGZ5Qmg0a0lKTnZMMmFDYVFDdTZZb1M0S2pZZ2oyUjlGY25FWjJ1SlFSNW8?oc=5,tüketici kredisi,2026-10-07T08:14:54.784617+00:00
2026-10-04T01:00:00+00:00,Bankacılık,Bankalar Birliği COP31 öncesi finansman sunumu yaptı: Enerjiye 1 trilyon liralık kredi,Bigpara,https://news.google.com/rss/articles/CBMi7gFBVV95cUxNdXByZS1kLVRPOWxBNk5xYnM0dUdtTnNDSk5rQy1TVzMxeWR6T09LaG5BZVM1enM4c3RFSmc2Ymh3eDgxV2RHN2pMU1JPSWF2TTNzdTg0N01wdGdwWHJFamRiRzZWd0NZMUt0UWZGWjBpQmFJV2VTbGpSVGk4encxZG9mb2hGY2ctTHhPVTQ1VW84MTZmSEFDVXEwUjhlLU91akFDVWpzNkhZNjVuckF2bFhCQ2oyV1dZSTRJbWNSa1lPcFVlR3dEMDJaZmd2bmJhdHM1TlNyNlJuUzllNjdxNVVuZ2lfeFFzQUNvNW5n?oc=5,bankacılık sektörü,2026-10-07T08:14:54.784617+00:00
2026-10-03T22:45:00+00:00,E-ticaret,"BİM AKTÜEL 4-6-7-9 EKİM KATALOĞU 2026 - BU HAFTANIN FIRSATLARI BROŞÜRÜ || Bim'de gelecek hafta neler var? Oyuncak Mutfak Seti, Hot Wheels Arabalar getiriyor! Bim afişi ekim ayı fırsatları",Hürriyet,https://news.google.com/rss/articles/CBMioAFBVV95cUxNY0VYM1J1NWJBUzFvazZKc1dfYl9UdV9qdldvejcxdUtHc28wWWZtdGhkMWM4UFRGNFk4WjV4QVJZN1VncEQwMXlYd054NmR2OEdNZi1vY2tjV2lXbGU5MUhwMkVfY0NkeGFzUVI2MHFEU3FnREgxVUNUZ3UydVBjczVCUGUzYV9uR0o0ZExjT0FXQkxiYnhoLVJadjRienlJ?oc=5,online alışveriş,2026-10-07T08:14:54.784617+00:00
2026-10-03T21:48:18+00:00,Piyasa Göstergeleri,"TÜİK ENFLASYON AÇIKLAMASI SON DURUM! Eylül ayı enflasyon rakamları ne zaman, saat kaçta açıklanacak? Eylül ayı enflasyon oranı beklentisi (TÜFE-ÜFE-TEFE) yüzde kaç olacak?",Milliyet,https://news.google.com/rss/articles/CBMi7gFBVV95cUxPZDJIT3N5REZjNks0eTc5VG9tRnVaZEtJM2lKRlAybU1Lcm5BSE8zdlJPRkdNa1BPclF1cDVRZ3U3WWVRejhKNTFLWmYtT010dWNmUEl5c0c0NU1GX2ltZGN0TXZzcFVOdlhjeVUtUWNwenJtZFROa2dDNW45U1BZRmZHdllhR1VrX1JHTm1PRUVlMXdnaTNFMTNZUThMY085SUQybzZHME9qbmNCYVh1RjhMcEFmZGx2MWFTTG1rZS03aGhONW4zbTRSdU9hdHRBLW1lekxuUjdLQzAxNlItZGVJOTNYYmtfQkVHNV9B?oc=5,enflasyon TÜFE,2026-10-07T08:14:54.784617+00:00
2026-10-03T21:39:00+00:00,Piyasa Göstergeleri,Enflasyon oranı ne zaman açıklanacak? 2026 Eylül ayı enflasyonu bekleniyor!,Sabah,https://news.google.com/rss/articles/CBMi0wFBVV95cUxOdHFaRVVRLUF0ZkhOMkZXTnYtNzdVVVJPZV84bHpFVEtaVk5ESkF3WERDc0d0b0J1THZIYkNyNmVCaFhXR3JoRmpsWHR2VFVTMmdPZTlwOVJWODBkRlBnemFBbFBDRzFaZjBhYTN1QWtpdFgwMmpOSzZfVUVhV3NMR0FkcmVtYjRqNi1iVUtWXzJCaTV2QThIa21DZ3NYVlFOZWRwQTdDc29ob2REWkdsbDJuZmpraUVmT0NtMUtsY2lEajZDWEpTMmQzVERYSmY2czdv0gHWAUFVX3lxTE9sTzBCMFZwcldZT0l5TW1BckRIanJBSTNZcG9kR1FzQXBDYXpwSjNSbF82VEJFbV9UZnhQdXNzNmc4Y3lTM2hnTFpRRDQxTmR0ajVSUFhMNmlTenVBYUp5X0VuWVhDZ296Nnp4a0V2TmNnSkF6U2FETzF5ZTc1Z0psWDBRemtVUFdxbVBSdnJsMlVUOU5Ock9MN0txOXFQaGx3akFzRldzTEdxckp1dVdNNmlNOXh1LWtyVWdkS2V6QUlTWWRGRXM3SmVVUHZfWkxPRkNLTnc?oc=5,enflasyon TÜFE,2026-10-07T08:14:54.784617+00:00
2026-10-03T20:55:00+00:00,Kredi & Faiz,Telefon alacaklar dikkat: Kredi ve taksit hesabı değişti,Taşköprü Postası,https://news.google.com/rss/articles/CBMikAFBVV95cUxPc3hKd2VEOC15bXQydUthUEt2ZUFNWVpETHI5Y3NUcTRWUWFMMi1uR0h1d3dWZWxYYzdDMy1QNFN6SEpJQVNqWk9EQmRoSTl4QU45a1p5MTZwTU5oOV9reTZUTDlTV25xd0F0Yl80Z3p5c2o5S19KOVdET1BqM1dQdk5FNUE5UWZHci1GNFhqUEg?oc=5,tüketici kredisi,2026-10-07T08:14:54.784617+00:00
2026-10-03T20:46:51+00:00,Bankacılık,Mevduat faizlerinde üç yılın dibi: TL birikimlerin getirisi geriliyor,TeknoTalk,https://news.google.com/rss/articles/CBMipAFBVV95cUxOemNpd3pzZ2FQU2hFUWV6OGtKQ2VHUmwzWXhJMzgwVFpjbm1VbTJxV3pYSDEweks2Y0x1NEltV2VNSHpRNDZ0eUZQNVRaRDBMd1l0eUNCbTFfOUlZRWhNbTJ6eF8yNmtmekpybHROcFFHTHBpbnJJLU9UaXJoMTBELW1OYWFmbFJWcUtJcWlIVFEta0JWX3ZQUFl2R0x2V3pST05OcA?oc=5,mevduat faizi,2026-10-07T08:14:54.784617+00:00
2026-10-03T18:49:34+00:00,Bankacılık,BBVA’dan bankacılık sektörü için fon krizi uyarısı,ParaMedya,https://news.google.com/rss/articles/CBMilAFBVV95cUxOYmRNclhGWUpZSE8zTzBtYnJsemNSYWdNbnZFSTFndjhjNDh5WEJZWHk5Wk1lZ1E5ME1VNzRiYjNvc0xFOTJVMWRpYU5OMXFHcnVQOTFVTTF3Q0FlSHpyenVfbkp4eno0RE9leEY4Tm80MF9QazYtRG16QVVBZW8wVnA2dHJ4aHpOcG83cGg2NHdlbkpF0gGaAUFVX3lxTE4yLVdObDNZOFIyOWVDaVhEUmJrU3Y1c2ZHSm5VZkZBd3dkQWI1N2ZLOUtBQkt2djZnMTJrY21feVpwU3JDXy1ZRkhtUVNEVk9nNlBVTmV3akdMSU9Gb3JVUmc5M28wQ2dLR3NTOEozU01YSHlVNEhEcXZoQlo3OE5RQkhkOHZoWlZXMlNtRmV0dzI0SWdUaXNRQlE?oc=5,bankacılık sektörü,2026-10-07T08:14:54.784617+00:00
2026-10-03T18:09:29+00:00,E-ticaret,Kayseri Ticaret Odası'nda oylar yeniden sayılacak!,Kayseri Olay Haber,https://news.google.com/rss/articles/CBMijgFBVV95cUxNNTJGZHNESEJuTnJkR3VuelpsbEFvVGhmNXVTOEw1N014cjVMZmloYU1OaVE1OGd3T3FaVS1KbHhQNWtlT1phZzRabEtydm9hQ2phcGlTejJTNHZpQ1JnWVJ5LWFsclF1bTdnT2ZDbXBmdzBNLXFhSlM5bUU3Ynp3eWZNWEdIRkF4SUhoZHdB?oc=5,e-ticaret,2026-10-07T08:14:54.784617+00:00
2026-10-03T18:03:55+00:00,Kartlar & Ödeme,Suriye ile Mastercard Dijital Ödemeleri Görüştü,وكالة الأنباء السورية – سانا,https://news.google.com/rss/articles/CBMiS0FVX3lxTE9NQkhnRW5RMkVmb3BSdW5TUUhONDdyWGUtUmpBRk80ZlRIZzBIXzlsalB1MUFqMUNObGNBdlVKU3IxOVFsN3FnMkp3UQ?oc=5,dijital ödeme,2026-10-07T08:14:54.784617+00:00
2026-10-03T16:33:57+00:00,E-ticaret,"Hedef, e-ticaretin ülke genelindeki toplam perakende satışlarının %20'sini oluşturmasıdır.",Vietnam.vn,https://news.google.com/rss/articles/CBMilgFBVV95cUxNREVkMk01YjJwSmFpQlVmYVV6V2tkcktrbHp2MFNQY0dzWlRlVGV5aWxnSklfd1htX2tKUGxzcWhadEF4V2tFVDVxbkg0d2pTbXpWb2E5MTVzSzI4ZEZtX25GaEFUSTFLelQ1amkwZllFd3R1SmVCTE9rQlZ2cmhZX3FKbnNVa2dsZEJYZENzUHFXbl9PdFE?oc=5,e-ticaret,2026-10-07T08:14:54.784617+00:00
2026-10-03T14:27:32+00:00,Bankacılık,Faizlerde 3 yılın ilki! Merkez Bankası verilerinde ortaya çıktı,Halk TV,https://news.google.com/rss/articles/CBMiowFBVV95cUxQckN5UFgtYnZURG9FQVNXMjYtZmVZVWpJcDJ4OW01ZDhRQ0otdUttNzdRc1J5UV9oZlpFLWlhTU9nX3lnOTFXUkxwM3FPTnFtSWpsNTlUN1R1bFFzbEJRczBlRGVWcFA2VmI4blNpbWZsalROcFZrWUlHOWwtT2NfTU5FaHlVb3c5U2F0aEhJWmNwN3Z0VkNfZXUtMnRUYnYtYks4?oc=5,mevduat faizi,2026-10-07T08:14:54.784617+00:00
2026-10-03T13:34:38+00:00,Perakende,"Sarıgül’den Zincir Market Çıkışı: “Esnafın Nefesini, Seçimlerde Sesini Kesiyor”",Erzincan Birlik Medya,https://news.google.com/rss/articles/CBMisAFBVV95cUxPVm9Hei1zVnNoaXJjQktWQ0ttMDJfYjhTTHZkSW44cEprMUM0ekFXa2hMeklNNWx3bFFWM1NjUDh2M0JlWlNnVmZZd2Y0SGthQ3pScW15UUVZN2xNaXJFWmtaOEluR292dGV6aEppd0pKMTZYMFMtbVc5RG1NbUJYMDg5dS1qajVCY3RyOEZ4dlFfUTJqekZ0cERCNlZ5dzY0U1FjaXBQWUgtcEljSG5aVw?oc=5,zincir market,2026-10-07T08:14:54.784617+00:00
2026-10-03T13:20:00+00:00,Bankacılık,BDDK’dan kredi kartı ve telefon kararı! Limit ve vade sınırları değişti,Ege Telgraf,https://news.google.com/rss/articles/CBMilwFBVV95cUxNdUNjczRKcndyVGxiNVphbTh3WGdEOFFJdFI2NkQ3MS1RVGtReDVKbUZseHFOcmFabEt5a1hiTFk5TzlzbTJISTNMc2NnZ3hVa3g4eHN3d3g3T29tbDAwbHB4alhFNEROYm8wdUNtSzRDMTB0VTR6OGsta0VMMkhFcW1zU1E0X0J6NTIxU29IX0lZX2NvTHFn?oc=5,BDDK,2026-10-07T08:14:54.784617+00:00
2026-10-03T13:10:00+00:00,Kartlar & Ödeme,Kredi Kartı Kullananlar Dikkat! Asgari Ödeme Oranları Değişti,Bugün Kocaeli Gazetesi,https://news.google.com/rss/articles/CBMilwFBVV95cUxOX0FIZ2NOd3dnY1dGQnVIZEdDTjlaZDh4RWdnT013RmhubkRIU2R3dkVkVkVpTkFWMUpqbDhmSUQ4b1QxTFNSUXpzLU84YkRKM0lvVmt3MGctM0tqdUo4Qm94MGUyUFpfSC1jVUZ0ZFloSEU3QVplVWpMQlQwRGoteFE3cmgzNXFjRVhwb0wwamhYUk5KX21n?oc=5,kredi kartı,2026-10-07T08:14:54.784617+00:00
2026-10-03T13:07:45+00:00,Bankacılık,Bankacılık sektörü enerji projelerine 1 trilyon TL finansman sağladı,ajansflash.com,https://news.google.com/rss/articles/CBMinAFBVV95cUxNZjNFNXpBb2EtNEdMLUdSbUNLbXFpSGhqajZrYk5zVTdKRlRTcVBxVDh5djY2ZVVqUFd1ODY4NlJVYldHUDJyc1MxelM5NjZ6Q3RleHNueEJ5N3AtQUx3YTZOUVUzTlI3WjFMa3hhanlVRnZXZUp4WE0tbmdrZnBpLVR6aEE5M1NZVjBoVkJWLVhIWXpHbEdka0dmQnI?oc=5,bankacılık sektörü,2026-10-07T08:14:54.784617+00:00
2026-10-03T13:00:00+00:00,Kartlar & Ödeme,BDDK'dan kredi kartı ve telefon kredisi kararı değişti,Anadolu Ekspres Gazetesi,https://news.google.com/rss/articles/CBMigwFBVV95cUxPb1huZTd0VnBrd09SY21rc2lHckZLVTBaTFZSYmFCZDFXSXptVG0wRFZOZGxZVmQ4LTZWd2k1ZlRXSHEyZFZXX0hKUUMzS0wwUVVZaDZlZk01V0V1M2wybk45cU1jcXF0aWVLWjdfOUV2YUVkdGtBa0otR2swdTBTVzYzOA?oc=5,kredi kartı,2026-10-07T08:14:54.784617+00:00
2026-10-03T12:55:00+00:00,Bankacılık,"Mevduat Faizi Ne Kadar Oldu? 500 Bin, 1 Milyon ve 2 Milyon TL Ne Kadar Kazandırıyor?",Kırşehir Çiğdem,https://news.google.com/rss/articles/CBMisgFBVV95cUxNWGVtbDJ1UGw0Q3ktUEVZN2F5cmpqZGpMMXEteUc0NnBhR2FYcW10MTg3LTFZWnA5a1NFWEU3eHpFc1FUQk5lQnhLT2hkZ2p5MnY3YTdkMURFU2txMy1Xak9NNG5qd0NULU1ROG0wN0d4bWZJVHpUZDBKZHpteVBXQlV5S3pTYk9VY2lJcDYzOVMzMDZqSy1VRk1BclRFdHN6Nm9TdzloX09PZWtfTndxQ3Fn?oc=5,mevduat faizi,2026-10-07T08:14:54.784617+00:00
2026-10-03T12:52:23+00:00,Bankacılık,Mevduat faizi neden düşüyor? Güncel mevduat faiz oranı yüzde kaç?,Haberler,https://news.google.com/rss/articles/CBMimwFBVV95cUxPNm03a2RQSjU4UTRyUkU3M01SRUpNLVRCS083YnJzVFpxTjBscEp0M2NmMkl2UEpzem00UVpRZUxjdkNfY2NvRHJDdFVsQjJnbTA2QmtKYWJPOV9tRjRqeDJ5WjU1T3lMNDN5T2YxUFNaOW8taEozUUJ0a2tud0R1RGZsY3pQbWNXMGFvcm5VR0ZwMWp4RGxiR0ZuNNIBmAFBVV95cUxPWjBKMzBLeUIwZl9SbTJfM1hJeWdHVDdDS05LbHA3OFc5NTZ6OVhEcFctTGF3NVJfSDRaME5haXVFWHAwdGd4WXd0UWVBZm9Rc1ZZY2NuTXZnUUQ5VG9RZ2phRXhfaDZEM2NFZWc3eDhVSHV6d1RScXRfVV9YbTU5WjA5cjZ1dVF0SnVWTUNpSEJJcl9DNjdHaQ?oc=5,mevduat faizi,2026-10-07T08:14:54.784617+00:00
2026-10-03T12:41:20+00:00,Bankacılık,TL mevduat faizi üç yılın en düşük seviyesinde,Gazete Vatan,https://news.google.com/rss/articles/CBMilAFBVV95cUxQMmNWRzBCb1BDNTlQWWdidE9QRjBNUUQ5ekZGelJMWExEM0RVRkxtaXlVR3pCMnZPa3VTZUxZWmxXV2pGdF9rVU9lSkptVmhVN0VxZV9Sd1I0U01Pb2dCQkZuZVU5VXk1NlNRYnduZHpLN1JBbVZDLTF6ck9oZGU5eTdtVVZtNlFSdmkxSWFnZnFybmI1?oc=5,mevduat faizi,2026-10-07T08:14:54.784617+00:00
2026-10-03T12:15:01+00:00,Bankacılık,CEP TELEFONU ALIRKEN TAKSİT YAPILIYOR MU? BDDK Kredi kartıyla telefon alımlarında yeni düzenleme,Uzmanpara,https://news.google.com/rss/articles/CBMi2AFBVV95cUxPdkRLQ0NCQjJ2TFZieFpIaks4REV4UFZ0cjU5UEJGd1F2MnoxZ3UxZnJCVS05UVFMTUJPN3d1bzRDU0hnUmNTTzZtTWFhVm85WS1QYjMyUW1wR2NrQTl4Y0JoU0xqTzBKTVFkOXRaZzVjRE1RaGJ1T2NBSkhGUWpyVVEzVXEzWHpSc09WNFE3VnRvd2V3Y3ljQ3JydEpRUkxpb2pnMkV6bmJCZE9hVjJnczNiYTFEWXI3OVNtLUI3MTA2MGRrWjBWWVBXOVpONGxHSWQ2T2hVY2k?oc=5,BDDK,2026-10-07T08:14:54.784617+00:00
2026-10-03T11:47:00+00:00,Kartlar & Ödeme,Kredi kartı ve telefon kredilerine yeni düzenleme,Bağımsız Denetim Türkiye,https://news.google.com/rss/articles/CBMif0FVX3lxTE4zeW5tcEVpMzlnMThPUlVFTDIxUkhKbmdmRHlLaXdoUkxBN1UyZ2N4MzFHT1VwQmFmY1hYS3g1S3VjQXZVakpadWZDYkg4MXBRZVFrWVRWV3RKeENuT09Cd3V3NEt0dTVrT3BFQ0RsVXlTMU1MRkVPdnRReno2ODg?oc=5,kredi kartı,2026-10-07T08:14:54.784617+00:00
2026-10-03T11:44:52+00:00,Piyasa Göstergeleri,Enflasyon oranları ne zaman açıklanacak 2026? TÜİK Eylül ayı enflasyon rakamları ne zaman saat kaçta açıklanacak?,Yeni Şafak,https://news.google.com/rss/articles/CBMi7wFBVV95cUxPNml2ajRkQ0tWMGF6c0dFQzBEem44d2hiQ1I0aHJNaVlRSWprVDFwTllWbTEwRnV6WllrYzRjdW8za0Jnamk2UFZQUWE2ZmcxUTA5RzBKSEsxV3N1VFNSWTBGMjNtXzRLa3hHanlZYUhNZlIxZmU0a0VYbmtrLURORmVpRE0zNl9FSVBYd0VGUlFuMUt2XzFVVHBOZWFRUWF5UXYtVXNBUDBIUk1lVkxFbnNleXQtYkxCaW9zNjlYeGNxOEZURWRFMnZJanBqclhTYTRFOHNUOWVRaXA4VnlvczBObWYtR0RpZnNrNzRvTQ?oc=5,enflasyon TÜFE,2026-10-07T08:14:54.784617+00:00
2026-10-03T11:25:10+00:00,Bankacılık,TL Mevduat Faizinde Fren Tutmuyor: 2023'ten Bu Yana En Düşük Seviye!,Para Analiz,https://news.google.com/rss/articles/CBMipAFBVV95cUxOYUQ1ZWZWMEYxR3dCX1A3SmRhTG1lZEVocl9SZzlIbTljQVJaa0Jua01kclJDdmxCYTBZTHV0V3RmQ0E1VWw1bmtSWjJGTXFvZXVwUFZmSmJ0UFpGVklyWWRBUXBUdnpsV19hUDhQNEVkT3I5TllPNGJ2a0ZRb0tINmg4aGdud3FhM2dCZ0xiY3UzZGFBRlZZcmZQZk1OenVMdWVLMA?oc=5,mevduat faizi,2026-10-07T08:14:54.784617+00:00
2026-10-03T11:07:58+00:00,Kartlar & Ödeme,Lao Cai'de dijital işlemler yavaş yavaş insanlar için bir alışkanlık haline geliyor.,Vietnam.vn,https://news.google.com/rss/articles/CBMijAFBVV95cUxPYWdqYnFpSktMYUpfeVh4UUtIamtkbHl3U1I5MGhIRjd1bkRlSDdyT1FtQU1rc2lvdjkxMXhaaVpsQU41aTk1dUg4cnVFbE5FVVJXUHh3SUVlYWFVOGdIWUFORHJscTVvMDBYQjliWm51a25lTzFib19MQ0FwQ0lzcnZCLUc5ZlVhNnU2bg?oc=5,dijital ödeme,2026-10-07T08:14:54.784617+00:00
2026-10-03T11:03:59+00:00,Perakende,Şişli Belediyesi'nden market ve okul kantinlerine denetim,Milliyet,https://news.google.com/rss/articles/CBMioAFBVV95cUxNMUVZV05hUHRrWHJwYm1BZW4zNHVmU2pNTFBtcEZfV2lOMDU0RWNLdEVodVJ6WTFnc1dYZmJrYk5vNU9nbXZPRHJSanZINnNnWW15QTBWRzRaY2h2SGNQRl93eExYWDJBdzBObkRSdjdDaERTODVlLThRN0tQT2Y5X05BY3A0T3ptTGNyZW9kTUthQzMxdUdXaUtBWG5HTG41?oc=5,zincir market,2026-10-07T08:14:54.784617+00:00
2026-10-03T10:35:51+00:00,Bankacılık,BDDK yeni telefon kredisinde 12 ay vade sınırını 40 bin TL'ye çıkardı,Son Dakika,https://news.google.com/rss/articles/CBMiogFBVV95cUxNZ0JHaGlHLVRTRUlIUXhGV2g1R250VjJ1VFh0ektRMVotaWJHTldyR1pKQ2p5S0ZoOElPSTNIdE5MaDNTb2c2bHN1ZGNuRE52SnRWNXpmWDY1eDVTSnFqR205azRoWDZJUU1kWC0wQjZteTNraXh4X2RqMHFyNVpTNHhRRHdDSkZnWFZaYlFZaGExNWRrQmRaWnFrV3QycHlEOUHSAZwBQVVfeXFMTXg2ckJTOWNFeXdDMm4tX3Q4aUdoZndvdXJudjVyRFVxMVNMdXJBb2MtTmRJTlZhUkVBazAxYVZZY05vVUk2d3IzTUtyWVpPMFJvV2Z0NmFDeDdDRHhSWjduQ3RhMXFFTlZKbVBaa0IwTDNSQWFyRlZLeElFOHVEejVSWFF5QjJPcnUyZW83QXphMU9yQ21QTWN4TlAt?oc=5,BDDK,2026-10-07T08:14:54.784617+00:00
2026-10-03T10:15:51+00:00,Kredi & Faiz,"EKİM AYI MERKEZ BANKASI FAİZ KARARI ne zaman, saat kaçta açıklanacak? Ekim ayı faiz kararı için geri sayım",Uzmanpara,https://news.google.com/rss/articles/CBMi5wFBVV95cUxNM3Ewem9lRFE1VXVxbjlqYXNlSURiY2ZMQ3kwUmhNX2N2SmZxSTRRS3dDV1RXOXU1SGF6akZfSGR4U0Rzc0tzTG40anJ0RXRUM3gzaVUxTkhqR3hTZDhPVEhqQzNER3JSWEZIbGtiLWNzeHlOX3UwdHRyWngyaUlpZXJOSmtzSW5zbDhNYmVSYm13LVdWZmh0S0hVbEhMSWI3R00xWFhjaGg5VEJFbklSamViSVBGQ0pSYjlIN1pFcjA3WDF3dDdBVmhXUjIteDhQWVpuN2pwVm8wZWdEMmZuQklTWDVybHM?oc=5,TCMB faiz kararı,2026-10-07T08:14:54.784617+00:00
2026-10-03T09:09:59+00:00,Bankacılık,"BDDK kredi kartı kararı: Kredi kartı asgari ödeme tutarı ne kadar oldu, cep telefonuna kaç taksit yapılabilecek?",Afyon Ana Haber,https://news.google.com/rss/articles/CBMi7gFBVV95cUxNcHVGNU5wRjI2SXQ1ZlVrczdhWXN0aC1aOFFLNmNrZ2Iwd1dxTGdheHBsR055UG9Mc0tRUC10UWVvZzZDdy15U0pQeS1oaUVkTXZqUDE3cXhxUFRhMXdIUnBRNllQc1J4cUd5U21tMkNEUG1zUkRwQlc2R3VJelNQWF9ka2huZThMemNXVklvU1k1ODRnSjExeHZwRE0xanN4R1dPdktzdHZCUFVHemxoTXF0Wnl4MW4wdkJVc3o0bDZCcGdPZUIzRFIzNk1NcXhJVklOanpfSG54blVMQ19NZFlYblpTQnd5dzVIdXFB?oc=5,BDDK,2026-10-07T08:14:54.784617+00:00
2026-10-03T09:08:00+00:00,Bankacılık,Parası Olanlar Dikkat! Mevduat Faizlerinde 3 Yıl Sonra Bir İlk,Sakarya Yenigün Gazetesi,https://news.google.com/rss/articles/CBMiqgFBVV95cUxPbThjb0pLdURlbm5wVTFtZHczbXFyTWh6b19ZcnJBM01UalJoMWk1emwwYUZKVUNYRWNXRkZmeXJQbXg3bkZDT2trWUlJcmlscy0xQnB6Y1lSWElHVVJOdVpEeURwOTRxLVVpVlZWNjdxd2p3YVFCNmk2amJBRnJhdGpadzA2NDA5NjhENDIzeENWanBXNWdCdGdZbF9IMm95cktQZ3ZIeXlGZ9IBrwFBVV95cUxQOVNWeU5YdzZfZ0E4UlpiSUJQRG9uZW1EQktROWxuckpVUEdzbUIyUEFXSlFLU3NCX0pyQ29UNnMxajZBXzZ5NmJHNTZKeEZacUR2enV2eTVmQU9Ca0xyRWpPSDZQVWhxV01kaFd6MkdUZFZaMzhoT05KbDExZmNQVkw3QTl1a050YVhZQm1QczRIbnBDQkFqTnNMNGhQLVdiNDRBWk5UaVR4b0N4bS00?oc=5,mevduat faizi,2026-10-07T08:14:54.784617+00:00
2026-10-03T08:54:00+00:00,Perakende,Zincir marketlerin limonlarında 144 pestisit tespit edildi,Yeni Alanya,https://news.google.com/rss/articles/CBMijgFBVV95cUxPdEZrQ1Z5VUR0U0RmUnJBeTlOakNIRXdNb0xPRUtZNFlQUnFmbFBiWnBmdHhSbGpROEFtVjljeGJQTjc5T0RxQXhQQWJ4MnVFV2lHMlI3WV83UWhveVlqeUtabGNzN0pOQk54bDNXOXQ1cVV5Wjd5Y2FPNXdfMUlfczdKMnpDNVpaajdfLUpB?oc=5,zincir market,2026-10-07T08:14:54.784617+00:00
2026-10-03T08:49:50+00:00,Bankacılık,MEVDUAT FAİZİ 2026 | Mevduatta ekim hesabı! 1 Milyon TL 32 günde ne kadar kazandırıyor?,CNN Türk Finans,https://news.google.com/rss/articles/CBMi2AFBVV95cUxObGZWZElnREZJYWZOdGtYWmZUNDZpTzVVQTBxVlV5eWczMUVDTUd5SGpVTHRKWXZrb29Td3JUT1hzdnVZX3NXSVkyVTFfMTFlQlUxNWpHSnhjVlZraTFSYjVsZXJrMGY4dm53bUV2N3hST2xscU5zUHVyS0hKb09mQjlxV0tDZHdpUHdjSndIQ0tqSDZndDdfNnlVZkxBTUl2b0pHWkxmcktURzNjNWRwS0hnYi1ObXZaMUxFRVI0VTVncXZjNnZLTy1SNVJqZjZBc2tZMjFKc3c?oc=5,mevduat faizi,2026-10-07T08:14:54.784617+00:00
2026-10-03T08:49:00+00:00,Kartlar & Ödeme,Nakit oyunu deşifre oldu! Kredi kartı bile kabul etmiyor! IBAN istiyorlar,Haber 7,https://news.google.com/rss/articles/CBMitgFBVV95cUxPMUhvSGV4MkxlUW9UQi14Y1dnZUoyR2ZwNTVYS0RzVW1SQXhVZTJYZnVtR2FxZ3c3ZTNCNy1yTXJvRTZYSm4tcExNY1RGMGEtWGJza2E1aGk1cGNUa3NYQTctVmxleU9qM282cVJ3bHVLYTlkTzZ3LUxTM0I2dFBpblY2X196SzJBbDJwblhEZWhDUVBNVmlZNkdPcFBrNC0wTWRfYVFuM0J5WW1IOXU4MWlab2R5Z9IBvgFBVV95cUxPQ18tN2F3T0FHVlFHR1d4NVFYOEJuVmZCTlBWOTR5SGxJTWJESEx0VklqLVEwS003b3IzeUJFeVlJcWZRdGhzdnV0V2xna1RMakxheUN2R01wa0s1WU9DNl9ZcW9ZTHhhR3BjY19IVDFzQklaRU9RZ1d4bWdGTUxnQXlVUERxVWZ0emhVVktKRlFWUXRhNnhaanJyV0lHX2hqX2Rxd2FObm4xcWx0d21aeEZaU01sN3pNTk1neHBB?oc=5,kredi kartı,2026-10-07T08:14:54.784617+00:00
2026-10-03T08:35:00+00:00,Kartlar & Ödeme,Kredi Kartı Kullananlar Dikkat: Asgari Ödemede Sınır Değişti,Hatay Asi Gazetesi,https://news.google.com/rss/articles/CBMikAFBVV95cUxPYTNwN0wyanl6Q3FxSmJUb1ByLTZjT2tOYVU1RFNaWEVRMEdrcXJlcTlKcU1Bb0lYN0RZdEx5U21wZG1yV0s3SHRmZktIcEpzQnlxbzZLNFk0Q2tqSl9GWHhLVXZrcFZXOWduSW5vRkFXOHl3LVo3MDl6T29JcW1vS1JUaVp1WGJLWlU3eW5JcDc?oc=5,kredi kartı,2026-10-07T08:14:54.784617+00:00
2026-10-03T08:26:33+00:00,Bankacılık,"BDDK KREDİ KARTI KARARLARI: ASGARİ ÖDEME TUTARI NE KADAR OLDU, CEP TELEFONUNA KAÇ TAKSİT YAPILACAK? 100 BİN TL SINIRI DEĞİŞTİ Mİ?",Posta,https://news.google.com/rss/articles/CBMi-AFBVV95cUxNY3l1bmRJM0pMalB4STFIRW1jeHZjQWxtY3ZISVcwcnFtWVo3ZmpaLUpCbUZaR29rZlJUb0t4blptcFh0Sk9GeDNadnU0X0RCNm1lZlBOSVptdDhSdWtZS1NabTdOZjlQcE9Id0EwX3lJRy1mWGZoYm1KRlJrVmc2NGNUamJKUTROUjFwMFRzWDdwYVg3eE1qTXdERFBRbC1fOG1jU0tPNDd2cG90UVZMRk02YmRJNmxMckI3eVpnT2tCRlU0ZUVZNmN5dng3U09rZWpMWDZya2Z0YkY2ZzRSTGdudTRlM0tjQ0dkbFBVcWwwS1ZNeHIyMg?oc=5,BDDK,2026-10-07T08:14:54.784617+00:00
2026-10-03T08:26:23+00:00,Bankacılık,Üç yıl sonra mevduat faizlerinde bir ilk,Nefes Gazetesi,https://news.google.com/rss/articles/CBMifEFVX3lxTE8yXzJlVGE2dW0tSnVhaTYzV1NmSTNxanZmcnVkOFM2S1FVVlotNURaMms0RGxEenlaRm8zUDFmWnVzZG55X0RxenNZS0x1ZHlkaXNTbGV3RkRVbUI5Uk5oWjVfLUZ1N1VlLTZ2eDM2T1g3eFpnVjJKWlpzZG0?oc=5,mevduat faizi,2026-10-07T08:14:54.784617+00:00
2026-10-03T08:22:29+00:00,Kartlar & Ödeme,BDDK KREDİ KARTI KARARLARI: Kredi kartı asgari ödeme tutarı ne kadar oldu? Cep telefonuna kaç taksit yapılabilecek?,Haberler,https://news.google.com/rss/articles/CBMimAFBVV95cUxNQW8zUWFHUlNPampNSllMZTFVWVg0QmZVMG9IT0UzMU1wcjNIbEpuWlJoOWg3Q2hCRlM3QV9EVV9FY2lKcE1sS0xQUlVNRlF1cm1CNno2QnM4RTV5T25UNTRiU3VTbk43ZXNvaEd2c3pCZFY0Vy15QVRBOW5tcFFOTHhpWGRSSHlQcEdSbk1td2hSZTZnZ0Fvc9IBlgFBVV95cUxOZjBSZVB3UGdSeWxkWTYwUW5Jd0pfQlVDQVFYOTRZcDlSUmxTVUU3dTVVRUVhV2RWUEoyUkRtUWFGaUhSb2h4YVJJTkdwc3Z2X3FWSFJ5X2ZoSlBPbTdHbVhaZ192TE9lU0FUX2JYZmtmNG0wQXk3S19TOG9EVUtNQldmajBhRk9aZExOd1R4enppQmhNNFE?oc=5,kredi kartı,2026-10-07T08:14:54.784617+00:00
2026-10-03T08:18:00+00:00,Kredi & Faiz,Merkez Bankası faiz kararı ne zaman açıklanıyor? TCMB faiz kararı tarihi ve saati...,Dünya Gazetesi,https://news.google.com/rss/articles/CBMiwgFBVV95cUxPckx2R0JDMDVyLUtjckRFOFFvWDBYUVlBOEx2VGdLT2haaWZObjFUeTBNZWxWNXRNNEZvdnB5Vjh3VEVxNzJHbUJLQUVRMzlvNVlVRHFMaDRDYWx4RUNjeGJtM0hJM3RsQmJqdmRadkFoMjJrNTdrVHBFZ0xxM1Rxd2RlanlBQXk1ci1EYmRpejI3d3JPOEpTRFQ4TlM2ekJaRkNhOEhMVjRjdW11RkhPY21wa0Q0MGdscERUalZyM0RxUQ?oc=5,TCMB faiz kararı,2026-10-07T08:14:54.784617+00:00
2026-10-03T08:17:27+00:00,Kartlar & Ödeme,BDDK’dan kredi kartı ve telefon kredilerine yeni ayar!,BankaVitrini,https://news.google.com/rss/articles/CBMihAFBVV95cUxNT05uMjEzdmZCSWFxMVZaeTNobjNfdEpTZXM5NTR0YUQwQlBrN2RfMGRHcS02a21UMl91ckp6NnlEd2otUU9ncUlpWjdabnJHTHVrWTJ0bDBxalJkU2FxS1dUcVMzWHFYTUs5OU9CYnlJM1VxMl9UQUhpTWR0eF9Ddk02ank?oc=5,kredi kartı,2026-10-07T08:14:54.784617+00:00
2026-10-03T08:02:39+00:00,Kredi & Faiz,Konut kredisi faizinde düşüş: Oran yüzde 41.82’ye geriledi..,EmlakDream,https://news.google.com/rss/articles/CBMijAFBVV95cUxOM0hCVGtkQ0E4SXowX1IwX2NzQmZPaFd1YlNJSGxza2pGS2k4Y0tteFloQ0lvN3pkTDJlVnJDUVlNWEtsWVI5UjFVRVVIeWd0MExReGxHaXJPejNJR241aEZ4VEk3M096elJsWXAtTWtaU0pQTkhKeEhmTzJLUXk0bHRCYmVpVFRzd3M2dA?oc=5,kredi faizi,2026-10-07T08:14:54.784617+00:00
2026-10-03T07:51:17+00:00,Bankacılık,Yükselen faiz oranları: Kimileri gülerken kimileri ağlayarak bu durum ne kadar daha devam edecek?,Vietnam.vn,https://news.google.com/rss/articles/CBMihwFBVV95cUxNUDdvUHl2YW5nbUhLUjN6Y1BoNl9rLTFIb0pFS0NEWUJPaWVIREVwQUh2eEkzMkFiQmZrTjJwWDZWVDhjcUtOWEFDalpYMmdGb0dOSXAzNEN1RWdPWE5qaElmamFBS193V1JFd1ZHeXBBYllLY1FRVTA3RVRtMGtFNDJBSzhnbGc?oc=5,mevduat faizi,2026-10-07T08:14:54.784617+00:00
2026-10-03T07:47:00+00:00,Bankacılık,Kredi kartı kullananlar dikkat: BDDK yeni karar aldı! Artık değişti,Haber 7,https://news.google.com/rss/articles/CBMitAFBVV95cUxPSHo4ZzJXdkhzLURmd3JHaHhKWVpuTS0wU2JaOE5iTG5HUTJwYmFVR2psU0Y3OFU2c1dIZHdHbGdMZE9ESG5IRjdsRkFvRlU2VTZWNTdIbU9mSFY0aFhVMVdxNkZJdkt4UG1vWGVqR3JWM21nZHUzOUdodGc3LThzdXR3TnIxRVdPT2NBTTUxUEIxdmt5dzNIbkZocktfQUFIVUpCRHFFMUtoU3dvbklnUEtqZWLSAbcBQVVfeXFMTTgyY1VIQXdoNGw1SUtWYnBsd2ZUbGtGY3ZlQ3c2cW1qZEpmVzJaXzRpM1VveHpqcGdzeTlCQ2g5U0RxeFhTR01zakE4dzBMMU5odDgxQTBoSS1qeXFOZzFXN29hT3hmMTFoU1l3Sno5Tnp2TzBUbEQyMmlwbXZ2Z0lPZDRuOTV1TDhOekNHOFZFOUY5bzJyZmRsQ3ZGTWVDdzZqWjVEUmwweVA4bXdUZmtCVzBKQ2k0?oc=5,BDDK,2026-10-07T08:14:54.784617+00:00
2026-10-03T07:43:00+00:00,Kredi & Faiz,Kredi kartlarına 100 bin lira sınırı,Haberimiz Var,https://news.google.com/rss/articles/CBMifkFVX3lxTFBueGFvazV0bXdOYmIxaldvNTlPU2pBNVdJTGxNSHAtcVNySDRkc3BSNmNMc1JFY1NsbzNBaEJHay1Ta0JsQTVaTW9TX3FHcW85WTRGcEU4WTdRcFJTS2dWNDBrOWdmLTRVUG93UXV5ZXJ3S3ItczdyaU1VSE5SUQ?oc=5,tüketici kredisi,2026-10-07T08:14:54.784617+00:00
2026-10-03T07:34:55+00:00,Bankacılık,BDDK kredi kartı asgari ödeme tutarı değişti mi? Detaylar!,Kanal 3 Tv,https://news.google.com/rss/articles/CBMiiwFBVV95cUxNaXpNY1dXMFowaGVUVXE0UGIzQkVOMTRITXFMYjluWWtGUEFUcjc1T3FxUXlLYkJ0aU9ZSmE0LWZJYlYySUJRc3lFanVGRWF5Y204XzNGNHlWc2hQbVZmeUh3UlpQWUNtYUZFSXZZSlRLV1Ntako4WWZvX1dOY0JmdEdNdmdPX1BNVTg4?oc=5,BDDK,2026-10-07T08:14:54.784617+00:00
2026-10-03T07:31:23+00:00,Bankacılık,Mevduat faizlerinde 3 yıl sonra bir ilk yaşandı,Sözcü,https://news.google.com/rss/articles/CBMihwFBVV95cUxPZ0hpSFlUa0tPQzd2cXhMVFcyd1NicnJadDBZNlpvdnROMW9uTElkYlNubmRoQjJZMWpwMXNFNnFIYmE1c1UwRFZCY3IyVE5IcGdROE5GR3BCeW5MeHF2Tmxjd2tvOEd4Q3FfalI2cGpfQVFCR0RJQ2xrR3lLZTV0WG9URlBINzQ?oc=5,mevduat faizi,2026-10-07T08:14:54.784617+00:00
2026-10-03T07:29:00+00:00,Bankacılık,"Bankacılık sektörü, enerjiye 1 trilyon TL'yi aştı",Saray Medya,https://news.google.com/rss/articles/CBMikwFBVV95cUxQQnl3OWFMSVkyUUZDXzBrUDNoZGl3TXBXYTZ2c3VhUUZZaTZMUDVDbUxzalhlZ3MzaFROMW9mWUNBdzd5SFk3Y041a2xwb3Z3UzdFQi15MXlFaTFfZUZEcUxBVzVDOHROcnRXaWMxR2xQcWZndVdpUDNoMGhDOEhNVVBDVGRreVZoZ1V1MFJFSUJZQWs?oc=5,bankacılık sektörü,2026-10-07T08:14:54.784617+00:00
2026-10-03T07:27:32+00:00,Bankacılık,Kredi kartı asgari ödeme oranları sil baştan değişti: BDDK'dan milyonları ilgilendiren karar,Yeni Şafak,https://news.google.com/rss/articles/CBMi1gFBVV95cUxOeEtoRjdWWEdUbHpPV0xLNVVqM1N2cVp2c0g5b0RwaHJsbjVfYlJPcTZyRWNLaXFld0l3Q2t0Zi1NUjBVVHpJVXY4cUNUdmNZVjZJTmZXMVk0b1pBdjA2Wjk1d3JIdURULTRNZVFKRmpYdTZzaWd3NUdiU1owN3BCWWlUZUwzbTVBVTFCdkZwcDRZZzRxLWptWm9MeElyczQ2azBNUTlZX2xXaG82aWZraGdLSVZWTzRzQnFkbC1QR3BRV09wTUpkNnpRUXA3ZFU1ZWpZNVhB?oc=5,BDDK,2026-10-07T08:14:54.784617+00:00
2026-10-03T07:25:29+00:00,Bankacılık,"BDDK, 40 bin lira üstü cep telefonu kredisinde vadeyi 3 ayla sınırladı",Son Dakika,https://news.google.com/rss/articles/CBMiogFBVV95cUxORUZMTTQxXy1Cb0VLX3g5YlRBQlYyV29TRmFTVTNRVHBpMFJQclRaa3pPNy1OejF0VmRiOXFPaENBVzBUX0dMSEp3ZVR1Sm5BUGdRZUg5UE9Db2UxRHhZWmU3R1ozcjN5QnRzeWFoUGgwa2I3NTJKMHpoQmRGa0ljSFhmTnhSa0wyYkFDOVN2SWo2S1ZYX1ByV3NYS2ZxdVp1eEHSAZwBQVVfeXFMT1cyY1NNdGZKTUw2WFNUYUtKaUNxQWRWNXA0bGF4Y0x6ZzFMR1JBU0ZzQWZ5MXE3b3puZmgwaFBNcUtGZGJ2X2J1R3NSaW0yWHI1RHJQYTgtdkI4RFY1NG5aWi1kMC1DY3JfWDVTci1uSmVOdTAtOTZKSWpOTS1sYzVtSjlZbjV4SmVmb1VEZTlVVWdfSDlSTGNub19M?oc=5,BDDK,2026-10-07T08:14:54.784617+00:00
2026-10-03T07:22:00+00:00,Piyasa Göstergeleri,Enflasyon oranları ne zaman açıklanacak? Eylül ayı TÜFE rakamları hangi tarihte belli olacak?,Dünya Gazetesi,https://news.google.com/rss/articles/CBMizAFBVV95cUxNckJ1amtkbnBHOE45WkdhdEJxNmg1Sld1TWNINDlncVNqY0lnN1Q5elIyYmJMZkZVbTh1dGNMd0o2R2hlcTRWNkI1S3l6Y001U3N3RDZacW1mcmMyX1N5cHBLYXFQdGRMU3BKUzl5Q1ZrNFNoelEtNVMzZXVTZDZ1M1kwYmFKcFBOckZFdC1TNUtJemZ2RV8wQ2Z3bjBMQnQ3NGtxNXBoNEE4MWR5VGR1RDF0RktHRV8wcXdFb2JaWmRSVTdfN01NRlk1Vy0?oc=5,enflasyon TÜFE,2026-10-07T08:14:54.784617+00:00
2026-10-03T07:19:40+00:00,Perakende,"İlk dokuz ayda, mal ve tüketici hizmetleri perakende satışları 5.925,7 trilyon VND'ye ulaştı.",Vietnam.vn,https://news.google.com/rss/articles/CBMinAFBVV95cUxQNDNuRGpCUzg4QlFxTW9UZkdEbFFEdVFUVFNXWmlkbkxXeVZ4N0dDR29GQ19OOG1oQ2ZLd2NRalRTWWNOTWFqMkg4QXAteDA1bXB3V1ptY2NaLURTdHV3c2MzQ1h2dGJjbVBaUWl0MW13OGxVRjI4Z25LcGJnb09KTmtwVkxFVnNzRFdIVm5DT2JIb0k3bnUtSTBBV1Q?oc=5,perakende satışlar,2026-10-07T08:14:54.784617+00:00
2026-10-03T07:17:04+00:00,Bankacılık,Bankacılık enerji dönüşümünü 1 trilyon lirayla finanse ediyor,Aksiyon.com.TR,https://news.google.com/rss/articles/CBMimwFBVV95cUxPVTBBbm1oRjk3ZE9abU1ZQkJTUFZRUTYwVHF3RW9LSllWYWY3WnNwS3JpbjRLTTNiNHJJLWg2LW1YeVhsaUp1bzFzZzhXaktJU0hrdG5aemFmYWV1YmlZNnJIelZza0I2UmJ4TlRvTHEwOHh5ZXJ6blZReE43WTd4WXpSdVJwc0ZTSFc4azk4QUhWbXpEN2VHeXJqc9IBoAFBVV95cUxQRmRGdFk0RHZnZDg3X2RscG04VGdTSXFGWm1UOTJLYWI2MHZqQXh3Mzh2SXlETGZ5eUZZaXdoMnNjNDdkS3pnVVpoWFpwQnpYN0lkQzcwajRrV194N0RDdENwYThzemdRMC1VVFRpLXJnR2F0X3F1aU80dlRTNGU1RlYzbmRMOGxXN3VxYWN6WVdaQW02b2p2TF92Y2t1b2Zw?oc=5,bankacılık sektörü,2026-10-07T08:14:54.784617+00:00
2026-10-03T07:15:00+00:00,Bankacılık,BDDK açıkladı: Cep telefonu kredilerinde vade sınırı değişti,birgun.net,https://news.google.com/rss/articles/CBMimwFBVV95cUxPbF9OUUlJMWtlWWpROG4yenJNY21TWllFWERSZEVLeVVLTnVYWDZaT3ZkSThJcXRvVzYwdWdmek95WnNZWEtKOTVTdmRGd2ZORE81MzdFZ3BFdU53WmRVMk1FdkViWXFKb0Z1S0dFVW51VnBfWU42QjFHV0M0Qlp2YlNPVmE2OTM3TXM2b1d6alRWYVBLTHBGekxSVQ?oc=5,BDDK,2026-10-07T08:14:54.784617+00:00
2026-10-03T07:12:52+00:00,Kartlar & Ödeme,BDDK’dan cep telefonu kredilerinde yeni vade düzenlemesi,Anka Haber,https://news.google.com/rss/articles/CBMimAFBVV95cUxNQS1LazBab0hDRnlvTjdYMUVfak94Yk1JbXBWR2ZoMmdBNjRyRHZOR3IwQ29xeXk3REtnUElpR05rRm5wMkpHclNiRkRQaDl0c2duNFAwUTVneGwtSktwcG82dDd1TWpqd1VkX2tFeDVnUTRpNlYzVHZvSFFGVS1xV0VkMjlJN1JjR1JNNFVjdGhDVXJ6cWxTaQ?oc=5,kredi kartı,2026-10-07T08:14:54.784617+00:00
2026-10-03T07:12:27+00:00,Bankacılık,BDDK cep telefonu kredisinde vadeyi 40 bin lira eşiğine göre yeniden belirledi,Haberler,https://news.google.com/rss/articles/CBMingFBVV95cUxPVUp6dEV4b1RSLWNUT0xET1Z2cDU0QnJJTTBJek03Z1BHXzAxNkhibXVjZko2bDJaV21OeUt6ZkJzNDVfYkIzUmx5YzRXbURvSlZTWlhjRDNEclI5Q2tfcFVsXzBOSlpIVWhmdGZzSFZpU21uZWF1LTd5VEs2aUt3Z1RsQS1ZYV9VdzN6S1hBNV92ODRlYUdfalRYMVJmZ9IBmAFBVV95cUxOakF1SkxIM2tvRHhWZWpRcElzVHJsUVZuYUVwZml5UG5INlNoUHNBQlpvYTNYbmR3MS1PbVlSZzE4eE1ic0VoUEYzdXM3SDJ2NFIxTDVhV0Y4Q2Nyc3BVdXdjTFZEZnEtUThUZVpoU1A4bGRDNzFwOU5JeXQ1MVhkUy1uV3ZaN2VVUDJhVnlCeU00eXRkRjBvVg?oc=5,BDDK,2026-10-07T08:14:54.784617+00:00
2026-10-03T07:07:17+00:00,Kartlar & Ödeme,BDDK’dan kredi kartı asgari ödeme tutarına yeni düzenleme,Denizli Haber,https://news.google.com/rss/articles/CBMilgFBVV95cUxOWm9EbGp3VGxMN1Vfa2sxZnRJXzZxVE15VzZhcDhidVhpNWxOLTZwUUFPb3Nkb2JnTHVoNkgzUTdZQk5yZ1hadTIzSEUxV0owMm5MemxjS2hkTkxfZUxNSXRVZmlaSlBxdVB6b05zb0NIMjNFbnlEb2F2MzBuUzJ2b0ExZk5SREkweEVMR3hUV2FudXdEMnc?oc=5,kredi kartı,2026-10-07T08:14:54.784617+00:00
2026-10-03T07:06:00+00:00,Kredi & Faiz,"Kredi kartı asgari ödeme tutarı ne kadar oldu, cep telefonunda taksit var mı? BDDK’nın yeni kararı ne getiriyor?",24 Saat Gazetesi,https://news.google.com/rss/articles/CBMi1gFBVV95cUxNQ2ZlWEtDRjhrem9LaFR6ZkpjSUpibVVsLWdMM1dzRGFLdUc3ZEE0bnBISWRlNlRqRkljalp5TjFYSlEwMnZvTVd3NFhjUi1VcFByYjVVSl91ZEN1NmtIVmFka2VSNVdWaHJZdlAxVWJGQ3dHd0lOYkpjcWNScHVuZ3FoUVF1VEtleld0YVRRSWxPenNYbzZYODhWajNzdl8zUFEyQnBLRmxNeXFqYUFnWkFGTmxCRDdZSGV2NnhVV0F2NmEycm9wdXVIM19yaU83UmFlcUVn?oc=5,tüketici kredisi,2026-10-07T08:14:54.784617+00:00
2026-10-03T07:03:35+00:00,Bankacılık,"TTB Yönetim Kurulu Başkanı Alpaslan Çakar, bankacılık sektörünün, yenilenebilir enerji için 347 milyar kredi kullandırdığını açıkladı",Patronlar Dünyası,https://news.google.com/rss/articles/CBMi9wFBVV95cUxNeTBUejdmSDlsUlZtLVd0a2JXRmRIUVZkY3N3QTlsd1VjeFNpV1ZEV2tSWUtfNEZWU1dVLWtESFQtTU90U1dpZ0hhN2psZV8wQkZIUVgyUjN3N1FYNWJfVkNkdXQyUV9yN2NmLXVqQUM2MW41RmV6eEdhTi0yM1FEOWw1MFVDODNpQnFGVDBEaHlSRklqMTFqd2xNemM2alduX2k1dkFUQzh3TmhyNjF1ZGljZVhPdWpTLXZUd0dXUHE5aEhXRUVqbTNYWk10SjB3VFUzVWU3S1pxbXpKNGJqdUZrSUdsMkRsUzNVSTk3WFZXMHhXWHF3?oc=5,bankacılık sektörü,2026-10-07T08:14:54.784617+00:00
2026-10-03T07:03:00+00:00,Kartlar & Ödeme,Kredi kartlarında yeni dönem: Kredi kartı asgari ödeme tutarı değişti,Ege Telgraf,https://news.google.com/rss/articles/CBMimwFBVV95cUxPNktpMFhWd2x6U1JhU2x4azc4ZDhUR1l3SzR1Wkx6NkZMTFhmY3h4dGJjN1NybElKb0FBSVZHdHNIQWVuVG40TTBVYnlHUEZfMW1uTUE1bGswNlFsUU1zdGhJNml5UnVvcm55ZWtNUVkxazl0VjZReWlzcEJBLUl3bmVnV25HQWNIZmtYb2FfVEYyajcyc1NhcmtCMA?oc=5,kredi kartı,2026-10-07T08:14:54.784617+00:00
2026-10-03T07:00:00+00:00,Kartlar & Ödeme,X Money ile Alışveriş Dönemi Başlıyor: Yeni Dijital Ödeme Sistemi Neler Sunuyor?,R10.net,https://news.google.com/rss/articles/CBMie0FVX3lxTE1XcFlJcFRvazlRam1VWEY2NVljTG02VDFHMnZWUndZS0xjUUhFcVRncThBak9LYzRPRVQ2Y1l0WDdqeURfR3Z1RTZqeEtsY29rbnlnaE5FOUdhanBMNUplejdGeU1rSU92NE1hZVNJRzBUU0xLY3V2Um5sYw?oc=5,dijital ödeme,2026-10-07T08:14:54.784617+00:00
2026-10-03T06:47:20+00:00,Bankacılık,"BDDK, cep telefonu kredileri ve kredi kartı asgari ödemelerinde yeni düzenlemeye gitti",Teknoloji haberleri - LOG,https://news.google.com/rss/articles/CBMirgFBVV95cUxNZ05KYnZtSi0zWDZqQnhkem9mVno0XzA3MnR1QXJjS3ZLcTN6SklUR2lzZTh4azRKV2V4UmpLdjd4UVBoNm9lbFI1RTlwY3FoUTNIclU4dGtCX0VYMWF4amlnM01mcUZ3NXA4V0dQZHloRHdXYzRRNlk0RWhyLV9hMVhDNW5FVkhYYkxCRWxxaUtQbnk5cG5LWWFnaEtDT1JNS3drTUFXV1oyOU5CUlE?oc=5,BDDK,2026-10-07T08:14:54.784617+00:00
2026-10-03T06:43:00+00:00,Kartlar & Ödeme,Kredi kartı asgari ödeme tutarı değişti! Cep telefonunda vade sınırına yeni düzenleme,Karadeniz Gazetesi,https://news.google.com/rss/articles/CBMiygFBVV95cUxNajJDRzNCOXVURE4zNWZ5VTg1aDRoY3JPb2djZ29nYXc3NnZMMGxuZk1fQU5qdU53UDVCaGt4Wm1zMGxuN245aXdGVUxpM01qNTd5djBzczdURXpjNktjLU1LVXJ2MnNDUDdnSlA0OXQxWE9tQkpENmZKODJUanBXcGJfZHJ2UENUaVhMRUZ4RTNjckl3YnQzaHd4Y2hNNVktcmRPVzJvc2R3VDJGS3pXRWYtaEhYNHoxTnVpdXEwOUxGQVZwZG8wc1Jn?oc=5,kredi kartı,2026-10-07T08:14:54.784617+00:00
2026-10-03T06:33:00+00:00,Kartlar & Ödeme,Telefon alacaklara müjde taksit sayısı 12 oldu,Köroğlu Gazetesi | Bolu,https://news.google.com/rss/articles/CBMihAFBVV95cUxOdzJxRlVxSkVaVVhiT3A3WFBzVWNUVXk4dzVmd0RtV2VMeExEejRiU2FNMmMtUGpmaXlvN2dMMWl2aDdpdmZCTVpndTRMMG0xcGp3Y1BCNUJjc3l0OV9Ja21LZzFBZGZvNXFfUTRJS1RSUk1PTEI5VFpPZXBSNzlueDdhMFQ?oc=5,taksit,2026-10-07T08:14:54.784617+00:00
2026-10-03T06:32:02+00:00,Kartlar & Ödeme,Telefon alımında kredi taksit limiti değişti!,Technopat,https://news.google.com/rss/articles/CBMilgFBVV95cUxNSUl4NlVoMEEtQW9VNlgwUml2cEQ0SVZvQm5iSzQyVTc5Q2RFdkxhQXZ6VlU4azZ2V1RIcUJJSmlKWmNoZkkzLWt5TDAtazBQZGNPV0w3MXJMYTlwY0c2THJZSE1mcFI5MWhrd0JSLUwwcjh3dDgyZlpFTERTWmVDZ0RibTZBVWo0WDVlZUJ0Vk55WEVTR3c?oc=5,taksit,2026-10-07T08:14:54.784617+00:00
2026-10-03T06:32:00+00:00,Bankacılık,Kredi kartı kullanıcıları dikkat: BDDK asgari ödeme eşiğini değiştirdi,Afyon Haber,https://news.google.com/rss/articles/CBMinAFBVV95cUxNRkVDcTBNdXdTd28xMldaUU1nempnZ1RJOUp2Z2ZJZ3BJUG9VcVMyMGxDZzM0QjV0blJlcDQ1TjNaenNZRGcxYXRVQ283V25QQnNTbFhJTFhNRzhfT3M2V0tGdjE4OTVteDVQZUNTaWFxRGJQTlZuSmJ1LVVnTlFibFJ0YTYzWF9US2h0amF5c3ZVUW1WY1Z3R1BMUGs?oc=5,BDDK,2026-10-07T08:14:54.784617+00:00
2026-10-03T06:23:10+00:00,Perakende,AVM kiraları mağazaları köşeye sıkıştırdı: Esas kriz orada... Yüzde 83 dertli... Başkana sorduk,Odatv,https://news.google.com/rss/articles/CBMirwFBVV95cUxPU1NtU2xRd1NTbEpESUJ3eTFPU0lhbXlDUTlUUG41OHp4YmtmUXBYMS1qTUZkZ3JFckxfTENQb0ktRkstQ0dRVkhJZ3NBZktBdUdmWFJnZlBmVDBRMUZ0NjBvNmdxaEJ3NlBLMTVTRHE2ZHZMS09jTnB6d09Pa0hxcUJiNjNhUjF6ZWVrSW5OR25kdDBvcFc2bWZnR2R2Ym1mSmxTNHZoR3FkSEZsZnc0?oc=5,perakende sektörü,2026-10-07T08:14:54.784617+00:00
2026-10-03T06:22:54+00:00,Bankacılık,Kredi kartı asgari ödeme tutarı değişti! BDDK yeni oranları açıkladı,Gazete Vatan,https://news.google.com/rss/articles/CBMisAFBVV95cUxOMHQ2OG9qUGlvNE1uSnFWYXNvN0RBTkhGUXpvVDJ2dVQ4RklZYUZkSmZuQ05ZU1JhSW51Qk5nXy1hb2taUkhUSFhsMDY2b29zVkdKTzBHUWxXQ09XN3ZjWHdfek1CcjhJNnduYXlXaWhncm9GT3NPZElrT3FBeklqNnlLbm5WTVVzX1dWaHNpMURpYndZNkZoX0JGZS00Y2pTX05RQzkwNklXcVJfc0liXw?oc=5,BDDK,2026-10-07T08:14:54.784617+00:00
2026-10-03T06:17:29+00:00,Kartlar & Ödeme,Cep telefonu kredileri ve kredi kartı asgari ödemelerinde düzenlemeye gidildi,Doviz.com,https://news.google.com/rss/articles/CBMiwwFBVV95cUxPVWVIWFZ3ak5aZTJNY0o0YThYMXNZc0dUOG5JWXI0OGo1U3FyWlJDdHAzNUNJRFBnb0RCeTlJcTIyb2ZWTVUxdGVSV0xfSjJFYXF1R0xSaHZiMHBvRlJxbjhhcXgxZmdYVTFCNl9ibnV5Q3pyeEc5WnY4bi1MMzB3djZXS3I1Z1I0Q1hSTUF2Zld2RzZnNjg0RjlManJkTzd4b29iQ05Fc2VQTmszMWVzYlptV3hTcF9TZXp2RGI4LTdlUTjSAcsBQVVfeXFMT0lWRUJUNEpyYkw3WUFqSjEzUGpMT0Myb2hHWTh1S0hEdGlyQWphZUVGNklnYy04MFFHWWxqYThDNDFWckxpcDdCMzc3VzVKbkpxVkpWR0luX1JQYmp6bGFnZWpEYWsycmdzX1lwVGdmV3BYSWhkanNyMGwweWhMZmFveVdUV0JJT29YMXZoZm9DZUlDV1d1SmpXdGtHX3kzZm5YRVVWM0FtcHh1Mmd0UXczY1NGMDVTQkxHS2tRblJLWkhqQkk3eEI4dHc?oc=5,kredi kartı,2026-10-07T08:14:54.784617+00:00
2026-10-03T06:15:57+00:00,Kartlar & Ödeme,Kredi kartı asgari ödeme limitlerinde değişiklik,D20Haber,https://news.google.com/rss/articles/CBMiigFBVV95cUxNY2p2VnNHcExBSVA5dzRSb2tqVzZrMUIzam03YVFpbTRRM0NMbzNRM0lVdGFPYVZGOFdOaGVYS3FZaEhmdkppczRzYjV6ajNoMmZxZEtYcEI1cjFjY2F6dlF2LWhLRW4ydWIxd3djYk81eVlhYUFXYmFSYUZhZFVER0hNd1JWNTY4REE?oc=5,kredi kartı,2026-10-07T08:14:54.784617+00:00
2026-10-03T06:03:48+00:00,Kredi & Faiz,Telefon Alacaklar Dikkat: Kredi Hesabı Değişti,Gündem Sivas,https://news.google.com/rss/articles/CBMikAFBVV95cUxNZ1o5UUo4b0ptY180a0w4ampCWkxGTUV4V1JhN1NnMHN3ejVtYlEwdU1jMW1XQ2lLSUxKNUQ3OVlmc1FXOWpXMGduV2M5RlU4czNfYVlycmJNQTNRbll6dGJra25YN1NhZ0RIN3FtNWhDbGhFbVdGUDFIOXVlSkI3aGpWZU5nTkRtLVJyRVM0TmU?oc=5,tüketici kredisi,2026-10-07T08:14:54.784617+00:00
2026-10-03T05:49:00+00:00,Kredi & Faiz,BDDK’dan kredi kartı ve cep telefonu kredilerinde yeni karar,Düzce TV,https://news.google.com/rss/articles/CBMivwFBVV95cUxPdzY0TURtSlltWjUwcUtFUjZuaXNOSVdQeTNTYWkwZGZHa2d2SEE4MHdKcFN6YVVqbkltejZWYlJBTVB0dVlMZGpJVHdXQWRmZE53dXgweTdJSUxYSlNYT0lyd19yYlEyWDBTUWl6RXViWTRYZURpdGo1LWRSSVNPTmQtRndvdVdwRUpKMHg5NW1JSEljd18wNk9pejVWOFZTV193aDBuQThDZ2VFdXdrNGszQ1lnNHF1aU5RUmg1SQ?oc=5,tüketici kredisi,2026-10-07T08:14:54.784617+00:00
2026-10-03T05:46:51+00:00,Bankacılık,Kredi kartı asgari ödeme limiti 100 bin TL oldu: Telefon kredileri için 40 bin TL sınırı geldi,İstanbul Ticaret Gazetesi,https://news.google.com/rss/articles/CBMiwgFBVV95cUxPM3NCdHd1OW9rYjg4TVBBYm1kdGlGaTMtb2VZSUJOQXBPSlVQNWgzQ29MMG43ZUdJLUFsUW1oejktZk1Da1VWTzloUU0wQTBOR3J2c0hlM2lLVjdFRUJKdWRFYmREc1RSQXdUZk41bldKaEVRVno2SFpXd2swel9LTU52UTlCTVlxcHNrMnBmVlNZRlVwQVJTbzBlZTVtTkNhNlZ3SGw0WU1TQk02NEFNN1R3NVVkZXVjQ0hPYUdCYUR0dw?oc=5,BDDK,2026-10-07T08:14:54.784617+00:00
2026-10-03T05:42:00+00:00,Bankacılık,BDDK’dan kredi kartı ve cep telefonu alışverişlerine yeni düzenleme,Ekovitrin Haber,https://news.google.com/rss/articles/CBMilwFBVV95cUxNdEZyMHFGT25Rb0RtMlgwTEhVaTdNWDNVOWZmMGxFYTRqenVucjFwNjNTVzlQd2lXQ1I0MmtyS0NOSlkySEpvMHZFTWFNeGsxemFhenJTSTVsR00tVWlQU3JQYTFuMjZHd3NqR1VUT1NCYUYzRjBmbEtEY0x4cUU5cnR5c2lhTUVEd0dOMVRmQ2dPN2RlT044?oc=5,BDDK,2026-10-07T08:14:54.784617+00:00
2026-10-03T05:38:00+00:00,Kredi & Faiz,Cep telefonlarında tüketici kredisi limitleri güncellendi,CNN Türk Finans,https://news.google.com/rss/articles/CBMitgFBVV95cUxPeGhPS0s5VFQxNkNqcGhJczNZc01Lb2dJSjR6Ry1hS0JobkF1el9RQVlkRmlxSGNJQS1KSXJXa3RGb25ZRlFZRUdoU3ZRVEZvNTlZNFNqTVlKVEt6R1hMUzAxeXgtREthbFJQSHVwWW5ua2dLSzUzR3pZa3lqWm9wWHNNaWlzdTkzMjZ0b2Z3bUVmSTduWnJ3cE4xVjQ0QmZkY2VQVDlfcGpabFlMWXNXV0pIdWIyZw?oc=5,tüketici kredisi,2026-10-07T08:14:54.784617+00:00
2026-10-03T05:25:55+00:00,Kredi & Faiz,"Taksitli ticari krediler 4,28 trilyon TL’ye ulaştı",https://www.ticarigm360.com/,https://news.google.com/rss/articles/CBMigwFBVV95cUxONElYM2RNWlBoNlpqZnFNR2ktbGtGYm1US0dOa3drS3RBeERCcGpFQ2xPX0lsalgzendsQkhTVk1wU09NVGRHUS00WVdMekNLSUNiNnRaUHpZUW9HNjNXdjhMbmdzbXI4Ym1XWHF6c0pxNHJqNHUwWW9lSVZHVWRZTDBETQ?oc=5,kredi faizi,2026-10-07T08:14:54.784617+00:00
2026-10-03T05:23:29+00:00,Kredi & Faiz,"TL ticari kredi faizi yüzde 52,28’e geriledi",https://www.ticarigm360.com/,https://news.google.com/rss/articles/CBMie0FVX3lxTE5JTU41T0h1d2ZwZE9BdDR0TTlidklDaHpBc2QzQUFuZWE5cHJudjN3R2xxS2JacGpNMk03WFZsTVlXdWFzcUh5dXlrT29nTnJNQWJzdzJiWDI3U3Q1dVJkaHRQZkQ2LVFjX2pHY21FaGYyOHZvU0Z5aGZnVQ?oc=5,kredi faizi,2026-10-07T08:14:54.784617+00:00
2026-10-03T05:13:00+00:00,Kredi & Faiz,Cep telefonu alacaklar dikkat: Kredi vadesi değişti,Gün Haber,https://news.google.com/rss/articles/CBMilwFBVV95cUxORWtRblJVUU1aeGg5Z1ctVGc3bExZVllxOGlyTHdUbmVkLVBvZmdobFBjVGpXeGlJYkF5MjQtOUd0SlR5cjJkTXM3enVOZG5memJGNW0wUDhLMjF3MUpTbEVQTS11b1NqV1hUbDBrbTk2ellLaVJEVWVjRXNoWldOTm9Wd2hwdnNPVHFEQXAwOHhZaXFWQ3p3?oc=5,tüketici kredisi,2026-10-07T08:14:54.784617+00:00
2026-10-03T05:00:07+00:00,Kartlar & Ödeme,Telefonda Taksit Yasağı Kalktı mı? İşte Yeni Düzenleme!,ShiftDelete.Net,https://news.google.com/rss/articles/CBMigwFBVV95cUxOOVBHZVFjb0xXRE1WVUEwYWh1VVk4MzBhc0FYQjBWeGVCMUlLRkdjNjlqUGY4dTBFOHBITGpkVTRfQWJoaFRsSVo2ZGJpZjNUV1Njb01UV0hZNkZmU01QWENBcU5heHMtRUlhbDNPaEdXMGlRc2Nzb1AyZkd2S2poNzZXMNIBiwFBVV95cUxNSWVHTEZOZGJTWlk3VV85R0ZkSjRtV2J0QXZaV2NFenAxT2Jtcl9fdk1XYWZNeDJJVVpvMmFYTjl1RDZ1XzM2QWthekVJTjB2VHEtOThDZnhyRVNNWHV6eWkyeV9BZU12eGpPalJ6eVBpUXVuMUhPUG5lelZmaVh3SjlpSUpQVHFsUlNz?oc=5,taksit,2026-10-07T08:14:54.784617+00:00
2026-10-03T04:31:00+00:00,Bankacılık,"Yeni karar çıktı! BDDK tüketici kredileri, kredi kartı asgari ödeme tutarı ve taksit limitleri ne kadar oldu?",Sabah,https://news.google.com/rss/articles/CBMi0wFBVV95cUxQbkRCemRBSVo3LUUxbDAzQ0pkc2V2VENMZzFSb3ZVbnF3TUE2bWxDRGRwc292aFZWeldjOGVyVkY0WVJ0Rk0yaklENnpJcHFhZEpwWE8zZ0pkNTZJRWFqbkFTemRFMjJiOFB4aFpQZF95QWV5c2pxREtzTzUwSF9SdWdxazBwMUlqVlRTUEpzV3dJbTBZLTQ3Z0l1V1ZoT3Z5NDZhTnpldGpueVBheGNGTFZ1VDhTMGNTdTNEeC0yRk0xa2k1R2YtUkJzLXZFWmJxMVY00gHWAUFVX3lxTE5LWDJ1Tl96UTI5U2FFOWp1QVZTVEpoWXBOU2c2MWxDTWJXenM3Sk9mVWFWcVlCMTJKekFVMk9KSk55ZjBSVnNhTk9uMTlTZFdSSDNsVzJ0bmp4TTgtbThWUnhnaDU5bWJWOHhwT1J0eUdrSkdNWFcwZS1CU19yakpoTjhhTUV0Q09PcE9HUUg5alVwNGNUMnJCTThHbTlOOXE0czF2Q2ZaZk1TVWs2Yk9GOElZbmVXZkgzNjJRUVlXSVByYmY4aDhhSHh6cTAtbG8xTGxQYkE?oc=5,BDDK,2026-10-07T08:14:54.784617+00:00
2026-10-03T04:00:00+00:00,Kartlar & Ödeme,‘Cep’te taksit düzenlemesi,Posta,https://news.google.com/rss/articles/CBMic0FVX3lxTE9vQ1JhR3FtQ1BnTE9CQ0tDYU12Ui0zOEl6cTBWbmUtVjZXVHBwaVJzOUlJeWdkNzRpaS1pY3J4eUlOTTUwLU9oV1VmSXVtQUY3ZDVRVjk1bGlaZEtvTlZoRHlvNk5PN29ISGprQjlxbjVZOHc?oc=5,taksit,2026-10-07T08:14:54.784617+00:00
2026-10-03T04:00:00+00:00,Perakende,"‘Ben zincir market değilim, özel bir reçel markası gibiyim’",Hürriyet,https://news.google.com/rss/articles/CBMivAFBVV95cUxQb0FTVHRaSlNCQXRuLTlhdHFtYllQamZfYklpRjJoRjU2WXJjbXBmc0luMXlQSUQ2OW9TUFptbXY0X3hNV2NBaUIzZ3dTUTNKb01zenpOdnVPbXQ3RU41QzJxYmlGUlRGcWlzcjA2Q0ZjQjVTRmZWRVpjZkZtdk5DNTJjOFFsR195UlVaa21zYXp3N2pGM1VKU09hR2tHVjMtYmlKQ21fYzc4bGZnYngxcDVTczdUSzBUNTIxeg?oc=5,zincir market,2026-10-07T08:14:54.784617+00:00
2026-10-03T03:51:59+00:00,Kredi & Faiz,BDDK'dan cep telefonu kredileri ve kredi kartlarına yeni düzenleme,Ardahan Haber,https://news.google.com/rss/articles/CBMipgFBVV95cUxQZENhMVo5UjBoQnIxbTBza0tDN3NxTkEwQXRNRFhrQmpodjZmdUpZQ1JjOUdIWW5zUUM0TVY4U01RMDY2UzhHNVY3dUNkYTFuRFdCcWJwUUNuRWQ1cHh0UWZiM19ScTlxdmhmZHFUQUwyV1R5TU5GYkFSVHo0X1J6d21XNUFuaUpyRmRzWW05ejZabWtIUnBjUkZyS2d6RGZyVnN3elpR?oc=5,tüketici kredisi,2026-10-07T08:14:54.784617+00:00
2026-10-03T01:00:00+00:00,Kredi & Faiz,Cep telefonunda kredi limitleri güncellendi,Bigpara,https://news.google.com/rss/articles/CBMitgFBVV95cUxQZ0pxMEhGWXJJZzZTOWNZQmZ2dXdYc3p3TG80VlRaczU5OTgyT2laUW44WEhDb25VYU1TZHpVVlk0WFRkTTZ6Z0F4cFJDaDVZc1RXd3dJYnVxRVhzX2sxaGV0M0ZhdEJZRVEzNlFCenRJTEd4d0Z3Y3ZZNzdRN1BWbF96WThibXduVVhfQlBUZDI2UGZNQzBDWmVVS09RZFZTQVRxT25xc0VUZ0VMMUhjeFlMVUpCQQ?oc=5,tüketici kredisi,2026-10-07T08:14:54.784617+00:00
2026-10-03T00:39:45+00:00,Bankacılık,Kredi Kartı Asgari Ödeme Tutarı Değişti: BDDK Yeni Oranları Açıkladı,TeknoTalk,https://news.google.com/rss/articles/CBMiowFBVV95cUxNNUJhcWxFdExUTno5RnBtc0RXdmpuQWVSYzdaOUFyWDcxV1BMbGFwc0N4M2VvR1ZiSGh0OWRFb2gwel9pRG1zUVp0LXpGMDI4NHNVN0FYMTVDY2Y1enc3bldHMFJMTE9DOGNwbHBZRU14V2RlVDRjR3NtaDdwM0ZNcEh0cTFmc2EzRXFDMlZFZGd5WHdUZnAyaUQ0QWhoQ3F6ZGRv?oc=5,BDDK,2026-10-07T08:14:54.784617+00:00
2026-10-03T00:36:24+00:00,Kredi & Faiz,Cep Telefonu Kredilerinde Yeni Dönem: 40 Bin TL Altındaki Telefonlara 12 Ay Vade,TeknoTalk,https://news.google.com/rss/articles/CBMiswFBVV95cUxOXzktZkpIUWdCdlFWUlYtMmJnVW5Sc055dGVzb2tWYVlqdmVTclFTLVF2MmZjdzJlVDdDRUVab3oyR2VHcnVkSGhwcXlFeVdWbnh2Y2hZdVRoazNOelgzRW5iRUtxYzhvQjY3LWJsTzByV2NjNkdlXzAyaldoencwNFpla1lvQ1VIVnBnam14amxpeHRBN0tmUzBpY2JSNThMMlhOZW5QRWR2cnlHNnMwQkZyYw?oc=5,tüketici kredisi,2026-10-07T08:14:54.784617+00:00
2026-10-02T22:39:00+00:00,Bankacılık,BDDK'dan cep telefonu kredilerine yeni düzenleme,Ege Alternatif,https://news.google.com/rss/articles/CBMilgFBVV95cUxPbFhJYmh1bGZpTXZYLWRBVEJTZ1ZaeWlKNDZteFN0M2steEQ3M0hfVHdqX2N3Q2V5cUtEZUFSWFRsdlpIUjRpakE2SlpRRzFEN2tFcTV1RU1haVk3SW1EcjF6b3ZCUGJjNlJOVnVSbC15b1NTemJSeVJXSXU5a08yOURhRXYyRjlOVU9GaVN0a1BHZkY4NUE?oc=5,BDDK,2026-10-07T08:14:54.784617+00:00
2026-10-02T22:29:00+00:00,Bankacılık,"BDDK, cep telefonu kredileri için yeni vade düzenlemeleri yaptı",Ege Alternatif,https://news.google.com/rss/articles/CBMiqAFBVV95cUxOYlU4MEFNNjlKbmY4T3d1NDN1WWtpN3JLOXlVVGN2NTk4Tk5UVUdfa3VLUmRLT3ljODBoblNlSzBPdWpZemYzT25LSzE1TS10dHZRbHp5bzVRMmdpYy1wUzFpQWNScjA4ZEdudFJjOWdKdmxGS19POFBxY3BuWnNOVGJWSmxXVlB1YVJLZGxHZkwtc1BBUTlhajB5aGJKakxuaXp6QzRtSDQ?oc=5,BDDK,2026-10-07T08:14:54.784617+00:00
2026-10-02T22:03:00+00:00,Bankacılık,BDDK duyurdu: Cep telefonu kredileri ve kredi kartlarında yeni dönem,Denizli Aktüel,https://news.google.com/rss/articles/CBMingFBVV95cUxPdFJnSFYzbkFYdmc2dVhxNUdmTDBHTWwzdU1IZWVpUDlyZ1Q2SEZxNlFkdW5NZWNOSW9lZGk0OVBWU2RIOERTeUZPY2lUcGdvaWNHWE5TSXdRc2pmYkUwa1Z6OHN5bEhTNnpaLTRNOEhNSFJRRnNnN3BhcW1sN1RNX0xvNVVLVWpQMk5mVkRhYVpnNFRBb3cwazBiakN2dw?oc=5,BDDK,2026-10-07T08:14:54.784617+00:00
2026-10-02T21:52:23+00:00,Bankacılık,Cep telefonu alacak dikkat! BDDK duyurdu.. Kredi kartı olan ve cep telefonu alacaklara yeni düzenleme!,Para Analiz,https://news.google.com/rss/articles/CBMitwFBVV95cUxQclVMMXYzajJuTVg1SVFOQWpBa2o0VW8yY2hQQW9hdy1SeXQwRGF1Ql91ZWdqX0tUTmhBZnFqQWtCblowc0U3NXJ3N0dzX3IwUk5FanVoelh3cUdRMlVuN05xYjhrSXlTc1ZCaHdEZWdZTzZrZWowaVJjbzZwMWh4X3luMWlZZEt2OU1wVTk2X1lPQ05jV2pCLTFDYVZZLTdhcm9fMU1QMmpvVVpqOEY3bW12TzAyamc?oc=5,BDDK,2026-10-07T08:14:54.784617+00:00
2026-10-02T21:48:54+00:00,Bankacılık,TBB Başkanı Çakar'dan fon soruşturmasına ilişkin açıklama: Bankacılık sektörünü negatif etkilemesi söz konusu değil,Uzmanpara,https://news.google.com/rss/articles/CBMi-AFBVV95cUxOdlc1d3RERGQ3dEU5WHFEQWpLMDFCM3J3M29mdTNSeHd3RE1vM1dZeGNKSGZ5MXpVSWZzSFRqcThYdm8zUWlKYThSVWZnbWEwSVU5eUgzTWRkZDlCU193NVF4SjJEdFdiNUEzZEVpbUw0QTVnUkVtNk9rRzFCSnFIRTVodjRpM3BFNk9QbkJZdmZTQUhSTlZ6NXN1VEdHZmdTM2FESmJrTmoyanVTLXlpQ1plTERKRGxRaVV0bnM3SFBKaDdPa1Q0WE04SE93blg4WlpzQVcyZ0xwNjdPanBNRlN0YnJiczNQVjV5OGppZVJYU0dueWI1LQ?oc=5,bankacılık sektörü,2026-10-07T08:14:54.784617+00:00
2026-10-02T21:15:00+00:00,E-ticaret,ChatGPT kıyafeti satın almadan üzerinizde gösterecek,Bursa Saati Gazetesi,https://news.google.com/rss/articles/CBMiigFBVV95cUxPSUNOTkp6Z0RzMlJLVjA4NXpiSlFPel9PYjZBelpPa040a1ltRzZmc3h2ZEZkd2RVTUI2RzhtNFY0UDhWVTVJWU15R01GZzNwNXBVckYtZzZkam50eVNqQjU0N0JEa1Fickp4TTM1cEZYanVjV2JuWW9TY0cwY2FoYmVYMk40VGt1WHc?oc=5,online alışveriş,2026-10-07T08:14:54.784617+00:00
2026-10-02T21:08:55+00:00,Bankacılık,BDDK cep telefonu kredilerinde vade sınırlarını yeniden belirledi,Foreks.com,https://news.google.com/rss/articles/CBMi3wFBVV95cUxPckZKS3JFS3lkcHpKb0E1bmVBMmt6YzFZVmJtLTN3aThESnJnMVZFRFRXWmNqMTZWcl9yY2VJenBNM1FHQmxqT0hXT1JVZDdQSUtxRkdpZ0pKVGVGaG5RY1lNbnRrS3N4SzgxTUNPWFJNaU9PNjFET1lXSDVqSk9GbG44UXJLLTYtOWViVDRKd3pRS2tIX2x0bEp5QlpPME90M0ktYkRxRHlGNUUwWjFDWUhMOTFiazdOOUtRSExBY2llXzZvLTRYNkVtWnBmWU01ektIbXpybVRwTE9GVlJ3?oc=5,BDDK,2026-10-07T08:14:54.784617+00:00
2026-10-02T21:05:43+00:00,Kartlar & Ödeme,Cep telefonu ve kredi kartı ödemelerinde kurallar güncellendi,Türkiye İş Dünyası Haberleri,https://news.google.com/rss/articles/CBMiogFBVV95cUxPZHk2bjJGcmdNM04xM1JqWlFwSkc3ZDJZNmFHN1FtbDZzalNkYVdwRV9WU25LbTNqODQ1N0ZLWjQ5YUpUU2FaSXFYd05ZRDBKNTlTV1B3Yk9aZmJhLTZKeHNyaHRaNzczc2xIZjc5NFQ4VGdTRmJfZG5JbnlJMm0zckIxalZpaEZhQXlPalN1anE1UkphZHgtcWYzMHM3SGV2eWc?oc=5,kredi kartı,2026-10-07T08:14:54.784617+00:00
2026-10-02T21:01:00+00:00,Piyasa Göstergeleri,Ekonomik Güven Endeksi (Ağustos 2026),Branding Türkiye,https://news.google.com/rss/articles/CBMid0FVX3lxTE8zTmc0cVhINXROaWFqOXhLUGt2QTZtQzJ4ckdlSUhJMXRqZWVVVFRKR0V4eVBTUDdjZnhQMnhfYXcwTkpNOXp0RWtYUWpDUi1VX29kNG4tUzRfTzluYjM0STc3NTA0MFFQcFF3OC1lclRlXzY4eVY4?oc=5,tüketici güven endeksi,2026-10-07T08:14:54.784617+00:00
2026-10-02T20:58:00+00:00,Bankacılık,BDDK'dan cep telefonu kredileri ve kredi kartı asgari ödemelerine yönelik yeni düzenleme,kayserihaber.com,https://news.google.com/rss/articles/CBMieEFVX3lxTE9yZjZkVnh1SzVsNEpLRmhIZThzODFqdmZZUExPUjRTYlU3SjZnTHNLVmRUZi1oTDFtakNaX0JxTkFHTGpBWnV5TVdpc2N5dHBSREt0OGtwMDdoTVZJZGp0NTI1UlJtOUtrbFpWVkppb3lmM2ZFeFlVMQ?oc=5,BDDK,2026-10-07T08:14:54.784617+00:00
2026-10-02T20:32:45+00:00,Piyasa Göstergeleri,EKİM AYI KİRA ARTIŞ ORANI 2026 ZAMMI TÜFE TAHMİNİ: Ekim ayı kira zammı yüzde kaç artar? Yeni ayın kira zammı ne zaman açıklanacak?,Milliyet,https://news.google.com/rss/articles/CBMiiwJBVV95cUxPakw3c1J3bkh3RTJqM1dENjRSNkh3Q056RFBmZFdtQjNIQmdCcGFKdUlRSnRENmtBZEhUVjJRR05iNzFMTDMxNS10OWpiS0dlU2J3V0FVV2lUcGJIanJhNXdfNm9JUmFLeVY3WVhJZExfOUdJYzJ2UDVVbTVQZFhocDBxdmJGa1haMUZZeWFaWHdFX2kxWXc1NjJ3bHlyV0RWZkgxRW5pdzFLZEFlcEVQZk5SZFUxUjhmblpEWXRXU0JxaW05eGxEenZLVEhtdGg3MGxOaFBabVN4eTRyVEdnY2tNTkJyTWZER2dhUjd5bGxrY2hNQndIN3NpQWxSNnNmeDBPWDE1T3BjUnc?oc=5,enflasyon TÜFE,2026-10-07T08:14:54.784617+00:00
2026-10-02T20:29:00+00:00,Bankacılık,BDDK’dan cep telefonu kredileri ve kredi kartlarına yeni düzenleme,Kurtalan Gazetesi,https://news.google.com/rss/articles/CBMiuAFBVV95cUxNc2pIanYzdS1NN0NrZkkzV01jLVp3VzJaX3VnakthYVpMU09jQnA3X3RxVldDWW5DRzR5Sk1UclE5bmJZRkw4WVJrNzZfNUd4SmRKZ2xsRnlJenBkbFcyOFRtQi1SOXNuWE9pUmpERDhGNjRqOVlSY3BhWDltWk1obTc1V3pZS244cmZiWk5McThSa0wzaHdfaVI0X05lYkdZZktLckFWVW0wck9vTnV3dnViT0JpRVU4?oc=5,BDDK,2026-10-07T08:14:54.784617+00:00
2026-10-02T20:18:00+00:00,Kredi & Faiz,Telefon alacakları dikkat: Kredi vadesinde yeni dönem,Sakarya Yenigün Gazetesi,https://news.google.com/rss/articles/CBMingFBVV95cUxOZlBUMkVOUlU1ellKdVVtRklpT0J6Z2R4VHJYVDZCOHFvUFI3V3E1OFlyQjR0ZGU5TFY4Z0xuWldCcDFvbUhoUDFBMWdnR1N6QVk0OGsxRlk3c0dTa3pFWHNMS3pDeDdlRTBlSUl5dWRtWldaWUpXOUNXVkViSHh0M1FQT290QWlHX0xDak5SM003TmhCTkc4M2lyTTNBQdIBowFBVV95cUxNWFBsTlFXTUFDZHlSSUpvRDgyUlY2eGxqcjFxTUJ3ZFZaU2FraGxuR1B3VmpRS3hycXJvaWN6WEt6UU16MzREVUhaVE8xY1FSMWgxNW9kOWtENTFreWtJNmw2X0t6b1FpcERBd2xGN2JUUldtVzlBU1pNZmVoajFSbVFFcVplelpqY014Ynk1UTRjTV9NcHBkMDB1dXdQV2JuanRR?oc=5,tüketici kredisi,2026-10-07T08:14:54.784617+00:00
2026-10-02T20:12:44+00:00,Bankacılık,TBB Başkanı Çakar: Fon krizi bankacılık sektörünü negatif etkilemez,Bloomberght,https://news.google.com/rss/articles/CBMipAFBVV95cUxPeFBsMDJ3d3BxVnZQckNneGdJeWd6VEM5LUpyU0pTd1V1MlFRMTVjSEQzemZTcXg0M1VpVzh6RUlGTG5uR3Z1WHFfMEkzZDc0S0hpTGR2RC1IcGZXNFdERHl5RXh5SUdsTFduYi03cGg0MG5lTUpmN1NzRkxIOHk4eFZYVDhxcXRyeU80X2NIMXlqbWxWLXJSSXZEM0c0X3hRUWZmcg?oc=5,bankacılık sektörü,2026-10-07T08:14:54.784617+00:00
2026-10-02T19:54:03+00:00,Bankacılık,BDDK’dan cep telefonu kredileri ve kredi kartlarına yeni düzenleme! 2026 Cep telefonu ve kredi kartı asgari ödemesi ne kadar oldu?,Habertürk,https://news.google.com/rss/articles/CBMi-wFBVV95cUxOeVd1Yk95OTZJanNvWjBpRHpPcVlYQVRhOTA1bFRWLXU5VDlodXBVT2pLNG5BRS1Kb0NHLVVVb19RZ2djYlpDakNwemphSU5XeFV1M0d5U0JobmlZc2I2LW9QMzlzMDIteXdSU19iUWhMVE96Q3doN0NBb3RlNFVUaGU4WVIxT1l3SGZwMGtUcWdiMnI5ZjBmem1ZRDA5LTVFU1VFN09URUJrelBaY2swcnNqSkFUUkZNS0g3bnRmM0JMeXVVRXRhSGQyaUtDZEI5X3lIUFo2RDRHc2pIOTNma1JpaGpISWtnZU9GdVJadVVrLVhKVDBrNGxjRQ?oc=5,BDDK,2026-10-07T08:14:54.784617+00:00
2026-10-02T19:45:00+00:00,Bankacılık,BDDK’dan kredi kartı asgarî ödemelerine ve cep telefonu kredilerine yeni düzenleme,24 Saat Gazetesi,https://news.google.com/rss/articles/CBMisgFBVV95cUxPZDJJeWoyRGlpcEFuWl9yUjNJNmFwb19DMXAxT0lVb3k1cmdOaHh5dmZJdm9HZHNLbkoyeDFyNElYd3l6RlQ3Y3hHQzI5dVdmVldXRkZvUHptdTlZeWF1bjdxODZwd0ozMVNhMTlHbWY0Wmk2Z0k2M0g5NVA1VnY0dDNaalNFUTNhUVlDb3NIdmlpRmlEOHYxdzVSSjRhS0hzOTFmSWxzbVBMcGZmcVIyNjFn?oc=5,BDDK,2026-10-07T08:14:54.784617+00:00
2026-10-02T19:32:55+00:00,Kredi & Faiz,Son dakika kredi kartı ve taksit kararı: Telefon alacaklara müjde,Pusula Haber,https://news.google.com/rss/articles/CBMirAFBVV95cUxObnoxNzNTQ1VBZ1JfNFZEdVRIZ0RwV09XbEw2UTBoLVhnMTZTcWFyLXM1SlBhRnBFZ3ZrY3U2LV9La1ZhOUFtdG9UQU5YODF2dGZtd2N1MmcxanN1NVRZdnNBVHowQWhWTXNPR1VCRGJoam9qX19xOVoxWHVoSmR6M2hSeVdvR0pUbXFWQm5kOGEzMU9lY01wZ3FLandOdHZBM29wRmlMdlFvZGdB?oc=5,tüketici kredisi,2026-10-07T08:14:54.784617+00:00
2026-10-02T19:31:00+00:00,Bankacılık,BDDK'den kredi kartı ve cep telefonu kredilerine yeni düzenleme,Evrensel.net,https://news.google.com/rss/articles/CBMiowFBVV95cUxOV0tVT0lQTnp1NEd4R2ZBQkJMaUxHRHp6aWJfME1USjdpODg4anNlM1NoLVY4cFljbVRpalFMaU1vVHowT2F4b2RHd3R1N1BJSENzUTc4b3FxWmZBcFBscmpPVEpaNUQxcU02anNOeHlwWmljUVZUaUFYaElXamxUcmQ3YWNjOXFrOTdZXzY3d2h1ZE12SkpReWR5UFV4ZjY2ZkFv?oc=5,BDDK,2026-10-07T08:14:54.784617+00:00
2026-10-02T19:28:00+00:00,Kredi & Faiz,BDDK telefon kredisi limitini değiştirdi,Alanya Postası,https://news.google.com/rss/articles/CBMifkFVX3lxTE92R2pLeEF3QTNoQWVkcGg0YnV3b3IyclFaZmFDOXVlSU5XdVpBTGFrekk0TUxHMU5yNWFZNjRkeGRkSzh4T1VULXhqeEdNZjdlcFRvOEpnTG5VUnp0Tm1UTzRLektrZThCMVVhaGI4Y212eGo1aFRvWC1QdjB3UQ?oc=5,tüketici kredisi,2026-10-07T08:14:54.784617+00:00
2026-10-02T19:22:56+00:00,Kredi & Faiz,"Merkez Bankası faiz kararı: TCMB toplantı tarihi belli oldu, faiz kararı ne zaman açıklanacak?",Sanayi Gazetesi,https://news.google.com/rss/articles/CBMivwFBVV95cUxPM0l1YXkwc3NEd0Y3NjlRcmxGMUd4NFI4ZTMtbExRWUU1SFljQkx1d0dfdEk4cmJsZFhxMnlTcXl1Y0h5dFVlVmZkWGdLaDVHVHV3TkptZUI2RHk2WmdvUHZnUHhrc0REODUzMnJ1OW13b3JpdGhfYUlQTkJLOWF3emRlWlQ2bWFYV3J5WVF4MW05bjJJZ3dZemVnLTIxNmdQM0tIYXFya2dXZ3RRM19jdFYzY0h2SllaRWVrVUZJQQ?oc=5,TCMB faiz kararı,2026-10-07T08:14:54.784617+00:00
2026-10-02T19:06:25+00:00,Bankacılık,BDDK’dan cep telefonu kredileri ve kart limitlerinde yeni düzenleme,İlke Haber Ajansı,https://news.google.com/rss/articles/CBMiogFBVV95cUxNS0ktdGNUN0FaV1oweHhvNHBSZnRMMDBIdmJvRlhiMXdMVHBBZjBGeHBHblIzN0VPUHExV2JtY2kxWEsyalJvMWwtZmNPU0ZSQXZrTWFmdmg4Z0hWZzhhY25CRkV6SGh2bGxuM0VqZ1lQenlCbm9xVnlGOFBrYU92NXlnVmo2MC1pQTZCbnRpN1JlQzUwWEU4VkE0RFZjaXE5SVE?oc=5,BDDK,2026-10-07T08:14:54.784617+00:00
2026-10-02T18:59:02+00:00,Kartlar & Ödeme,BDDK duyurdu: 40 bin TL altı telefonlara 12 ay taksit imkanı,Gazete Duvar,https://news.google.com/rss/articles/CBMipwFBVV95cUxNU0hNZVZFaDVEYlJ6bzloTkY1UFBEeThIeFlaMDl1X0FVZjY1cU5mRTQzR0k3RjV1cGxKWUJGTHhuSkpDQ0N0UU5RUE1YMnlXVzJURlZzOHFyTzI1Q3ppdU5DWElQQ0M3TS0wUVhTSXVpMUo5NlJKYUNHT3piOFRHRXhjMkFFcGplSHNHQldMRGNZelh4VEZhSU1kLUhkTGYyc2xwZmJGd9IBrAFBVV95cUxNQ2FaMy0ycE1YS2s4TU5ydkhVck02OUlyY3hiWUtOQXVCQjRqbWppTkNTdW9QTkg2TUlncVMwU0d0S2szQ0l1eU1xTkJ5ZERPZmdTV0tmbjNXMlVDQmc2Mkx4Ml9qczcxVi1NTnNHNDkyaTdTVkNPWGdxa2JEbmd5SWxPUWl5Zk8wYnZLMEdtaUU5X1FUQTdnUGtyUmlGVFlfek9LLUFqeDVSaXAt?oc=5,taksit,2026-10-07T08:14:54.784617+00:00
2026-10-02T18:54:24+00:00,Bankacılık,Cep telefonu alacaklar dikkat: BDDK'dan yeni düzenleme,Notbir,https://news.google.com/rss/articles/CBMiiwFBVV95cUxPZ0pQTHVqd3hUQWJmaDkxMTF3R0RvX21UVWlXdkpNLTBwRTJrdHBERG5RbVhTQmtkeUdKV2ZNbUtaNVA1U0VlNzVWX0lQS0Q1dENqdUhSN3ZYU0pwYjVmMDJCWFE5VDJYUnZyWmFNUkFoTERFQTNJVHB5YUNVZmxYdVhRa09SUGRzZmlr?oc=5,BDDK,2026-10-07T08:14:54.784617+00:00
2026-10-02T18:46:58+00:00,Kredi & Faiz,Kredi Kartı ve Cep Telefonu Kredilerinde Yeni Dönem: BDDK Yeni Kuralları Açıkladı,Muğla Gazetesi,https://news.google.com/rss/articles/CBMixwFBVV95cUxOUWNZZTVHdzFmbTJpUGxiNGpEMXJmdll6VTV6cmJWcXVvd3U0VDlVSV9tVXRIX0Rta0RsZmxuOERISEs2ajFuMEs4ZF80a1lFNDMya0lvNEZ0Z25qWUR3WXd0MmV5UVdickhfSXo4Q3VLdUQ0SmJBdXFLQms1SlRSV2NYd2pROW9xUGxOYThXNzNMdE5mN2JFLUJGZC1sMW4xTzZyM0pEcS1aXzFpanNubkdsei04dXpnNkZQRFA0cXpkZkJ1QWs0?oc=5,tüketici kredisi,2026-10-07T08:14:54.784617+00:00
2026-10-02T18:46:00+00:00,Kredi & Faiz,Kredi kartı kullanacaklar dikkat! Asgari ödeme sınırı değişti,Ege Telgraf,https://news.google.com/rss/articles/CBMiiwFBVV95cUxNQ3pESkdNdGlVZVJzSktQVGdUYnVnTjlLOXE1OWNKVVpwc2Q2SE8yM1c3QXUtYkJmZGlEeDJtal91bjU0R25JblZiNFRDMG1neVMxWjlkZVBkOE5sWG1kM0V0dVpPajJVLXRZX2RJdDcwM19DYjZWb3dDR3ZyYVdnejFuWVZ5VUhIRWlV?oc=5,tüketici kredisi,2026-10-07T08:14:54.784617+00:00
2026-10-02T18:44:00+00:00,Bankacılık,BDDK’dan cep telefonu ve kredi kartı borçlarına ilişkin yeni karar,Amida Haber,https://news.google.com/rss/articles/CBMipgFBVV95cUxPdC0wNmNYMHZZY1BtaTVfS3BXUl9rREUtdTRKRkljaFZPemRBWHRmWEN0SlhObnlXRld6b092YVAzTkg5c1NQX29EUmFHY2xmcjNjQWgxb1haamxzakJZN1V2M1JtSnlxTktOUWxOWVE3MmwtMXJDcDNLSk0yeTF4dl9sc2hxaTl2UHFJa3VIMlNqaWlJX2tiUW55STdMdklnUVM2aHZ3?oc=5,BDDK,2026-10-07T08:14:54.784617+00:00
2026-10-02T18:30:43+00:00,Bankacılık,BDDK'dan telefon kredileri ve kredi kartlarına yeni düzenleme,Diken,https://news.google.com/rss/articles/CBMijwFBVV95cUxQMHd5Q1UxTmdJbkFiUVBwS2J1NkF1M01UNGo5M2s2am9oeXl3aUtRNVBURzFNRWFndE9RcFBmMXBPd3FQeHdQaFhOQUZNTmwzYVd2RW9QemV5ZFd5dzFrUUc4TnJYNDczY0daZ05leXF0SDhUMnJ4aW9JMHE3SjExMEplZFhjQ3pkcE1wYXp5Zw?oc=5,BDDK,2026-10-07T08:14:54.784617+00:00
2026-10-02T18:30:00+00:00,Bankacılık,BDDK’dan kredi kartı asgarî ödemeleri ve cep telefonu kredilerinde yeni düzenleme,T24,https://news.google.com/rss/articles/CBMitAFBVV95cUxOZkhIU0NoMUFJVmVlSEFpeVRmWl9Hdm1vTndaT3p3end2Y0xUQThaMFlwRmRMTU8wOFJXTDdwTno3dGc1MU9ra29GaDJFNElneW10MVJWbGtYR1U0Vkl6aDdxa3NlUlpRWFVOM3o5RGtjUFcwNENMRjl1OEkwSllLbHN0MktqUXl0TzVuaGVMTV9TbHNEckNqcUJKUG1ZTFV5cC05QWdTSWE4TkhxcXdGWTVQZWk?oc=5,BDDK,2026-10-07T08:14:54.784617+00:00
2026-10-02T18:28:05+00:00,Bankacılık,BDDK’dan cep telefonu kredileri ve kredi kartlarına yeni düzenleme haberi,Borsanın Gündemi,https://news.google.com/rss/articles/CBMisAFBVV95cUxQUTMyVkRDMk04aTdJTDVMWkpZazdPOExDMnZjdDNRemlBOFFUY21fblA5Z2N2bHNXc2d3bFVXcEN4NzFhM1Y1dDBjY0NPbHM2Y2F5ZFQ1Wi1UYnhBMl9BVGw5XzByNUhaRHZPbmR2VWtFWUxIMUZ4UHpuX015c1c5dHdFOElsQ0xoTjVPRUJMb2d4MVZRR2kzTmJDdi0yTDhhUVJkZlZkbVgtRy0zZ09xWQ?oc=5,BDDK,2026-10-07T08:14:54.784617+00:00
2026-10-02T18:23:00+00:00,Kredi & Faiz,Cep telefonu alacaklar dikkat! Kredi vadesinde yeni sınırlar getirildi,Bursada Bugün,https://news.google.com/rss/articles/CBMiuAFBVV95cUxOMTdaMVQyaUV3eTM5ZlVFX2JrcEM2cEVmdTA1T1hnd2ZsWFVpblpNOTVJUlpQZ1lTS3ZzQ1VWX1ladzhmZG13Q1ZyTTlqQmJYZlZ2dTVBZ3ZCd0RCWDFqNndiUkRKcUtJMUNhZmk0NnVPYlhocXk3cUpPdlFSLVhKb1IwY2tKSUpsaUtkSm5sdnNJWDhtZGFHcTh1RGhvZDhjZHktN0tKU2F0cEJqRXFfX1I5WDFvakow0gG7AUFVX3lxTE1sQjltd3Rsc0t3SEkyMlA2Uk5HY0hFc244S1o4RDllZmU1V1JDWk1aRzdRTnlhajhTT0ZobDdseVBITzFsaGpQZ2xXcjVsNzlyU0RfNXpzZWJKeEtldnJhcGc5ekJqa1F0Q19CXzI5M2lhNTJGRG5pY3RtalZQbV9DTlNqOWlrN3NJc3RmdWNHQ1JQUUYzTWZ5emFFNU5JN3JGM3RjWFNwTUNxcmk4OVJXREhHZmtaVHNaOWM?oc=5,tüketici kredisi,2026-10-07T08:14:54.784617+00:00
2026-10-02T18:19:01+00:00,Bankacılık,BDDK'dan Milyonları İlgilendiren Karar! Kredi Kartı ve Telefon Alımlarında Limitler Değişti,Akdeniz Gerçek,https://news.google.com/rss/articles/CBMi0wFBVV95cUxPVG5wYXAyYzJCWXNEZFUxb2t3OFpabjA3aEUxUnJkVVNUMk50azh4QXFSWG9haGJKVW9MZ0MyM1A2LWtKbDcwRE9tLXN1aWdyZTE1bWp0SHM4XzROQkcxY3IybFdvN0Rja2NRWjlLVlBRV1BZU2xhRDY1MXIyckU0UHQ2MGFUc2N1ckxHMXlYYVBNLVFOTWN1Q3cwcENtd3NQUkpzQm52cTUxWEZpejVOcWx0TU1BOVR6TVNadEd4SHhlMHZBRkN4M2U0SEUwSjl5NDBR?oc=5,BDDK,2026-10-07T08:14:54.784617+00:00
2026-10-02T18:17:11+00:00,Bankacılık,BDDK'dan cep telefonu kredilerinde yeni vade düzenlemesi,DonanımHaber,https://news.google.com/rss/articles/CBMimAFBVV95cUxPSzVJZTZDR3dsRWhzbG4yQjhrSXUzVS00SUgwS0p0T2pTaG5EYS03am1pNDVpWGRMUW1zZllJQXBWQTJCT25odkhUX1B2LWdCNGM0ZF96aVR1UzdzZnJ4d3pVc1pwdFVpOUQtZTRsNTVhc1JoMHFsYXZoTVN2T0lOeW9ocVBsejBZM3NHck1qaW5SUjdUWmNKSw?oc=5,BDDK,2026-10-07T08:14:54.784617+00:00
2026-10-02T18:17:00+00:00,Kredi & Faiz,BDDK'den kredi kartı ve cep telefonu kredilerine yeni düzenleme,Yeniçağ Gazetesi,https://news.google.com/rss/articles/CBMiqwFBVV95cUxPeS12RDJRUVpZa2xjd2x2UVB0VGIzRngxOEN6eDVRV2JEM1FtSTNINGhVN2FNbkZVcGZMcUNBMG5Zc3BmbEhEbzk0QkNELVY5WFBsQ0tQcF9CNG13a3JlV2tmaFhONmpSLVVoYnoxdzdESW15T0VGMDZVbGlLVS1meEh4VFVhZnBxcVNvczVfcmt3aUowVnJlMmpQZ1hGRzJuTVBfRkxkQ0swMnc?oc=5,tüketici kredisi,2026-10-07T08:14:54.784617+00:00
2026-10-02T18:14:40+00:00,Kartlar & Ödeme,BDDK'dan kredi kartı asgari ödemeleri ve cep telefonu kredileriyle ilgili yeni düzenleme,Patronlar Dünyası,https://news.google.com/rss/articles/CBMivAFBVV95cUxQSGpYcklGNVItaFhqRS1xWFFyVTcyRHVhWUJMYzgtZUUzQWV4WEZDMzAzaHRUZzhqUlc1V2lrVDduSElhTDF1NHZNaG4yaTRlX001NDJFVGEzU1VMQUxVd3pvOWtDYWV3QWxyeml5QVRxVWRqLWhVcWk1Qzd4bTRvUk5nVHl4VzZYNkNVeW4yQVVOSW1jTlBMSmR3MXdDSFY0UnJqSVpTLXBHYWZSSWtERk03bXFiMkFha0pfNQ?oc=5,kredi kartı,2026-10-07T08:14:54.784617+00:00
2026-10-02T18:14:22+00:00,Bankacılık,BDDK'den cep telefonu kredileri ve kredi kartlarına ilişkin düzenleme,Anadolu Ajansı,https://news.google.com/rss/articles/CBMirgFBVV95cUxNNGRHZkZhcWZOcmp6dkpPd0UzOC1FaEtVUGdpVUVNWTE3ZldVU0RoM3g2MTd0ODZyV09zeHZvVTljNzZLQmlaNmdUekVIbDlIRzJtcUg1NVdoNURIWE1kNDF5Y0RFQ01meTFGRVZ1Wm9PYjFqZWVWZkF0aW9LbG94UkNwTDJqbFprUktqNm5aU2FiMXlSM3RxQjd1REQzcEEwbjIwVC1ZUGF3THd0QXc?oc=5,BDDK,2026-10-07T08:14:54.784617+00:00
2026-10-02T18:14:00+00:00,Bankacılık,BDDK'dan kredi kartı ve cep telefonları için yeni düzenleme,Haber Hürriyeti,https://news.google.com/rss/articles/CBMipwFBVV95cUxORzJvb0UxV0stUzNWRHhfaVVuSVRRRjVnOWZIUjFvcE5ObVEwdHVXazVmN2xqcEhmNlMtMG1qVDVBSVEyWTJRZS0zdElsR1gwUEo2eExCVWNxZ2F5eEhhOVBPWEdrZUxrdWl4blh1aDJSRFR3MjJ0WVV1SUQ3VThQaDYtbXVjLVpfQVc3SmZmTjhpOUxWVHc3anZnMDg5bnpmUzJMSHRaWdIBrAFBVV95cUxOa2o4SDUxUXdwdmRoVWU3NXlKYmdLTzFsYjBmeVpzU3FjQnZXS3RyR3h1cHVRSFhmOUljR3pyc09KdkR2dGlVZTFHR2R5T1ZPajVrUTlKWDdhODdPLXk1OTZkTElvMWFpb3lxaF9XemVrcVRsWjZ1bC12dHNkQXEzS1FxRFMtclBBN01kNnFKdU16d2t6eERka1l4LUhiRkI3aWVXeWRFUHlZZ2F5?oc=5,BDDK,2026-10-07T08:14:54.784617+00:00
2026-10-02T18:08:00+00:00,Bankacılık,Son Dakika... Telefon alacaklar dikkat! BDDK’den kredi kartlarına yeni düzenleme: 100 bin lira sınırı geldi,Cumhuriyet,https://news.google.com/rss/articles/CBMi4gFBVV95cUxNMmpnOFlDNTRFRXR1cUJqd2FSNzZxbGxpc1lTbW05Vkd1b2hZT05PX3ppTU03MGxfMV92NmozZ3BQVmRTU09BZ21aN1RxRWg1UWdQSml6dzFXNWgxVE0xV28wX25xQUZPSWZEZXZVOURfTkM0Nl9EbTZSRnEyeVlOdlprY21mUktsaHg1YmRRX2F3d1I1R1A1VkIzdXNjUnRYSHZpME5IWVpMMV81RUFIdmVkSkFZTlRDSjUwUFZpX2xqYV9McXFrOTFnSnc1VXlpcEVzT0ZvWnVGbVVTWl84Ynd3?oc=5,BDDK,2026-10-07T08:14:54.784617+00:00
2026-10-02T18:05:00+00:00,Bankacılık,BDDK duyurdu! Kredi kartı olan ve cep telefonu alacaklar dikkat: 12 ve 3 ay vade...,Sabah,https://news.google.com/rss/articles/CBMizgFBVV95cUxPNTk4aHB2eDV6dnJoN2FVMGtwV1B6Q1dfNTVKRlZhSWtOX3FEbEhISGl0VXlkUDRCM1I5QmhFbk9CN3NUYzREN2hOdEJzeU5wM3g3d0tnY0J2VkF5cnhGOHBfT1RzOGZ1OVNyRGNXYk5wNDhVZTl4ZGs0ZUd1LWdOcUFLdm8zZmNIQ0JuZUpSa29oMDI5VnNFU3BoRjViUFR3blhHZzZVWkUyLUdteF8ySnNpY3NnZWZzNG8yZjFGS0tiVUZFb05idVFDV3VMUdIB0AFBVV95cUxOVl9BcGR2Rk9udFdYYXpoY2xOU0RRWHhJMFVqOG1HREtkVDZmdlZFYWNFcENJdDZFS2wteVRfd3NHaldvTGtrUWd1WnlNYzRHOWhyV0Z2NzIzSlVmMDhvbS1UX1FyelNYSTNhSlRIT205aXV5Z3R5VlNnZzZLZzhrQUJqWjBzWHJoSklkbnBfUWNsenlobXFmdXRKYU1PbzB1RXB4Xy0xQUxXWUY4bnVQakd2NjBTZGo4ajNCd29vMVo3azF6ZkV4UENmWjRmQW5V?oc=5,BDDK,2026-10-07T08:14:54.784617+00:00
2026-10-02T18:02:15+00:00,Kartlar & Ödeme,Lula’dan Brezilya’da kredi kartı sahipliğine açıklama,Investing.com Türkiye,https://news.google.com/rss/articles/CBMipgFBVV95cUxOLUFPNU9XMFd0LTFhNkVROVhsaG1tWVVxZ3h4dm54dHpvSkZkcTJRRV9uNm9meU85aXpQRmdiOVRqTWVhYW54RzcwQkVLeWJ4OGZVbHRJclc2OEFTNE1QT3Y5N2NzcUFqckNyVjBCOTRZNnRJNTVOazJXd2wzSC1PVDRnazRGVEtXZFNQMEVDZVpndGNaOHdEUzR2aXV0YzRYR0JLLWl3?oc=5,kredi kartı,2026-10-07T08:14:54.784617+00:00
2026-10-02T18:00:00+00:00,Bankacılık,BDDK'dan son dakika kredi kartı ve taksit kararı: Telefon alacaklara sevindiren haber,Haber 7,https://news.google.com/rss/articles/CBMi2wFBVV95cUxPYmJkbGtYUUVSSDVuMW8yRTVJWXJpNEZka2hvbkZIdmtxVHpfU1NfQlpCS0V1a09aQUdPMjRMQ3laTF9ET0NxV05kN3RjcjFVSXFIYzJISWJkeXN1bUktMmVPU1B5dmp4cFpUYzZSTWZPN2sxbUZJUUlCbHIzdnZxa1hCRGVkbDhpLVdZdkdqMTIySEdiaXNJMFN4ZEZva1FIQmZRai1DcEFnQlJ4d0IxdWNKMUtCTGhXRlk3OUN6dzhJcThmcDZTeEpOY2hJa1ZPOGVELVlvY3ZvTXfSAc8BQVVfeXFMUEljS0MzNlRtZVRQVGhlSVF4ZENuRXpFTUtWZHY4NXQzX0lNSUFlYlNlbTI2alE4UDNsQzJrZ2lidjJUZGZEUHdOSFpaTFFYdkRBdDVZdU5iTHJlSnVpcjZNeldCckdGSUxZdGc4bW1OS0FhOE1WQWllYzZ1d0RhYjdjd1hsRDRGMVk0SnVZM1g1MTlyNTNDX284d3FnbUdtRW5wck5oSk56RERPbGYtVS1ueHFzaUtpUG9lS1VXN3FFQkZVZzVONnMwam5fZ29v?oc=5,BDDK,2026-10-07T08:14:54.784617+00:00
2026-10-02T17:58:00+00:00,Bankacılık,BDDK duyurdu; Kredi kartı asgari ödemelerinde yeni oranlar açıklandı,Boyoz Haber,https://news.google.com/rss/articles/CBMilAFBVV95cUxPdFBPdzUya1Yya0VYU3Y2TV9va0JCaUhFRGpMalRidXI2LWw4cVA4b3FuZUg0aW1xNFpuQ095S1UzOGY5SFptU01EQnhJZGZIOU91ak16TmFnby12ek42M05sVG5WU2J3a2d5SHVuWGVuVzBJSVAySlR4Qjg4czFSLWpLZHp3aWtneWZleHlzSU5pdGE3?oc=5,BDDK,2026-10-07T08:14:54.784617+00:00
2026-10-02T17:54:54+00:00,Kartlar & Ödeme,BDDK açıkladı! Kredi kartı asgari ödeme tutarlarını belirleyen limit şartları güncellendi,Takvim,https://news.google.com/rss/articles/CBMiuwFBVV95cUxQV21tajdZT1NCeE5wVTV0THMyWU5JcG9WYmdVbVVEZ3NPeG1FSHg2NmppVmdoeG8xOTZrSzRMRDExQThIaHhsaWpPY05FMmduMVA1MUNqaXYydlJORjZKZmhQaXY0Y3pZUm9DWktnUTZSRGxTaFVudWRsUFJuLURDVC1OTXFuWlNOcDcybnBJX2lBXy1PWGtpd3NGTjB6Yks0YWxQM3dFUkJGSEF5bVh2OTVXOFpmOEkta184?oc=5,kredi kartı,2026-10-07T08:14:54.784617+00:00
2026-10-02T17:54:00+00:00,Bankacılık,BDDK'dan cep telefonu kredilerine yeni düzenleme,Manşet Haber,https://news.google.com/rss/articles/CBMihgFBVV95cUxPR2d5YTJkOVF5SXpoS2ZrTEwzTDBWZmtHcUlfMmEtUEVPRk82b0ZUM3NHR2dqODFtLVdNNTBtYjNDeTJ3cGhRS0FUaENieF9Pb0N2NUNHSUtyWktHQmRrcUtqU3hkbzE3Y3R6X2hPQUp3SEVENTY2dkg4QnNTX1JMZnJ2YXM4dw?oc=5,BDDK,2026-10-07T08:14:54.784617+00:00
2026-10-02T17:53:00+00:00,Bankacılık,Kredi kartı asgari ödemelerinde yeni oranlar. BDDK açıkladı,Nefes Gazetesi,https://news.google.com/rss/articles/CBMikgFBVV95cUxQZzM4MmNCLU8xd21vdG9qd1haaWtINnBvcXNYWE5xRE5raGVTaExDQS1weUZsUGZhbkVMbE5xZ25MV1hqbUIwMUVkNUJiRFBCQ3h4NFpzd0V1a05QRGdzSHZSZXNEYVdOTFQxTFFNNVVoeE94WkU1TUVWVFk3c0g3YldTOGp6ZDdsemFnWHpyNGdYZw?oc=5,BDDK,2026-10-07T08:14:54.784617+00:00
2026-10-02T17:52:31+00:00,Bankacılık,BDDK'dan cep telefonu kredileri ve kredi kartı asgari ödemelerine güncelleme,Bloomberght,https://news.google.com/rss/articles/CBMisgFBVV95cUxNbFlxTUUtTWhyd251SUhjd1pRSlIxR0RqQkQ0RVVGZUFZa2xUemhWM3hRQ2RmMmhEZWJ1Y054YmhNMGhRNjZQTkJnVXBSNEFhYkxfa25NbGU0Q1ZCQVJxRjZ0WlFCZHlHUFNOeXh0ZUU5UnZXNzNQd0RQeWN5WlZ0aU1sN1NYM3AtejY0M2Y0Z2w4Tk81Q2s1OVl0WjJUV0ktTGMzM0VKNjliVk4xVXJCeVFR?oc=5,BDDK,2026-10-07T08:14:54.784617+00:00
2026-10-02T17:52:15+00:00,Bankacılık,BDDK cep telefonu kredilerinde vade sınırını değiştirdi,Paratic Haber,https://news.google.com/rss/articles/CBMiggFBVV95cUxNbFVFZWZnNnFTRkZ3NHpJRG84LXR3Qmg4UExRdV82TFRtUTFhRDhQUTJFM1M5dDU4SE1WYVFfcVZCQzE4a3FUUm5BcVJvYjU0SXNOY2R5c3VQN2ZuVGtHRjRYVFJlUXhkOURFU1lTSGJLQ1MtdEpwUl9GdHhaZU4tYVZB?oc=5,BDDK,2026-10-07T08:14:54.784617+00:00
2026-10-02T17:50:56+00:00,Kartlar & Ödeme,Kredi Kartı Haberleri,Bloomberght,https://news.google.com/rss/articles/CBMiXkFVX3lxTE0yMHlOVmRVcjNkdkpraGZHMFdLRHYzSTNJbW9qWVUyM2ViREdqM250RUhwSFZPQmlnZFdZMFo1MU1CNENVWTlNZVgyMEhna0I0aEJWUE1yRV9iS1dHcnc?oc=5,kredi kartı,2026-10-07T08:14:54.784617+00:00
2026-10-02T17:50:00+00:00,Bankacılık,"BDDK, cep telefonu kredilerini güncelledi",TRT Haber,https://news.google.com/rss/articles/CBMilgFBVV95cUxOMl9kTzJpQWNaNi1HZjk1VW5WQ2FIVGhHb01zcks5QUNvdUdNTXhjY1d4Qkh4ZGhNcVE3ZG5tOU51WV9HWDUzS0IzcFBmV1RKa0tGX293bUw4UWx6dlNYYW90RlJkb2xCN2F3V2ZhZlZYdnNNZ05EbEtrdlpiM3BhZHdESzJ2YkQzLV8zUTh6NjZuR2lRSEE?oc=5,BDDK,2026-10-07T08:14:54.784617+00:00
2026-10-02T17:50:00+00:00,Kredi & Faiz,Cep Telefonu Alacaklar Dikkat: Tüketici Kredisi Limitleri Güncellendi,Hatay Asi Gazetesi,https://news.google.com/rss/articles/CBMinAFBVV95cUxPT1JsSlNrMm9pYm9RMVFjNXlSOHNhOHlrZ3BmTlYxX2ozN0hUSDN4ZUh3QVFBdEx3dEl5RUlHRXBIWlJOVjJtUkNoX0VpXzdUem05emRWOGlWS1BDUk14bjNtSnQtZW5qMDBDeElnY1BOdGlrY1hQTGtWT1J0UExRYVVJSXJDNlNOWGRhM2RIaTZyQ2FWclozaThIZUY?oc=5,tüketici kredisi,2026-10-07T08:14:54.784617+00:00
2026-10-02T17:46:45+00:00,Bankacılık,BDDK'dan kredi kartı ve cep telefonu kredilerine yeni düzenleme,hibya.com,https://news.google.com/rss/articles/CBMikgFBVV95cUxOMDhzNldIekNmcXBzaTVyUkwxSTA3eUNMc2ZBUDM3NkpGUnRjVHdzc3FJLUxiV1o4OHptVXFQT3YxNjYza3FBQnpHVkhtZENzT3ZyeGdrQ2gzWl9pZWFCWVVGSFV5SVVqTzJaWW5EOXFaUWxzM2RkQzduYWwycm4tUUhiYXp6NXJsQXJEd011cXlMZw?oc=5,BDDK,2026-10-07T08:14:54.784617+00:00
2026-10-02T17:45:36+00:00,Bankacılık,BDDK’dan cep telefonu kredileri ve kredi kartlarına yeni düzenleme,Haberler,https://news.google.com/rss/articles/CBMilAFBVV95cUxQX3pGa2tZcldiVUVFUzF5Qkpra2prMHpBVVczZHh4Y1JFUEhjQnI4bndFdWM2VVF3d0pWTnk0SUNKZXo2d1psVjhQMldudjlRYUZ3V3VQRGVHbWw5UnhpaGY2eFVwSzF1Slhrd3dSMkxPMl9MRDVlRDRaSmVhSmQyVjJoTHNaNEJ1ZVVYb1VZWmVvSEZn0gGOAUFVX3lxTE8tSmVVZjhqLWQ5elRtaU15dTZ4S0lLQzduTGFraXRTLXYyRmVEZEpEMWNCRVpHbEo5bHRjVmtXUnB2UFI2OXNqbUZtaEFpY0R1bkttYW5rcWNfMjhtU2NLbHptZ0haa3lXYXNxMzdhOE9zTEhqc3NlT1ZLaUhIRlVkR2o2NXpqM2k3OVFoOGc?oc=5,BDDK,2026-10-07T08:14:54.784617+00:00
2026-10-02T17:45:36+00:00,Kredi & Faiz,BDDK’dan cep telefonu kredileri ve kredi kartlarına yeni düzenleme,Son Dakika,https://news.google.com/rss/articles/CBMikAFBVV95cUxQWVhUSTdtdE96alJjYWQtLXVhdlFxdHRYcEhaeDc0a1huSHF3dmlmVzdYVm1FU0dMYmNEXzgwaVVFMWF2cEtKM0Fhd1Z0Q2RRWC1CblFhZndIalhWRzdzd242NkJlNEVCWFFLcEdyc1p4d2I1QmFKamZ0SUNIOHVsWDlWYUFPYWxtWFRCQl9WUVTSAY4BQVVfeXFMUHhGMS1zcDNHQ1BnNHJrTV9pbXBxeUxsekFfTDRwR0dKdFlxQ0FqbXdjWmJRTUtjTW1GUndZSXdXenVRMTltOWZBTE1ENXpWTkRmcUVybFZvM1pNbi1JbkxqM0x1WU1xQmFLVDY2M3NjOW5VT3MwbW0zQ3EzMTB3S1NyaXVFdFNkcjRLM2wwZw?oc=5,tüketici kredisi,2026-10-07T08:14:54.784617+00:00
2026-10-02T17:43:41+00:00,Bankacılık,SON DAKİKA | BDDK duyurdu! Taksitle cep telefonu alımında yeni düzenleme,Sabah,https://news.google.com/rss/articles/CBMirwFBVV95cUxQQlNhakVOWkhxbnYwZ2JlSGdRZW9malFQbFQ5b1JrRWFJNkRycy04Y0liSVlveWxuSmhqVW01Y2xEOGg4OWN2ckR0bmZ5UzBLN1NDcUJtSG9MSmszbEd2eTEtZHV2UzUxdjZVV0Rmemp5ZXZDMmlNMEItalZnSnNPRHBvQVFtX3ZWSWdja0ZENy1ucWFfMXdOTE9lUWdHT19hQ0dBX18yQi0zYXFIQ0kw0gGyAUFVX3lxTE5fTG54aDY4YkNKSkF0THNDUUNQM3U2bmdKT3NhZHJjM25weUpMcHBCXzY1d3l5eC1wM2Y2aVVWNWN3YmhPeFhLUHFIdWlxSEVIYW40ZEFLdF9FakgxeTZxVUVXMGphYTlnbFA4d1lNcFNaamxudy13ZjJZSWFGTjdDQUVpRWJmMGZwdHRIVXpaVGFacjAybTExM1B4aTlJYVgybjJuTVN6NEpDU1I2MzY4Mmc?oc=5,BDDK,2026-10-07T08:14:54.784617+00:00
2026-10-02T17:43:00+00:00,Kartlar & Ödeme,BDDK'dan kredi kartı asgari ödemeleri ve cep telefonu kredileriyle ilgili yeni düzenleme,Sözcü,https://news.google.com/rss/articles/CBMivgFBVV95cUxNYmpQX3BOY1NXOGkwdGZ0MjNlUFAycmJjSXBxYWg4UVJyMU5ReDFzOFJlZmVmeEhzeDloRE9iVy1hX2dGY215Um82Y0N2YklyY3ZOLTRMeno4UlBvSUF0M3diaHBJdXF0cjJ5RGxLRGpWVklKVnBrQXVfWXRYZFpnakVXVTl3X1ZnWXNxa09kSkNlVktPamVtekt4NWkwM0lyNnh6YXd5ZkNBNkQzeU5uWnhHQjVwMUstVjVIUkJ3?oc=5,kredi kartı,2026-10-07T08:14:54.784617+00:00
2026-10-02T17:43:00+00:00,Bankacılık,"BDDK KREDİ KARTI ASGARİ ÖDEME TUTARI: Cep telefonuna taksit yapılacak mı, kaç ay?",CNN Türk,https://news.google.com/rss/articles/CBMizAFBVV95cUxNaVh4TkNoSmEwbXZ0TFd4Y2FJNEJYaWRPVEdnXzBYaFRHS0ljd1RNWE9CSm9jREE3d1RiODVtV0s4UHcxT3p4VFpDZ3VjUmhxVGxwNlJsUDdvM1BHbjB4bGxHQkVKZTdSdlBhQ0YyanRPQ0FpbG9Cck9oMTAzRndYekQ1OEZYekFLa2FFbnZSeFJXT050RUJwb2JLaTd6OHJaTUpzclZUUWtfbzNfSjF4X0wzSjM1YmFLZFNmZFZRblB0X0VScTlvOVJKMkg?oc=5,BDDK,2026-10-07T08:14:54.784617+00:00
2026-10-02T17:42:00+00:00,Bankacılık,BDDK'den kredi kartı ve cep telefonu kredilerine yeni düzenleme,birgun.net,https://news.google.com/rss/articles/CBMioAFBVV95cUxOMmdCTDgwejI3cnVoMFAwMUctemphMmtaZkNpV1BTNjNxXzJkNTkwTGMxZFlXSF9ZSVU5YUdmNGcxdTViaHZlT1Z4TW0xZ3kzLWoycTNTVUdPRDI3YnlMN21pclJPZ1g4RGlyempHUG9xemlDNktMajdhNkR5YWVDOFljT1o0VTR0bWg1Tk9laF92OHg2RGdqc1dHV0JwVUpM?oc=5,BDDK,2026-10-07T08:14:54.784617+00:00
2026-10-02T17:41:00+00:00,Bankacılık,TBB Başkanı Alpaslan Çakar’dan fon mesajı: Bankacılık sektöründe negatif etki beklemiyoruz,Dünya Gazetesi,https://news.google.com/rss/articles/CBMiywFBVV95cUxOZU4yQUpsSmU4cUlHVXY0THE3ajI3WTFZUVhKRlpsdVMzbHBsZmJHQTJXUTlJWFFNbmJib1htN0xqVHJiTERFb3RJVXJBcGFjOUhlRm5tTHFYMXFmVGEyaGdIUWhSRjZDejRJazhUOEF5a2l2bnUwRjhCRDg1UzA0WHBCeEpvbUNkTHZJN1Nvb1pzUUVmMlpfUUFxSWdFMFJoYVE5OXBHMV8ybnVCOUV4b0k1dGNrSDkxSUk1N05aR3Vya3BiLWM5QTBKOA?oc=5,bankacılık sektörü,2026-10-07T08:14:54.784617+00:00
2026-10-02T17:39:15+00:00,Kredi & Faiz,BDDK Açıkladı: Kredi Kartlarında Asgari Ödeme Tutarı ve Cep Telefonu Taksitlendirmeleri Değişti,Onedio,https://news.google.com/rss/articles/CBMixgFBVV95cUxQTG8xQ2Npd0wyMjc5NFUydzJfUk5BRVEtWG9Ic0tnRmx4aWt3X0FqdjcwVFlLUTkyYmhjOGt3RFpkMktCVG5ocEdpbmxqeHdSQTNwT2ZYX3o4bV9uVHo4djRNTjJwRjhxaXVpSm4wVEZPb3p2TElzaWkzVi1QZm90RjU2UVZFZ19sX01tWjEyQ1FSLWdoa1ZvNU1mUHRjLU9nbHNUWFhXOWhiN3JrdVFTbzBoaExUNmRMeWJRUnNFWUluYm8tWkE?oc=5,tüketici kredisi,2026-10-07T08:14:54.784617+00:00
2026-10-02T17:38:00+00:00,Bankacılık,Cep telefonu alacaklar dikkat! Vade sınırı yeniden belirlendi,Sözcü,https://news.google.com/rss/articles/CBMidkFVX3lxTE12S3NkRVp0a0FaUzRWNVFtZm9Yc3E5a1FNUG1SS3hCbWh4SldzSVRidUFqaXhtV2gzTThYdXVVZWlBMkRxLUVWZU1HS0xyWnFWbnJzX1RrQUZyWE5SVlc4WFQxSW9PdFdVaHZuZHM1XzZzYlUtVVE?oc=5,BDDK,2026-10-07T08:14:54.784617+00:00
2026-10-02T17:38:00+00:00,Bankacılık,Son Dakika | BDDK’dan kredi kartlarına ve cep telefonu kredilerine yeni düzenleme,Halk TV,https://news.google.com/rss/articles/CBMitwFBVV95cUxNWTVQRV9DYThrNS1qWmpaLWQtYmo0bmZ2WVlHN1A5Rzl4b0ozN1M1NC1kSzloQ3VaOTFUTkhWMmdha21RSkU3S3E4cXhBcnFFYkFSNGJCVEdseGZISXZuVDhlUlRwcGZnNWFfSWlxN0VJazVBWUk2NEk0ZDZhVmFLRzhJblc2RGRGczZyNi1qc2ZZbUx1bWdXa3RpeGdmYU5kVmdyWFFWN0hyMUd6bTZEb29IMDRKelk?oc=5,BDDK,2026-10-07T08:14:54.784617+00:00
2026-10-02T17:38:00+00:00,Kredi & Faiz,Yeni cep telefonu alacaklar dikkat. Telefon kredilerinde limitler değişti,Nefes Gazetesi,https://news.google.com/rss/articles/CBMipwFBVV95cUxOTHJxR1ZaTDZzbU5HU3RDQ1c3RFplVGE0VXpCcVdMeFVKZnFxS3BtQXIzR1JFUGhhdHgwcDZSa1lmNUJqQUlhczFzRHk0dlRYSmU4c3U0RkVVRldCU0JwSVhKSUpKbnF4LVVzcmJNUC1UUkRiZnNIMFlITFhnN2tOQ09TVXRHaXp5SnF0RUpZT3RUQVVtMG5lZFh5WGNybmRCbUxhY0RzRQ?oc=5,tüketici kredisi,2026-10-07T08:14:54.784617+00:00
2026-10-02T17:37:17+00:00,Bankacılık,BDDK cep telefonu vadeleri değişti: 40 bin TL eşiği,Takvim,https://news.google.com/rss/articles/CBMipAFBVV95cUxNUUFUc0tuTXdtd3NGT21FRl8wdkhObGhUNnhlWHFUOXhlN3FMT2l3TGhVdUZEV1ZkOEdYUEtkblFoRG53QmxCTXV0LU9jU2lyWGl3TnVqemNDc2M3cmFzOUczT0s1bGNmWEx3bUtieW5iczZSVUliZTU3ZjNLd2xpMy1YRjBjRHJLaDU2MG1vSHZjZFVGZUU5OGRTVy1PZGpTQkVYXw?oc=5,BDDK,2026-10-07T08:14:54.784617+00:00
2026-10-02T17:37:00+00:00,Bankacılık,Kredi kartlarında asgari ödeme tutarı değişti,TRT Haber,https://news.google.com/rss/articles/CBMinAFBVV95cUxPczZuN0RlUG91dWd6am1LUWI4dFROelpBOWdRd2JTaVpqcWZ3QW1sTGNTa1NZNXE2aWlIZU9sWXRDTjRBZmR0RWlzOHdMS253T2EtVFhfNlFLSG5OOTJJZHZ1UVJNWlJYWGo4eWZ4R2RmQ0J5d3NlY2ZwcE5nTnJiTUhxZU5aRDBCVzhLLWY4b0NJakpuaC1jRE1JRU8?oc=5,BDDK,2026-10-07T08:14:54.784617+00:00
2026-10-02T17:37:00+00:00,Bankacılık,BDDK'dan cep telefonu kredileri ve kredi kartı asgari ödemelerine yeni düzenleme,Hürriyet,https://news.google.com/rss/articles/CBMiwAFBVV95cUxQUm9nMmJnTndfZWZCWEkwd1NzbHpRb3c1SWpBZ2pHRkFMclFZMk1xeGpFMXY5X2tkMGtXZUttSGhISUtLMThabDVaUmNibWhtR054MEJjWHZPS29PLXdaNXQ3d3pUUTctN3RuVXdBeGgtRllkcnloYzBpTW1ReG9hcEIwSk5hZGVHeWRvcVp1QWYycGRRY1ZONDl3RE16WGx4dVdUOThkcjNCMVRLSXVSbjRscnFMLXhrRXFNUlZKUnQ?oc=5,BDDK,2026-10-07T08:14:54.784617+00:00
2026-10-02T17:36:58+00:00,Kredi & Faiz,BDDK duyurdu: 40 bin TL altında telefonlar için tüketici kredisi müjdesi: Taksit miktarı açıklandı - Finans haberlerinin doğru adresi - Mynet Finans Haber,Mynet Finans,https://news.google.com/rss/articles/CBMi4AFBVV95cUxQWjU2REd2LTNHU0dNVERfeDloSzVJbm83MWs0SzE3OTlaNHZUd2tkNFJubDdyTno5V3d2YUFUUHFDR25IZlZERGRySlJqbF9vdFRNMUNvVzRIWEl3MU9NalFsek5fMTBfenF2N2U3WmwzNGJnQ2pxWmM1TmZjbHNMamhoek9hUWhWRzhacXhhWml6MmE0blhtTlR0RVBPNndIX3RRTS1GaEdvbzlzT0c4ZnNINF8ydW5vRWw3R0hwV1NHamxwdjBnNmZSeHdfTkpSbUVKVjNNckE1N3ZiQVVBb9IBzwFBVV95cUxQRS1rOXpjdkpXZHRZWkZoZHIxamkxV3ZhTmgxT1ZaQ0liNXkyZ2NMb0l1U1pKeS14OWFnTXlMaVRFWlR3bTlEZXBNdUUxQzBoY204LW1aZGpkbENLUlNEaXJ4UTRXMjhlQ21Kd0lEMkdxQzRPM2hCakd0dks2dzVjSWphX1Raelo3dUozY29BYUtFYnA3MzRHTHh4dDFCcXNzMGE4bDRJaDJ6WmxlLXdyN21jSHlqZzA2anJ2aE9URnprQklNa2pxdlY5Y0pmOGs?oc=5,tüketici kredisi,2026-10-07T08:14:54.784617+00:00
2026-10-02T17:36:15+00:00,Bankacılık,BDDK cep telefonu kredisi vade sınırlarını değiştirdi: İşte yeni düzenleme,A Haber,https://news.google.com/rss/articles/CBMinwFBVV95cUxQVEdzSU5yaHVBR2hSUUxuVXYwUk5MZnlHWFFyTGNraDdnUUdPNm1nX00yWHU4UmFmM0Y0cUJEMm1sTEFNM3ZjSktoZFFVRUE5Nno5UFpSbGF1dHdoMVhEZXpFVUxjdUUwanRZMElnbTZVdENRZi1kaUZEVXIwVDAtWjlZTElVdkZfWE8xcElkNW5nU01tR2VTekh0YTFRREk?oc=5,BDDK,2026-10-07T08:14:54.784617+00:00
2026-10-02T17:35:21+00:00,Bankacılık,BDDK duyurdu! Cep telefonu kredileri güncellendi: 40 bin TL altındaki cep telefonlarına 12 ay taksit imkanı,GZT,https://news.google.com/rss/articles/CBMi1wFBVV95cUxQQzFTcmVvc2FhOEtTWVp3R05vVDFSc1JFeVpjLW9xOFg2MFhtYVJ0ZlRGR2J0RTZLdXNPSGhYYndwQVZvdXlqWmJpQlM0OGdGc3lwVHdHQW1ucjZ3bHRfMXJjenQtakhlT0xTWmlXTGxyVk04dzZHdktweUo3WXI0U0QxVFNTRkFDdFNHYVBKTndMX3Z0TDlvdld3cDdraWYzeS03dXVzUnRJTGRVNTIxdHBtVnZYSGR2ekRpNGxYdWowcU1wSm0yVnduTC1hM0JHbmF6RW8wd9IB4gFBVV95cUxNTWo3c3RvZW5kczBCaTN1R2E4WlBLZkdaUWRMNnpkWWd5Vm1rUC0tRFZnbFVxWnRfQlFmN1VYejhvUVFYR0t4TnBaWVlnR0hhZGhjYk9WSVdKTDh3UXhPTG5zQ21qTy1zSUl4SnNNZ0FwLW1sQnUzemtNRTdnU2lRekxsWGRsZkl5ZmhpTkxTVG9QeHlYNEFRaC1Xbk5JMW03OENLc3VyamFSNGYzRC1rZXZYVWxJZF9qNnRfWXVvNEdoczFsa0FBRVpEWXl0QU4zQTNRM190RjFFMkl2Tk5UX1FB?oc=5,BDDK,2026-10-07T08:14:54.784617+00:00
2026-10-02T17:32:45+00:00,Bankacılık,BDDK’dan cep telefonu kredileri ve kredi kartlarına yeni düzenleme,Habertürk,https://news.google.com/rss/articles/CBMiqwFBVV95cUxNZW9uRS1BN0ZtNDVxVkR1aFdIbHJMb09zWkU5V1dnX2QxWWt3b3B1LTVHc0FZM1otWjBVX25aLVB2T0drR2taWmF0V0xZUUlaWmhubUw1LUF6WGtWaDc5bkxqckFJekh3TXhDbDBhM3g0M0dRWUQ2RkRITlI3bVdESl9iLWgxZTZ5RGJjbHVMZGZtMzUzSHE4b3lnaE9XektjZ2pmZDRkd2tRc2M?oc=5,BDDK,2026-10-07T08:14:54.784617+00:00
2026-10-02T17:32:00+00:00,Kredi & Faiz,BDDK’dan önemli karar: Cep telefonu kredileri ve kredi kartı ödemelerinde değişikliğe gidildi,Dünya Gazetesi,https://news.google.com/rss/articles/CBMizwFBVV95cUxNTENMTm9ZWFAyQnlRa0Q5N1hHdTdjb0p4b3E5dllaemQ0WnhUUFlyT1FRbk1tYjM3dXlaaGJFLTlKaGwxMGNrTGRXVmd6RE9vQjk1TDFYNUlqcDRZYWpHaVZpRjR2YS0tVFI5NXJhTHBJVWs5ckFzSlZnOE1LRVRrY2dNZE9XVlRmYWlZZUVsaGZ2bm9uVV81eV9nVlJZX2RicGJDTno0OHNJVk12bm9UanpydjJoZjlNZ1RVeW1vMTU0eFdhVGJJTXo3d1pybTg?oc=5,tüketici kredisi,2026-10-07T08:14:54.784617+00:00
2026-10-02T17:31:36+00:00,Bankacılık,BDDK’dan kredi kartı ve cep telefonu alımlarına yeni düzenleme,Yeni Şafak,https://news.google.com/rss/articles/CBMi5AFBVV95cUxNeEJMMjZkRFlmXzF6b3FCUXlxN01nZ2RwUWJsbWFTRzZTZHc2VEJYR3JDRzgyQmFzdXdmY2pNVE5jRXdzX240RDZOUGQ4bzFxX0ZFVExETDRDaWVQTEswMVhrRXdvMFdjU09XcTRLamo4dWZoN25kX2ctR2dwU2ZraVVPUjBjaW51bnR4a2tDczV0YjRMMWU0bHVGWkpCemV5QUljLUwwNnVZSVBadnV5OUZTSUFVOHdnM21yb0ppbDQzU0I5NWlvMERfTUhoQVRnM25Nd05ENWk0amxuVXlWelhvNjA?oc=5,BDDK,2026-10-07T08:14:54.784617+00:00
2026-10-02T17:29:23+00:00,Bankacılık,BDDK’dan cep telefonu ve kredi kartı borçlarına yeni düzenleme,ParaMedya,https://news.google.com/rss/articles/CBMipAFBVV95cUxPYmZzblVsUUd4SnBRVHlVVEVyeGJmNnpxemI5Y05DRnlKMVFMQU55NmFacWxmYUxua1hmSHhxZ2hQTnhwX2N2RHc1Ulh0ODhzU1NPU0NwbHExS1RsNEtJX0dZdnprSEFOU3VLRHQ0Tm9iMjIwbzAzSDhjMmhlVlBOTVJkRklWYVNwcUFpTGh2QnMtVW0tdkF3VDBpOTF4REhSZEpnedIBqgFBVV95cUxOMWg0RGRrU091SWJXa0pCX0c3Yjl5ZW1mWmVMbU9rcGhtOE9tcElacUh6OUJLUmdqS0tJbG9JVDN3MlV2YkFZQS1NdVl5bnV5U1RUT085NndNTEUwZnAwX1RJSnlvZEt5VmpUa2JVTXBIV0p2Y2lwYnJzQmdUdlltalY3bWp0YnNxTFBhWWhDWHVMMWtuMUU1RFpMVjV6ay1SQVJGZTNOOVdxdw?oc=5,BDDK,2026-10-07T08:14:54.784617+00:00
2026-10-02T17:26:00+00:00,Bankacılık,Cep telefonu kredileri ve kredi kartı asgari ödemelerin değişiklik,Ekonomim,https://news.google.com/rss/articles/CBMiqAFBVV95cUxPVV9DUzltZkt0NDRHcTkxMWNvVmN3Q3Fqd2tocHNDLXo3MUZveWpsRUhSNnkzNjl6TGQxZzRLNVpOUWtwa2JKSm85OTBrQ0drR3VqRlVGcFJPbk95NTAzUlgwRUJnQ3Zpcm82Q0hWZXl0RTktUUhza0psQjZNaXY1Q1NDeXE3am9uV0d4MllLbEs5X2RpdnpCaWVGOFV5RHhtY2RjZGdwZFPSAa4BQVVfeXFMTzdsVzlTOVZfWWlNNkNfUzExMmx5c1JVVWZzbV9aWEJlU0RFTEJmTHg0amJmdTVIMURnWnhfdFROaXdOQ3ZqZ2t3NWFWcGVaR2NpMDN3WHY2NVlLTG5NN0QyNzBJSDZ1QVpOQWNjcW96c3pITHhNR0I2UTRhY21oWEVURGFRdTNPLWNKVk9nYUFKUGxETXd0V0FQbHN5MlNYd1Awczl5dWhCVjVDSkVB?oc=5,BDDK,2026-10-07T08:14:54.784617+00:00
2026-10-02T14:40:00+00:00,Bankacılık,TL mevduat faizinde 3 yıl sonra bir ilk: Yüzde 37’nin altına geriledi,kayserihaber.com,https://news.google.com/rss/articles/CBMid0FVX3lxTE93bkJLTjZxV3djSmR1d3RpM1Mwd3IyVWpMUVZoMWZ1UURYdU1KNk9XWlh0ZWlZaEJoQ01UOEdfUEhjZHc2VDRDRl9BdEN3bDR3ZzAtUHctZFV0VF9nYm1FeWNabzlDcnhkcUJSbzBrbnBZSnZ1MTN3?oc=5,mevduat faizi,2026-10-07T08:14:54.784617+00:00
2026-10-02T14:20:00+00:00,Kredi & Faiz,Sahne yeniden doların! Piyasayı sarsacak fırtına kapıda,Halk TV,https://news.google.com/rss/articles/CBMimAFBVV95cUxOd2tuSUNYQVMtUzdOcVlla2FJa28zcDZVV21uLV9jS2dOT29ERXF4QnRob2tHd09BQzBVUHlUaUNxNmFaSnlnbkUtRjAtcVRwYlN6cGZ1VjB5aGthM2FDVlRWSWhmeHJmaWR0aUhHT2tiUXZ0OW81di1vQTEtdEluenpFS1YyNDU5ZW5odUlfZEdpaGVfcGpENQ?oc=5,kredi faizi,2026-10-07T08:14:54.784617+00:00
2026-10-02T13:31:28+00:00,E-ticaret,Amazon Türkiye ABD’de 10.000 satıcıya ulaşmak istiyor!,Technopat,https://news.google.com/rss/articles/CBMilAFBVV95cUxQVXctQmFKLUJOaEV0eTNJYVhDTVd4MWhLeFBnTVpJd1lSUjRhTDdxQmxaSF9xZ3g5dTZfU1RVTkRKTjl1aTB6eGhtRkdaQkp5REp5SVZIdm9EWWZndUppcTlVeXJhR1Y0NVZoaTI5ZEdoUzF1a3ExV1lJcGN6VV9GZENWc1BIZGdHV056SHk0Z1hnemRZ0gGaAUFVX3lxTE10aUZMV2NQN2JHRGFxVnQ3c0Y4WXFxbkttSkFySGxyZWlKNktXSmVTY1R4S0pFR3Bpbm1HbmNSWW0wa19NQ0hkOHZfOHBfVlBjZ1dmQkhFbC1FS2s4ZVBQbHFyQVlFOFRXUUNvbzcxTU9VemxBa3hMVUM0aU9IVHNrOHEtbmRGTFNRSDVza3ZzOXZHY09xNFoweXc?oc=5,e-ticaret,2026-10-07T08:14:54.784617+00:00
2026-10-02T13:12:00+00:00,Bankacılık,Mevduat faizinde 3 yıl sonra bir ilk: Kritik eşiğin altına indi,Dünya Gazetesi,https://news.google.com/rss/articles/CBMiqgFBVV95cUxNNS1ZWWZkUzktVWE0QTVUdmx2aDI5d3VzUHpDWURzbU5ObTBzaGNDWV9LNHdmdUp3eExWYTVOekZBNTJtbGc1TkY0OHB1aERmczdFZFluQWVxeEtYd1pnWFlYa2hrRUZSV2NDRHBDRW5aaHFCbTRPaEV5aHhiOTdZUFc1bEdGYnFUZ2w2S1pyaV9KUDJBTE8ybnhrR254SDNISDI0MlRRNmRuZw?oc=5,mevduat faizi,2026-10-07T08:14:54.784617+00:00
2026-10-02T13:09:00+00:00,Bankacılık,TL mevduat faizinde kritik eşik aşıldı! Faiz yüzde 37'nin altına indi,Ekovitrin Haber,https://news.google.com/rss/articles/CBMimAFBVV95cUxOMkxsRW1vUThzamVDRlVyUzJzVEZ5SnYxbDAyYU5EMnJzOFg5M3Ezd2xoT2tqWkNRR1JDdDBDMGxTWEw2TXlHVXRJNGRfQ2wyeURUZ2lINGIwNGtkWThXNTV4X3N1QlgzQTVpbDc4emZWeE9YWGlBRjBzalptVnZ3d004Q3ZnMXJFa3ZlbVF2N0I0aTFPRlpaVQ?oc=5,mevduat faizi,2026-10-07T08:14:54.784617+00:00
2026-10-02T12:45:00+00:00,Bankacılık,TL mevduat faizinde üç yılın en düşük seviyesi,Ekonomim,https://news.google.com/rss/articles/CBMivgFBVV95cUxNcVpVNGwxLVBFS2ZxUjNkNDZiQVRKZG9jVG9mdFZyR2ZHbko1UmtOaUczd3NZamNheWtqYVhiWloxZmxJV3J0MUdSZFhCZ25SVGhXaUhYMEdNQ3RrcXo4V1lQOGNjVXVBQnBlUl9uVVdvNTVfRk9KT0ZKZDlvVHB0UnNBdlZBUU9HTm5qSkl6S0xqUm1SSFhpTmJnV1E0M1h2bVY0UEw3Qi1JOVZha3VvaXFDeEg4cUVZMGo4RzV30gHDAUFVX3lxTE5tT0REN0ItZk4xSjBUSF9RbGF2NVE5ZTRLV21GWDhOQTJyMmxMb2wxRGxUamhZVHJuaUplSlBpc1cwWGFIYzlTZ09tUWtwQTRtTE1PMzhlZzBwWXJkZ0xsUjRlSV9XRzdwNENfNXpEVEd3OU93QVcxMXFtZlFyTUh0aDNNUFFSVnd3aEdEQ3RScnZ1TjVUVWQwMklkM0wzbnFLWmRIMU81WGpvek9RR2lROUtRa0lhN1RlTXd3S0gxWEk3Zw?oc=5,mevduat faizi,2026-10-07T08:14:54.784617+00:00
2026-10-02T12:27:23+00:00,Piyasa Göstergeleri,Tüketici Haberleri,Bloomberght,https://news.google.com/rss/articles/CBMiWkFVX3lxTE9lM0FDLW0zQ2ViSXBqa3N4VUc0bW5GbXIxWlZhR2t1dnViVjFBMURFQ21qUTh2NnVlMVV5NWR1VmZIODNCelp5VkxsYUJSdHZrRjFDY0FNc2xadw?oc=5,tüketici güven endeksi,2026-10-07T08:14:54.784617+00:00
2026-10-02T12:18:41+00:00,Bankacılık,TL mevduat faizi üç yılın en düşük seviyesinde,Bloomberght,https://news.google.com/rss/articles/CBMiigFBVV95cUxQdl92bXM3SnI5dFdERElxSG1XenRVYTlCMThHY1FreEZQNWxqRXFuT0tKWEthdWstclNHZnN2ZGRLQjR6Z2xpZDdDVndkcXd6SW1rQmlfaEllWXMzR0FDYWFmT2tNT0VfY3k5ZjI0SlNHMlVKVFo5M1FRQVJVU3N3a2tFMHo4U2w1Z3c?oc=5,mevduat faizi,2026-10-07T08:14:54.784617+00:00
2026-10-02T11:44:00+00:00,Kartlar & Ödeme,Kartlı alışverişte dijital dönüşüm: Online harcamaların payı yüzde 40’a yaklaştı,Dünya Gazetesi,https://news.google.com/rss/articles/CBMiwgFBVV95cUxQNXd2Q0EycWQzMEI0TU1weTdieUdaRmg0dl80WnZRdTF4S0xqSWV1MWpORWo2VmJuNTA3Q2sxR2JjYjM3VXBuVGo4emFhYjlISHBjdk4yaW9MVkNrclpVa2g0b2hnU2NXaVB0WGxwUW1qZlRpbW1oNHEyQjJZVEwyOXhQSDh0SklSUlMwQlRqN0QxUGxTNlZfVVo4ejlLLUtUclJQdGs0NENNMnY1cFJnWVpRN00tM0VrSVppcW5lb1ZXdw?oc=5,dijital ödeme,2026-10-07T08:14:54.784617+00:00
2026-10-02T11:06:45+00:00,Kartlar & Ödeme,Dijital ödeme dolandırıcılığıyla mücadele: Zamana karşı yarış.,Vietnam.vn,https://news.google.com/rss/articles/CBMihAFBVV95cUxQN0pyNDAwMzdmZ19QM3lEY3VJTDJEUmV3WkNHWmRCSFhIUHZWcmNGeE1ENGdXUFdSemloVjJiUmx0SHlvNVZkOVIydVk0cTFYS1JFaUFvNzhHZEN6TGFzOVVXMVVSVVJwNEV1NHlWVVdYVk9SNkZwX2pBbVV5V19JaDdQbzY?oc=5,dijital ödeme,2026-10-07T08:14:54.784617+00:00
2026-10-02T10:48:17+00:00,Rakipler,İnceleme özeti: Bir bakışta Apple Watch Ultra 4,MediaMarkt,https://news.google.com/rss/articles/CBMirAFBVV95cUxPSlFpUHJlOW90ZFJ4UjJ5T1BYQUw3ZGt2a0hNcHJGS2xwUmFwOWJyLVFCbERIcWEyMjVwS0pUaTJBb2FlLVNHZkhxM2xTZ1h3WjFCYUhKUHIxbzk1cGJQR3lvVEtwUTRjdnRzSjlrTGtkYndtQ3l6X1B0aF96REhSbEJORFZjYUZhMGNhdk1mNHZ4SlZGWXliU3FnTFJFa3BLaXN6b2NBSnJwblVi?oc=5,MediaMarkt Türkiye,2026-10-07T08:14:54.784617+00:00
2026-10-02T10:33:36+00:00,E-ticaret,"Avusturya'da online alışverişe 2,40 avro vergi: Şirketler mahkemeye gidiyor",Avrupadan Bülten,https://news.google.com/rss/articles/CBMivwFBVV95cUxOZk1UZnpaQ2x4Y0Nua1BzbDNMTW04bko5LVFFY0RGWTNrUGM5bmotVlY1YlAtWGY2VUhCeFNWcWk2Zk1hYUZTczZTaFhwMHRXUVVMbkpaLWR0SU5nQ3pJeS1WeUxmaUtWRVZSUTRITmpKV2xCdXZvTGtibWcxdi1KZVl5UGFramdqeHNOUndpcDlBZGtHakI3MDgzXzQ0bmJ3MGNtS0N4RkZmYjRQbDNMelFIRTNhX0xTVWJQYW1XNA?oc=5,online alışveriş,2026-10-07T08:14:54.784617+00:00
2026-10-02T09:55:00+00:00,Kredi & Faiz,Goldman'dan eylül değerlendirmesi: Para piyasası fonlarından çıkanlar nereye yatırım yaptı?,Forbes Türkiye,https://news.google.com/rss/articles/CBMiwAFBVV95cUxNaVROcU1lcTFUQTJHQUdaS3lob1pCbERueUNSVi12SnNkaTNuWDZPYjYtWTFRSnpZb1VaZXVsMjJLVXYwWmZGbm4tdGRXYlZ4MnIwbVh1NExTN2o1a05BbkprWDNnUi1hdE1aRzAzNEp4cXhkQTk1SktUc29Db1ZXcXhTd3JWOUE0alhVNDZFUUxyNy1xZXZrdTJiOEpvdEtpWDhxcngyWW45bXh1bmZvWjVtYlJNcWc2NkhtUVg0ZGE?oc=5,kredi faizi,2026-10-07T08:14:54.784617+00:00
2026-10-02T09:36:00+00:00,Rakipler,Şok Market'e 1 milyonluk ceza. Her gün yüzbinlerce kişi alışveriş yapıyor,Nefes Gazetesi,https://news.google.com/rss/articles/CBMipgFBVV95cUxOTC1EdlVBNk1WQjdkQWpFYXUtM0JvYS1ScmNETjFsekZ1SjRFbEJBSnRuMlYxT2x2elpKN29VM3lvRVJ1UnJZTWZOWml0RW92Q2xRcGRnaTVQZlFubGN0cG5GQmgzUFAzR2dYQWlRQ05pNGx3el9rRkNvTm5BNXFtenZLTlZpS3ZCQ3RoMklTdldOREVaU3Fxb2QtZWFvclhJaFktcXVn?oc=5,elektronik perakende,2026-10-07T08:14:54.784617+00:00
2026-10-02T08:13:27+00:00,Bankacılık,"TL mevduat faizi yüzde 43,35’e geriledi",HABER RİZE,https://news.google.com/rss/articles/CBMiigFBVV95cUxQZ3AzVF9odzd3ekFZWnBxX2tpVEJ1MDl2SEJEVWstc2lCUzVQSHhCV2xMdXZEb1FvbDBIbVUtTUVMWVo3VVVVcExJWWl1OWZBLVdMZTM1QmJhVFp2VlJJZ2swZE9BZkNVaEw4Q0tpNWhwa210N3lMck1hb182U2pETUJobzFNV05VRHc?oc=5,mevduat faizi,2026-10-07T08:14:54.784617+00:00
2026-10-02T07:55:58+00:00,Kredi & Faiz,Konut kredi faizleri 14 baz puan azaldı..,EmlakDream,https://news.google.com/rss/articles/CBMieEFVX3lxTE5CY3p5TWlKSDhOalVpZll3MVZBS0tLZUZTaS1IRlRqSEtuTWxnQnFaSC1jc1A0bDNJVzg0ckQ2ZEY5aWloMUEzY1o5SjMxNEdLSU5ZWGpqV3czWFVxd2d2MHpMWllCUDJaLXBxNW5NZzRKUlJidWVlXw?oc=5,kredi faizi,2026-10-07T08:14:54.784617+00:00
2026-10-02T07:41:49+00:00,Kredi & Faiz,"TL mevduat faizi yüzde 43,35’e geriledi",hibya.com,https://news.google.com/rss/articles/CBMicEFVX3lxTE95aVlBV3dJZU1YWWVpUEJlTmxIN3gzY1BSVXpXSjN6cThFQzdOclgtWVdkd3FEOUtpaWE4MHpDS2pXTkg4UXV5OC1BS29ZbTFaX1FWdURmV3ZvYkIzOUp5ZlRfSFFDOXl1ZmNKSXFrdUk?oc=5,kredi faizi,2026-10-07T08:14:54.784617+00:00
2026-10-02T07:30:49+00:00,Bankacılık,Fon soruşturmasında Bakan Yardımcısı’nın damadı tutuklandı: Babası BDDK Etik Komisyonu'nda ikisi hala görevde,Serbestiyet,https://news.google.com/rss/articles/CBMi_wFBVV95cUxNbkJNQmN5c0lfRUFhMEVfMHN2RUdwSWtYaF9kMVozeHAyZjRwUHBkMXdhZ21jSE5wQzNkNGVSX0QyLTV2dTViQzJNMGZyeVpLUzMzeFFIT1dQTWNYZ0lYczdZN2lNMjF4NDd5eVc1Y0U3YnRHMmNxWUpicHhYdG14d2gyandZSWxBR0dmX29ZdHVvejlQZVMzNEVGOWp3cmpoTHVTdTNfelA3akVoR28zZ0Y1d3hrTGNFN1F0Y0RzOEExTmxObzQ1ekhPZDM0QVk2bEpIUjQzVWR1RXBwbG5tV2Q0bDFrZ0J3ZnpoRk41cEZWOEtpQldrNW9CbUhJQWc?oc=5,BDDK,2026-10-07T08:14:54.784617+00:00
2026-10-02T07:28:22+00:00,Kredi & Faiz,"MERKEZ BANKASI FAİZ KARARI SON DURUM! Merkez Bankası faiz kararı açıklandı mı, ne zaman belli olacak?",Yeni Şafak,https://news.google.com/rss/articles/CBMi3gFBVV95cUxOUDdVR19kR0IzZlBsenBRbVhYU0had0JxYU9YRjhlRUt4Q2pqaTl1ZllUS096c0xaVk5kWVNrVmJpRGd0TzFWYmZoSGxNVTdpRmNBaDNZNUU0YzhQWVY5TFJ4a2dWZ0hDaVQ2Q0hRTFdQaDJBQzVQM2hZdnBKcGdXd0dfOWVDZ0JaWUk1a3lZQktDbUF6dWVfd01aTmFHMkpvOUNVd3ZadDJQV3NTSl8wWHZaZF9fbkR5OHJJSnYwalBlNlJFMWkya0dJOW9XdGRKci1udlkxdlloS3IyVnc?oc=5,TCMB faiz kararı,2026-10-07T08:14:54.784617+00:00
2026-10-02T07:04:57+00:00,E-ticaret,ChatGPT artık kıyafetleri sanal olarak denemenizi sağlıyor,Webrazzi,https://news.google.com/rss/articles/CBMilgFBVV95cUxOTkRETl9wOFFweHFNRnpncGhKZ1FiRWt2dTdQMGNJN2hVYW5EY1RMMzA0dmR2UExRZ3dJYzNxcjhsdEt3ZW5CNnhCZ3NZUG9PZWRfSmZMX0dLZ3BGdy1IWUM2WkozRHBRb1VsRktKTElIZmp5WXY5dWMxMzlNZVBMMHVqZWw1Yy1wQ1VDNnFUVFpCUHhsZ1E?oc=5,online alışveriş,2026-10-07T08:14:54.784617+00:00
2026-10-02T07:01:34+00:00,Bankacılık,"News by Matriks on TradingView, 2026-10-02",TradingView,https://news.google.com/rss/articles/CBMiYEFVX3lxTE1CYUY0a202SWdpcVlmUkU1RFRoQU54WXJPT1hIMVcyaktoRTlMUnNlYVduampTZzFPTUhWdy1RLXdxR3NJNDJVNUNBdWdZekRYN2RQUFBTR1c1RDRueHh5Vw?oc=5,mevduat faizi,2026-10-07T08:14:54.784617+00:00
2026-10-02T07:00:00+00:00,E-ticaret,Polonya’da E-ticaret İçin Fırsatlar ve Stratejiler,WorldFirst,https://news.google.com/rss/articles/CBMihgFBVV95cUxNZzJoZUtUdXp1eFRpWm9keW9DQmpzcVQ3eWotWlVHZG9oMFF1SmN0LVJVeXV6VmM0VTZjNk4yOW1DSy1YVHNLTnpPcEptYkdxQ3NJQlFVZFN4MndXeTJUV2g1dXhyQ3E5MGdVU01XemxoSnhBQmNyb2hJZGllUFVUaHFVajFlZw?oc=5,online alışveriş,2026-10-07T08:14:54.784617+00:00
2026-10-02T07:00:00+00:00,Kredi & Faiz,"Ödenmemiş tüketici kredileri 4,62 trilyon VND'ye ulaştı.",Vietnam.vn,https://news.google.com/rss/articles/CBMiggFBVV95cUxOblgyYUNFVUpkM2hRQnhPVXJYNmtvVlpXS1hQRE9Rd21VRWdISm5QT2twT2ZfWU8tQXdTOGpVQmRqalM3OHUzUDFvRzN2cG9jUmtMNWw1NXZCUG40TTBReUJZUHVsT1RQUE10WkdJRlRrOF9Ia0ZvbEtrRFpmajZJTGlB?oc=5,tüketici kredisi,2026-10-07T08:14:54.784617+00:00
2026-10-02T06:46:11+00:00,Kartlar & Ödeme,Honda Otomobil Fiyat Listesi Ekim 2026: Fiyat indirimleri ve faizsiz taksit ödemeleri sunan bir dizi model.,Vietnam.vn,https://news.google.com/rss/articles/CBMiqgFBVV95cUxQMDRHV3NsSDNBYzdGSGJ0MlE0VTdNTlFjaG12YjdhbmRUWVB1VjI3czVPTjVHc01oZUo5elZvWUpTdTZ3TmFvQjhCZjB3VU1RYUZEVk5GUWRoQmVYajcxSEpmYlAzUUx1UE1qc0djc1dGQi1uUnloS2Nsb0tmY2pRajRodm04bGVEaFlKaXI0R05kRW0xWVIzeDNqVWItdWJOTElsdllwelp3UQ?oc=5,taksit,2026-10-07T08:14:54.784617+00:00
2026-10-02T06:42:07+00:00,Perakende,Dong Nai: Perakende ve tüketici hizmetleri sektörü ilk 9 ayda 344.000 milyar VND'yi aştı.,Vietnam.vn,https://news.google.com/rss/articles/CBMiogFBVV95cUxPRkE3THlRdktiSEREVi1yemE2UE5objhINEw1NTJYS2NBV0dKVmZXTEFScjVtVWMzYzF4X0U1MnM0M1FxNXRrUy1iVUxKS2g5RzNyNENNUFROVTVaMHlyNS1rMHVDdm94aG9ENEtMYWhaRi00TXJzaUFURnVQNXV0OGotdVo1YmhidklKS3BuMkliYkR6bmoySG9jRDFFSEQ4QWc?oc=5,perakende sektörü,2026-10-07T08:14:54.784617+00:00
2026-10-02T06:13:29+00:00,Kartlar & Ödeme,Dijital TL ticarete hız getirecek,İstanbul Ticaret Gazetesi,https://news.google.com/rss/articles/CBMieEFVX3lxTFA1Z3JMTU5OelNBVjVQOFNjVG5TdEt5c0RCNWp4d3pwa0VNSVRnY0VpMHJyRXZFWDRJeVJHRklkRF84emhCU1NMdTZSbjFfRXZFSWJfZUpYMGk5bUVBU2VGY2pTQzdLUHM1NjdWU1U1czlMelRxS3NXSQ?oc=5,dijital ödeme,2026-10-07T08:14:54.784617+00:00
2026-10-02T05:09:10+00:00,Bankacılık,KAP *** İSTANBUL PORTFÖY BANKACILIK SEKTÖRÜ HİSSE SENEDİ SERBEST (TL) FON (HİSSE SENEDİ YOĞUN FON) *** ISY *** Genel Açıklama,Yeni Şafak,https://news.google.com/rss/articles/CBMi-AFBVV95cUxNSTdYVFZTRTB4Q0VDOWQ2WVFFYXJLX3dnVGJWMVJyMGtHbFk1X1ZjSDVXSjUzbnFsU1V1LWE0YUZqMkdWVFJiM0ZMS0NHTmRKSE1Bb1Q0cjdNVkJXOWJZbUZXUGlwLXdiMGdxV1M1SnI4cy1ZajVqRVcxQ2lHWWROWmp1ZUNUVW4tUmRIWnF0YlhmUjZZVVJBbzR1dzVQY3d1MUsyc0hYSVpTdEI1M2M5SGxsQUpiTzR2X3NnY3JDNUx6VWktNExZOFVBcDNXaHB0YVJ4WXpwZXk3N0kwa3VnTWdXR3draE05ckg5WGJITVVKb3dLOUNqYQ?oc=5,bankacılık sektörü,2026-10-07T08:14:54.784617+00:00
2026-10-02T05:06:00+00:00,Kredi & Faiz,"Ekim 2026 ekonomi ajandası: Enflasyon, bütçe ve Merkez Bankası faiz kararı bekleniyor",24 Saat Gazetesi,https://news.google.com/rss/articles/CBMitAFBVV95cUxQbndtZ00wQ0IwQVBTVFdMU0NkRFp5TlMtWnFQUmF1ck1JdW0tRGYzUXVyU0pEVTV4TmZnRmZDendvU0hvMXFLUEFUUFhWejI0c1JlVHhZN2c5ay1DbXg1MFNwUE5Ga1dXMkZVMHd1QUxZUHNfQ1Y3REtGcHBnbkpkM3FDRkM2clBVcXI3Y1JQc1IwcDJ5M0hPYkJVSXhQQXRuVGdjWGQwNnZVNXQ0QlY5MjdDWkw?oc=5,TCMB faiz kararı,2026-10-07T08:14:54.784617+00:00
2026-10-02T04:21:00+00:00,Perakende,"Fahiş fiyatla mücadelede son bir yıl: 69 bin market, 123 milyon lira ceza",Memurlar.Net,https://news.google.com/rss/articles/CBMitgFBVV95cUxOTjM0bXZFQzhNMUNBOFhLN0h5T3R5WVNMVjkyTGZaQnFzeGVneFk4YVp6Z2NUQzA1TXhWUWd5eXBPekFLWjNKUEVMMHo3cWhKa1pwQm11bHNVWUVKUTFXMHZ0TDFiUTA1UlJGWGM0dWY1YWxrcjBNaVhmWHBHbEU1SVNidFJUbU5SLVI4c1JzY2diem1QRUZmUElkQ3BXZm03TzdtelE0UlNhUXdXbjI3OTZwc0R4Z9IBvgFBVV95cUxObmxQYkZ3a3N0dHc0RkhlWjgzeDB4RHlRM29LYTFTWmkzN3dCRUlRSzZURV9GVHV4YWZGN2NYUUxDNlg5anJGV24xemtUWGF4SU56VGx1dTFFTGRhRXBNeHlpeF9Yc2hZM2ZEZTFoMjZSZk93cmJrZV9mSnVTSHU2VEpHdEFVTkxDMVh1Umg3eHJfVjRWN2JtMEZfRklnOGN1LWhReVlDTl9RamV5Q0xOdmVreDNldmRlMWV2R0pR?oc=5,zincir market,2026-10-07T08:14:54.784617+00:00
2026-10-02T04:00:00+00:00,Kartlar & Ödeme,MÜZE VE ÖREN YERLERİNDE DİJİTAL DÖNÜŞÜM İÇİN GERİ SAYIM,bayrampasagundem.com,https://news.google.com/rss/articles/CBMipwFBVV95cUxOc0tLb2hTWTI5bjNjUk1DVE01QXV1MllXOXFCTUhVZEY0ejlrSWFLZnZwYTFuV3dSaWt3U2REeVFoX1d5eTRsSWx0N3dYR2NLQmJhWURjbks5UmVvUTFVX18yMmx3YWlmLVRVbjRFYkFCeUZKX01GOUQtVThfcmZjVUhmQ0FXU3R2ZGdnWHVjanJCUXR3d1BMa0lGaUpTbF94MzdLaTFNc9IBpwFBVV95cUxOc0tLb2hTWTI5bjNjUk1DVE01QXV1MllXOXFCTUhVZEY0ejlrSWFLZnZwYTFuV3dSaWt3U2REeVFoX1d5eTRsSWx0N3dYR2NLQmJhWURjbks5UmVvUTFVX18yMmx3YWlmLVRVbjRFYkFCeUZKX01GOUQtVThfcmZjVUhmQ0FXU3R2ZGdnWHVjanJCUXR3d1BMa0lGaUpTbF94MzdLaTFNcw?oc=5,dijital ödeme,2026-10-07T08:14:54.784617+00:00
2026-10-01T21:01:00+00:00,Piyasa Göstergeleri,Ekonomik Güven Endeksi (Temmuz 2026),Branding Türkiye,https://news.google.com/rss/articles/CBMidkFVX3lxTE5kV25DcHRTSk02Zk1SaGcwOEFPTjRYdC1BRW1xUm1JWVYtWlJJNTNhUlR0eGdjYnpadGZ6MUlVeEhrVEtzNWxlQWkyR09UbDlDNFYtTDVNTG1KYllkZUVnQ3ZORXZ1cTZFSi1jNW9oak5yUXdoU0E?oc=5,tüketici güven endeksi,2026-10-07T08:14:54.784617+00:00
2026-10-01T19:23:52+00:00,Bankacılık,itibar.ai Bankacılık Sektörü Araştırma Sonuçları Açıklandı -,bursa.news,https://news.google.com/rss/articles/CBMinAFBVV95cUxOVVg2Wjc3THF1RnY2MzA0Wm1RVklWYnpjSEpBZjBNdEtIa1BqMUdOYlVRYUdDSlZPa2pKRFZ4V2FVX2xvVDJNUjBRYTVJSlVGRU0zVDJpWTI1RW5YME9KcUd5cHJldk84V0dLQWxBTFo3MlplcHhpeVhyMDdTU3ZFQkd6amVmVU9ZSGhCd1VyRWlodWRKeW5fLU82eUs?oc=5,bankacılık sektörü,2026-10-07T08:14:54.784617+00:00
2026-10-01T18:36:45+00:00,Kredi & Faiz,Merkez Bankası KOBİ kredi büyüme sınırını yüzde 5’e yükseltti,Takvim,https://news.google.com/rss/articles/CBMiqAFBVV95cUxNWkEwZjBhczltTkpTZEhYTXJIRHROY1BpSGNGM1MyU2lMN1VlYTB1djB4b0gtdWs1YnVxb0o5UEJkRkFSRUJlQXN5cktmNHZydHdTQTZDN1NBM0FjWHctWU1OZzhZTUI3YW5jQTZOWllTTEJLUUs5NXhySEU4elRzU2kwTVpRaURpa0phYTZNQzJHVnNIUUVUc05yaGpsbjhuQkVXNFBTSHU?oc=5,kredi faizi,2026-10-07T08:14:54.784617+00:00
2026-10-01T17:56:00+00:00,Kredi & Faiz,"İlk Evim konut kredisi başvuruları son durum: Yüzde 1,20 faizli İlk Evim kredisi şartları neler, başvuru tarihleri belli oldu mu? | Özgün Haberler",Yeni Şafak,https://news.google.com/rss/articles/CBMiggJBVV95cUxQMk92aFRuRHNSQW5LTFcyY05jX2JiSmtybHFQeXc5WEJoZGtTYlRYZkUtbGxsbkRqZnU5T0dPWVo0S1piaTEzTzA1aVhBY1RINTlORUY0TFFOQ3Y0QWlmWWVFT193NlNIR1UxaGRjaDIzdXpBZHdMU3djNTVtYUNGTUFFM0NYZm5renludnpiRllJV0s2ZEdxb2dlemVLR19vM3N2eUVmQVFjQlROcG5tb3ViLUdZR2pETzYyODNaUHVQYlU5QThQdzUxSVhLZkVlSHd6MXh2cC1GMlo5N2JmZm1RbFVDdl9nSnVlNDZKQXB6SEdHODZIdVlURzlfRHNhb2c?oc=5,kredi faizi,2026-10-07T08:14:54.784617+00:00
2026-10-01T17:16:00+00:00,Bankacılık,1 milyon TL’nin 32 günlük getirisi ne kadar oldu? 1 Ekim 2026 mevduat faizi oranları!,Takvim,https://news.google.com/rss/articles/CBMiiAJBVV95cUxPOFJaUEdwc2Rtam12Q0VQaFNWY0FFYzJqU0RGaDBrUWpVYS1Ea1JvbkU0bEJzZTVqdkE5UmJlaXA2ZHB0ZkJreFVGeldlQW1PVVFobVlzdXFhcjhuc3c3VEV4MkxPNGxMWlhTelRCbkJrNy1Ma3hpemZtRmkwV0gwcDhoNnFWZkNQaUppTXBxZUNmWGxXejhfOVVUam1SN2k3STB1Yk1adGFLM2FZcVdIR1RkN21uYW5Pa2lMSGE4bDZfWEQtOGZ0WXczLXpUd1hjcHB6dVhKNWRxWDBtRGllZ09DX21FbHdScHNBSkRTdGdYZXFZVTBDeDlpV05vUHVtdE1JYzFhem8?oc=5,mevduat faizi,2026-10-07T08:14:54.784617+00:00
2026-10-01T14:43:55+00:00,Kartlar & Ödeme,"MoMo, sınır ötesi QR ödeme hizmetlerini 60'tan fazla ülkeye genişletiyor.",Vietnam.vn,https://news.google.com/rss/articles/CBMikgFBVV95cUxPUVRMbWI3aEtHemIxVnlGQkVlQnhmMXI0Y3pMWEpHV3RTbmV6dnNPb3Q3eGQzUWtUYy1sS1ExMkFkcU85dG5xbGxtZy1MTWx5WXJFSV84dGo0ckF4eE5mX2t3RVZnX2hKYXFPUjFMdkFFV1JyT0xidlpRRmtPUW9tU2pOTWtodElFWjZHYUw5UnFOUQ?oc=5,dijital ödeme,2026-10-07T08:14:54.784617+00:00
2026-10-01T13:36:00+00:00,Kredi & Faiz,Kamu bankalarında kredi faizleri düşüyor: Oranlar aşağı çekiliyor,kayserihaber.com,https://news.google.com/rss/articles/CBMieEFVX3lxTFAyMDRiSno2dWFLUVVYbHhxQ0xZb2xpU3hlTDFXWE9wUjdPY0x1aHdyWjhZWDVhWUFCbmNTWUhRazk2U3B3cWhNSTRvVjlOYTBYRTJEc1dfYS1rdnA3N2ZQeTBXMkNPdE5OeldJd0VvcXN6M2VDSTZ4Tg?oc=5,kredi faizi,2026-10-07T08:14:54.784617+00:00
2026-10-01T12:36:04+00:00,Kartlar & Ödeme,"LPBank, LPBank Plus uygulamasıyla yapay zekâ odaklı çözümler sunmada öncü bir kuruluştur.",Vietnam.vn,https://news.google.com/rss/articles/CBMingFBVV95cUxPbTlsUS16TUE5YzlGaEJuMEpwZTVUVzViNDlxX3YyOFliejZreWZCbHFfVWE5NzZGZjlLcXdmNFRzVzhtZHJPalNGdjl4bERzNnYzQXdyZEcwSlQ5d0gwTEVNb2lJZzdHRmwwTHFZeE1PM0hoX1pDY0dTTXNYY1VxSEotQllQTmdvU19wdVQtRDhLeWVXVm45eW9QTURWUQ?oc=5,dijital ödeme,2026-10-07T08:14:54.784617+00:00
2026-10-01T12:00:00+00:00,E-ticaret,Bir dönem alışverişin gözdesiydi: E-ticaret devi kepenk indiriyor,Dünya Gazetesi,https://news.google.com/rss/articles/CBMirAFBVV95cUxQN3lHblNLc0hFOVM1LWdJT1FYT0hRZFFqTFdXVjFHOWYtNjhwNkRRWUJHSzltLUZfRUgtNXFJZkRyTDVtaXVkUWNHMVctYldhNFNybXJwcjVlRUZuUnFfRVRlOFgzSUtPUHRLQWpyaTRBclFacGEzM2EyRFp3bi1hVURDcFhKak42VEVJX2taVnp5UEZHdUNtdE1EMnI5aEw3QnhQZ3V4cV9NVHhX?oc=5,e-ticaret,2026-10-07T08:14:54.784617+00:00
2026-10-01T11:59:00+00:00,Rakipler,KAP *** TEKNOSA İÇ VE DIŞ TİCARET A.Ş. *** TKNSA *** Şirket Genel Bilgi Formu,Yeni Şafak,https://news.google.com/rss/articles/CBMiuwFBVV95cUxPT2RIcnBZZFB5T0J5dzNZRWdUT1ZqcXRnYnY4LXU5QmpBZzlFVENtTzYxcVljQ2RKcTM5YjhQOTVkY3VqdkEzRHlPdWNpdkxjY3NVSWhDbFpFYXhPeld5ckdlTnc4ZC05S3A1aUJ1ck5XMlpscXJWVURsUXlRQ3NqT3lIT1A3WHFhdXJub2ZBSXhSWG5hTlJNZlE3Zks2X2ozSWVNM2hjUGxWcC1yek5xOWhRVlh0R0JOS1lZ?oc=5,Teknosa,2026-10-07T08:14:54.784617+00:00
2026-10-01T11:55:06+00:00,Bankacılık,"Bankacılık sektörünün kredi hacmi 28,4 trilyon liraya yükseldi",Türkiye İş Dünyası Haberleri,https://news.google.com/rss/articles/CBMiogFBVV95cUxNU2R6SkJxeGJZTkNmeVpodHBIQ1JxS1NOQUs0OVhUYXppVUJoQmxKOFFRZ0tRMGFaZUtnU1BtZlMzMG1hM1p3YWdhM0swai16aWtDeUhLd0x1bElsLVFUSjhEZ1pyb2g5QzMwM3JCS0o0LVhXeFFCc3dZbnRZU3FnMGZoTkVranV1VjJkbFo2aFFEdUZyVUx2SjNxTmVWWGt0NWc?oc=5,bankacılık sektörü,2026-10-07T08:14:54.784617+00:00
2026-10-01T11:50:10+00:00,Kartlar & Ödeme,"KienlongBank, iki adet üst düzey kredi kartı piyasaya sürüyor: Öncü ayrıcalıklar - pratik ihtiyaçları karşılıyor.",Vietnam.vn,https://news.google.com/rss/articles/CBMivwFBVV95cUxObjNNbWFqWEs4bUpRcUUyNHMyR0pvN21XdjRDcjZScUJCMkJLRi12WW5QTmhRMkJrUkdEOVkza205dmZOX1BLeG1USWM3aS1TUW00VS1IdXhsZVA1MEN0MWl6bEwyRUdfYkMwYXZkczVfS3ZQeHhxdEVmMWd3MmdteF9idkl0MHZ4ZmE1X0lnRmpCU2dnZ25Rc0FuZ3lIb092QXR5Ym1PRWF4YzZPNFV1bTVDME1adkliTU5ueUZDZw?oc=5,kredi kartı,2026-10-07T08:14:54.784617+00:00
2026-10-01T11:46:00+00:00,Kartlar & Ödeme,Kredi kartı kullanıcıları dikkat: Sakın kullanmayın! Varsa hemen değiştirin,Haber 7,https://news.google.com/rss/articles/CBMitwFBVV95cUxNS2NMbHNIZmRvUnUtVU51TlpvY29fYnQzNndUb0ZySHdRcjdjd2pTbHNUdVdwX0xBZDVhRldySGZfbWk5M0czcktGQmtydjRYQlhfRy1UdGtSLTNuMkVvOTBYQ1U2N2IwdURYNkx1TF8wYUVBWTBMVG92eHJvZGpSWnNwa0NTOVRTSlY0OUNNZDV4cHI5XzVFaEktR3RsOG9ObTNtSlExUEVybDRCM01FZEpnYVZ4eGfSAb8BQVVfeXFMUFFuRWdPYmd0QURtZjdEUDU3Y1Ewdi1VMlVCM2I4Z1UzZGZDeFY4OXhVOUtKWHpZT2puNkw5aGdkcDBCYzhnZmk1MlpsR0F2bVBvY0J3eFdhTXZ6Y1hTbnU4d3ppZWxQWWdxNUd5bDk5TUVKb1RZdGYzNVdlTlhvbGlGM3dCV2tCamJQXzRjQ2tsOUpJM2Y3MFpaRU9RRW9LTkFiZWxtaWJRMVRaNUVwcC1ieUxLeHBUcEp3ZGVKTXM?oc=5,kredi kartı,2026-10-07T08:14:54.784617+00:00
2026-10-01T11:40:07+00:00,Kartlar & Ödeme,Kredi kartı kullananlara şifre uyarısı! 4 milyon şifre incelendi en çok deşifre olanlar belli oldu,Yeni Şafak,https://news.google.com/rss/articles/CBMi3wFBVV95cUxPdU5VZDdDNWQ5YnRncHZMcG84T211Q0xqd0h6MzYxRGRTSFhJUWJlN1I3YzdrYWxzTXZDVTZkMkdHXzJxeVdmekV0M3dVZ3NmZ1E3Q081d3gtX0w2U1I1TWRMTW1FQ3BSaDBSX1NSY09od3JQemxQV1J6WEViTmJ1dU15OEpGeXZISmdqS2NEV2tvQTJoeHp6ZG5nX24wdVUzanpyQll6UzljWjhTbDRnX0ZuNzFNUUlOVTFQX3Uwa3ZYQzhhNEI0ZDdheGZMMURCUHFTTHEzWU9lellGSmE0?oc=5,kredi kartı,2026-10-07T08:14:54.784617+00:00
2026-10-01T11:36:08+00:00,Bankacılık,Mevduat Haberleri,Bloomberght,https://news.google.com/rss/articles/CBMiWEFVX3lxTE1IY0FUVm1ZanVHUnpkSDU0Zk9XSHBSanNjb2djZUNVcFpCM0pYZlA4aTlGdzV6WE1nbVpPTlBmU2xDRy1WamkyZWpCNXBFZEN2V0dBVlc5QzM?oc=5,mevduat faizi,2026-10-07T08:14:54.784617+00:00
2026-10-01T11:23:47+00:00,Bankacılık,Bankacılık sektöründe mevduat yükseldi,ekotürk,https://news.google.com/rss/articles/CBMihwFBVV95cUxPSVkwcXRWWWpmR0JMSGFVOS1taWMtdjdGN3hVU0lSVVhacE41enBpVzUxSEtkc3RsTjNXUVY2N0RwVlVEUEdjVGRRcmVFX2d0QVlIUlJsNzFya2RlSXFrSDBBRk9sbnAxX2NOQzJkSHlzVkdqRmdKTlh3eC10ZkpDZ3hIRWE4Z2M?oc=5,bankacılık sektörü,2026-10-07T08:14:54.784617+00:00
2026-10-01T11:21:01+00:00,E-ticaret,"Yerli girişim Narron'dan AI raporu: Yapay zeka, Türkiye'de hangi e-ticaret markalarını öneriyor?",egirişim,https://news.google.com/rss/articles/CBMiwgFBVV95cUxQTVNVSzZXaTYxV202bzJpd210ZklsOTlYdEZuMHVCQldWUXJ1b0FlUmtjZHp3NjM0V29jTElCTWN3b1VGUTBock5CQ3hXWURacG9JTUNneUlQZ3ViLUp1YmdneVlWSHFtZzFYS1hEWTY5cUJ1bnRhNWU4Q0hWcXkxeF9MSTM3QzBKU0dsa20zOHg3UU5OQ3o5Q2tVOVFfNmEwY1A0eEpUVUoxWENVcnhORFpwcDFIVHpXOW8wN3czVXAtUQ?oc=5,e-ticaret,2026-10-07T08:14:54.784617+00:00
2026-10-01T11:05:10+00:00,Bankacılık,Bankacılık sektörü kredi hacmi geçen hafta yükseldi,Foreks.com,https://news.google.com/rss/articles/CBMizAFBVV95cUxOLVpsMjB3MFBmanVOMWYySm0zWlduekMzSExLdW5CTkV1MjNOanlDckttVVNKWWRnYklIS0xYWnRIQzhHWlZKX3dpZWFCZlVQVnl5SzktMU9GUUVLOXI0MWt5LUxFNkpkTEMwLWE2WkdYZC1yTFNDZlhmMmlmUFlEdTA3b3hIWU9JNE5EdTYtR3FMTGNmbmFQZnByNTVuYUpPVURoMXEyMDJLUDJocDhZTFFsUm8wV3JrTWxHdlVUNG9lR2QtaC00VkdJT3E?oc=5,bankacılık sektörü,2026-10-07T08:14:54.784617+00:00
2026-10-01T11:00:11+00:00,Rakipler,MediaMarkt Türkiye’den iPhone Duo ve Galaxy Z Fold 8 Kiralama Seçeneği,Donanım Günlüğü,https://news.google.com/rss/articles/CBMifkFVX3lxTFBHVHVEUXFTRzlmZXBCY0tFUTd2YXVyOXF1SThEWnVUNnQ5bXZsQ1dzMXlzbTBzWnpCNXVIbmhOTVM2aUZ4U19fdUoxd1BRUXVUTlpaVXhndGFfS0RNQUJFWGNxY0VGWlFsZFFnWi1yYmI1UzBCUWNJenRHVXZYdw?oc=5,MediaMarkt Türkiye,2026-10-07T08:14:54.784617+00:00
2026-10-01T10:37:59+00:00,Kartlar & Ödeme,"Son La, Dijital Dönüşüm Modelini belediye düzeyinde uyguluyor.",Vietnam.vn,https://news.google.com/rss/articles/CBMifEFVX3lxTE52Z0hlYmh2LVNSVXpxZUYwMXZOdTl0Mno3MS1PSmlRTjJvRVp2dDdWYktqemdyZlR0aTg3djJUYmdfWUpiSU1LUWtqN1RwSHVkcnBibUY4b2VORWctVFM2QnRvVFMyUldsOEpkamhoTHNaZE81NVhBZVNlTlk?oc=5,dijital ödeme,2026-10-07T08:14:54.784617+00:00
2026-10-01T10:18:14+00:00,Kredi & Faiz,Küresel piyasalarda savaş ve borç baskısı. ABD tahvil faizi 24 yılın zirvesinde,NTV Haber,https://news.google.com/rss/articles/CBMivwFBVV95cUxOckpzekFuNGo0Qk9YbUE1bTlSUFUxY1hNMFFwcXZ4am9FZl9CaVdJMXRjRTVrZWNNWENGVFA2cG5NZFdVWXVmUXk3blFYX2RiaklWcTIyZkhheGRlZ0RPRi1rLTM3TGRwUzRCckRvN1hmSDlTeDd1d2dDZGxmdU1peVJBLVlUWVY5UEl5LU5TXzhncHZQWXlTM0QwZ2pwNFowS0VsTXdwSTdsSmZ6WFhneS1LR1oxUWZQS3I5U3RpONIBxAFBVV95cUxPd0VzVXAxeFpWRnVhYnd2WFk0bUo0OTlMT0xyN1hEdG1fYW5yODlhV3JpZVc0R0JjSWd2ZldiWTVVd0xuYmFDRjVhYnM3ZFQxUVJkdVR3TGJZaXFsTWdQTXIwZkkzTHBwTUJQNUM4OHZRTWdnSkRYSDUxU1doWjNEZWZIa1llOHR6VENwWThQRE0wZEFqUXdrTnI0OHhDejdLeGtMQlp6WmFLVm9IRzNxaXJvM0RQLXdmdXVIZE8tb2NSMWpi?oc=5,kredi faizi,2026-10-07T08:14:54.784617+00:00
2026-10-01T09:51:00+00:00,Kredi & Faiz,İlk Evim konut kredisi başvuruları başladı mı? İlk kez ev alacaklara konut kredisi şartları neler? Konut faizi ne kadar?,Kırşehir Çiğdem,https://news.google.com/rss/articles/CBMi4gFBVV95cUxQOVdEZ0VZOTJXQldDYUNUOWZnQUtmbG5SODJpM0p2RmhkdUFYeWxDUHVlTzZUeHNuY193b1lPTE0tejhudmdaNUYyNC1jZlhoZ0JzaFhwOVVHc01BX01WVFVxOU5JLWlLekpDdlRzZFdJMTh3SGJWdXZIRXlkZ1Azel94dVVpcEtQVFh2RHFQTmhTcEI4MXcyUGhiWmVJTlp1SjFBd1dELUt6UHE0a1lIVkZRRjNiandQUFNtNk9vSEstUFA1TlFqdWJHMnJSakx4dlRVTUhyT29BRDlzb1JxMDln?oc=5,kredi faizi,2026-10-07T08:14:54.784617+00:00
2026-10-01T08:08:20+00:00,E-ticaret,"Vali Gül, İş İnsanı Demet Sabancı Çetindoğan ve Türkan Şoray, KARINCA ve Shopsa'nın E-Ticaret Konferansında Kadınlarla Buluştu",T.C. Fatih Belediyesi,https://news.google.com/rss/articles/CBMikwFBVV95cUxPVGN6d2NTeWxfZnBIWm11bm1YcE1CUzRPLXUxcXo2eGZZSjBlRWp0c3Z6eXlzZTZLQnBreDk1SHl6OXA4UHlVUkRRQXh5a01hZGNOSXZqak1QcjdtUmNmSGY4c0xjTmRMcVloZC0wWk8yT3ljQ2NHNmVZa2JTQTFPYTZ1OTJYV2pnWGxPWU9VTkZvcGM?oc=5,e-ticaret,2026-10-07T08:14:54.784617+00:00
2026-10-01T07:41:00+00:00,E-ticaret,İnternetten alışveriş yapanlar dikkat! O yöntem artık tamamen yasaklandı,Haber Hürriyeti,https://news.google.com/rss/articles/CBMiuAFBVV95cUxOVkNyRUNVOEZFVEY5bElwa2tKdUVCLTA1QjJ3RFYySHBKMlg3ejJ1anVmR3FxY3JDRF94ZWtFUjdfWkdvOGxMTGlhUnI3b3R2U25GM2pienM4VF96Q1VEYU5kXzl6ZkVJc1RfNDdlem5SZlgyZ0pDbkllU0VzaFpKbnpzdFp0a2VaLTdpblpuOFBQRUZyMkpmamxWX3VpaW8xd3ozWUhTRjNqOVpJVUF3LThGMkd4RGl20gG-AUFVX3lxTFA4b2VXTHdXMzRxcEtrLU1MNE9FT2dkaUZZSG1wTEhBMmJXU1BqNkg1LWR0ZUFZXzl3YzJabXRmeFBKMFZPTG1vMGk5V2w3WkJyUjNUVVBtVWQwRDIwSHNaY1hlT2p6UUFyZnF0dU9uMGEzenNtU2ZhUkdDbk5rd0pHZy1leWFJeUZlMV82SHlDZDFyaUVRcW5XbkE3elIwTm9ieGNWUktLQ1VmVXFpMktMX3Q2WEl3UzVUdTNkT3c?oc=5,online alışveriş,2026-10-07T08:14:54.784617+00:00
2026-10-01T07:39:33+00:00,Kartlar & Ödeme,Müze ve ören yerlerinde dijital dönüşüm,DHA | Demirören Haber Ajansı,https://news.google.com/rss/articles/CBMilwFBVV95cUxNWmdEcmJpR0xYUGg4a1NVaDAzSjdBa2hrcjJpQnk1U2txM2JjS0N0WjVjeGdqa3lBczhXQ2tQaV9JdWpwdW1xcmVIZWRLbmhabi1jM1lXVkIyYkN6Y25FaXZSeXVnblFZUk9weXpOVEZVNHRCM1Z2Q1VRWExVQ3lSdVZkRDJURlBpRXdKLVNlVGZDZFFLTzd3?oc=5,dijital ödeme,2026-10-07T08:14:54.784617+00:00
2026-10-01T07:36:33+00:00,Kartlar & Ödeme,216 müze ve ören yerinde dijital sistem kuruluyor,Takvim,https://news.google.com/rss/articles/CBMinwFBVV95cUxPQzRhdXdHUzh0NFhobWFiLXNyYVVvZFlldnItQWJleG5id1EwWjJBY1JwT1BBMHVXeVFnRURrMGhoem01UlRyNDd0ZEZMeExBX0cwRHd6M0NDZXFhR2lVMFlvR0QyZVZ0WnFES0FZRXR2bU5OZlJkNkVtbVIteVJkVFRaSnJBLTVnYWptWEJnMmIwaUt0UXg5bkQ2UmcyWWs?oc=5,dijital ödeme,2026-10-07T08:14:54.784617+00:00
2026-10-01T07:17:57+00:00,Kartlar & Ödeme,Eğitimde Dijital Tahsilat Hacmi Yüzde 97 Arttı,FintekWins,https://news.google.com/rss/articles/CBMif0FVX3lxTE1YZ0wxb1lDMW12X3VzdFQ3cklhYmlUdEhBUzV4X1lZdmtwREhlaXBRVHZrUGlBRXo2ZHVwaTJhVTJrdW51NUFtSTlURkZHU2taQ29rNk04QVdmcGQ5NWVhVUdCdEVhQmdQWE5wOTVXUTJFX3I0WWFld0xOQTNTSzA?oc=5,dijital ödeme,2026-10-07T08:14:54.784617+00:00
2026-10-01T07:10:00+00:00,Bankacılık,BDDK ve SPK’dan finans piyasalarında dikkat çeken kararlar: Ara ödeme yapılacak,DonanımHaber,https://news.google.com/rss/articles/CBMimwFBVV95cUxNQ1MzSVg5VWlBQ2luX1pzQUtzQlNkY3hXTkp1cnN1cjdWOUpNM2cySy1KWV83eFVhMUdQSHRRNHhhNk05aFI1Zmw3YW9qSmNwZjZZQXd2YnhaNnVxX3FldEtmMExTUkVWZmZLdGlRSE8xdFZUSlFOM01YbkdfdXR3cmZxNGxhM0thcFd6cTAzVHUxOUNFYzdhaUFkTQ?oc=5,BDDK,2026-10-07T08:14:54.784617+00:00
2026-10-01T07:00:00+00:00,Bankacılık,BDDK duyurdu | Cep telefonu alacaklar dikkat: Kredi vadesi değişti,Odatv,https://news.google.com/rss/articles/CBMipAFBVV95cUxORU9WZ1Z2RGpoeGFlRVFZdkpQMjNUQktQdVVCVkpxdXBwNl84akJXaVNFUXFNWWVIRXFCLXJyRU1ZdWJzb3hQaXVNdE1wTGVTbE9RakhUM2pBVnBXanJTZGJFWHFpMjkxVFRZSHZpQy1ITmowUFNSR1djQ05HQjhRaTNGSzdfM21tWVpydHIyUUZlLTkwTE1IWHh4V0Rua0ZSUFlFRA?oc=5,BDDK,2026-10-07T08:14:54.784617+00:00
2026-10-01T07:00:00+00:00,E-ticaret,"2026 E-Ticaret Fuarı ""Bölgeleri Birleştirme, Pazarları Genişletme"" Açılış Töreni",Vietnam.vn,https://news.google.com/rss/articles/CBMipAFBVV95cUxQVGluMDF1NlhjU2R6TkVsX204LXVFNk1EY1pTNXJDRUZKc243U3ZsUWtrdTZQM0VpYnlqRklHT3E1QjBuRlI3OFFPMGkzWnMxcnR1VmNScnd1SEdHUW5jMVN5TVFGd3JRNHhGX3V1cnV4WmM5VXF0NHd0azNwX21UbHRWcEFxaG56Y1I4cUlacHRmZmhMZ2dNVm01aFU2U1Iwa3FlaA?oc=5,e-ticaret,2026-10-07T08:14:54.784617+00:00
2026-10-01T07:00:00+00:00,Kartlar & Ödeme,"SIMO'nun ""dijital kalkanı"" sayesinde 5,7 trilyon VND'den fazla para koruma altına alındı.",Vietnam.vn,https://news.google.com/rss/articles/CBMihgFBVV95cUxPajZ3NXNnSTNGWWhNc0RiSlJGdmFaYS1jNTF2RGhaMzBnSmFSSGUwUXlKTDJpMjhvcF9TZ0pmVUwyZEJ0Q1QzeTZyWkl6a1FHZC1hMm5xbU9xamNQTjdQeFNZODFqdlpFYlM2LXJCWW4wWjRnbVExcnBKZFJORllObXNxbk5RUQ?oc=5,dijital ödeme,2026-10-07T08:14:54.784617+00:00
2026-10-01T06:55:12+00:00,Piyasa Göstergeleri,Bloomberg HT Tüketici Güveni 6 ayın en düşük seviyesinde,Bloomberght,https://news.google.com/rss/articles/CBMilwFBVV95cUxQeDV4N3Nid3VlUU5rbWFVMTUyZHJTcVN3WnV6X19uTFNrTXN6NEFTdXpjRWYxNkdSTVBCWHlORnkxdWxOZXhMSkRxeVUyT2ZJclZBamY2RGJvNzdpT3NXVGwweVl5Y01wbnlJLXAwRk9saWw0b0htUEItbnoyWTJUOUhfc1RXYTMtbGZMS3FQRHlJT2MyVXdF?oc=5,tüketici güven endeksi,2026-10-07T08:14:54.784617+00:00
2026-10-01T06:49:44+00:00,Perakende,İlk dokuz ayda Hanoi'nin perakende ve tüketici hizmetleri sektörü yaklaşık 811.000 milyar VND'ye ulaştı.,Vietnam.vn,https://news.google.com/rss/articles/CBMilwFBVV95cUxNUW9HWUhOUHp1M2R6dUJRemZ5TUYzcWFRODg5aHI5ZDFPU2dUeGlzUFVQYWFDb3RoOGF0VEpfdmhFWGN3WXZ1WVl2cXdyenJSUHdQZElvN0t3WHE3NGRSS1dlS2NNUGhmbUwwZ3R4ZG1UcTNSRFhBWTI5aHJYQk1VOEV5eGtHY2toOE5XVzBHRC1KQmNWM3VV?oc=5,perakende sektörü,2026-10-07T08:14:54.784617+00:00
2026-10-01T06:05:00+00:00,Piyasa Göstergeleri,Ekonomik güven endeksi eylülde arttı,Toplumsal Haber,https://news.google.com/rss/articles/CBMihAFBVV95cUxOeEp2TkxER1ZmWk1HRFpLWGQyOHhCMTRlMW5GOU9jRDVPcnJoX1lGT0ZoeU1YQUFKYmJhUllHZ2w0YmJZZFpSQ0pCZlRUR3RGRVBIcW1ZMTh3MEV4aTRLREpEeE9maXZ3Q2N1OTQzLXNnT25qNW53RlBlbWpqWVR5M0RaUk8?oc=5,tüketici güven endeksi,2026-10-07T08:14:54.784617+00:00
2026-10-01T05:59:30+00:00,Piyasa Göstergeleri,"ENFLASYON ORANLARI EYLÜL AYI RAKAMLARI! TÜİK enflasyon ne zaman, saat kaçta açıklanacak? Enflasyon rakamları için kritik takvim",Yeni Şafak,https://news.google.com/rss/articles/CBMigAJBVV95cUxPWVpIR2tOUTl0U0MyUVNySmJkREZkYVM4eHpnbk1BZjg2NE5WT2tWUVRFU1R5UVhBc0VYSXliY1ZJNkd4Qkp3amZ1NnROYXFSVEtJZFViSTMxdUsyTFZuWHdPRE1FU1J1UGNSZ18ya3NFQ0ItaUdqTWJSeEkxV1k5ZDY1TTF0RXJNT0hUSkRzYkpldU5UVFl0NVR3ZHVfc0w2ZXhKN2gyS2tVUmx1T1NxRFZYODBjUmNQZDJLWG9BcTZMYWRmcEZmSi1mWnFtWmQ4dHB1N3Yza0NRc3ljeWxDOU1fT3BtcVozU2VFME45Vmx3RERtTlB4bTJBOGU2NVZW?oc=5,enflasyon TÜFE,2026-10-07T08:14:54.784617+00:00
2026-10-01T05:50:00+00:00,Bankacılık,Rusya’da mevduat faizi vergisinin bankalarca kesilmesi için tasarı sunuldu,Gazetem Rusyanin Acilis Sayfasi,https://news.google.com/rss/articles/CBMirAFBVV95cUxNSHVhM0c0NEdLQ0JzZVpGVFpaZXRod09CTklHME5feEU2ZWU0aUxQSUN4Mkdab29wYy1VOEJYSlFfbVJVT2xvOE5vblQ1T1VDSUNpWGVtNDhLTDd1aUd6TzdXTWNaNzNVMHJsMXRyc0UtQ2FIVkxHVjBpbWVYVFBrWmJfejJlNjJDNFNIcnBJUlJnSXlORFE4MGhuWHpoUzREcTlXbkVaUHhYQ2Nh?oc=5,mevduat faizi,2026-10-07T08:14:54.784617+00:00
2026-10-01T04:58:59+00:00,Bankacılık,1 Ekim 2026 tarihi itibarıyla banka faiz oranı: 2 trilyon VND tutarındaki mevduatlar için yıllık %10.,Vietnam.vn,https://news.google.com/rss/articles/CBMitgFBVV95cUxNZXhrWmJHLVdhdG9OemNJQTNPdDNVampKNjdVS01BbEZrMVRvWTJnRERjeU5JbWhXNk12R1Y4NUFnWS1EaUhMZzBmMW0tTmtMWUhlSVVmcURzUW9ERFNWVWVmd0FaQnpJSmpKT2VwUENpTkNIUlBrUnc0cnNpd2htcWZqNjlJQTE3TlI0TE1QYmJ4YWFkUWhzN2V6S1AyU2E5dFVpbEJpeW9SY0ZfQVR2WFFhYnlKZw?oc=5,mevduat faizi,2026-10-07T08:14:54.784617+00:00
2026-10-01T03:56:00+00:00,Kartlar & Ödeme,Akaryakıta taksit taksit zam,Doğruhaber,https://news.google.com/rss/articles/CBMiZEFVX3lxTFBteHRTU2YzWEFqcnZjb05WYzNqODloTlBBM2dwYUpUVnhsQUdLLTF3UTdIanNsODVJaXNwMGVrMGh2WnI3ZG95cVFLbkFxVWM5ckVHREF4VzRIYlQ4T24yWnF6bzA?oc=5,taksit,2026-10-07T08:14:54.784617+00:00
2026-09-30T23:37:37+00:00,Bankacılık,"Sermaye artırmak için yarışın, her ne pahasına olursa olsun yüksek faiz oranları elde etme yarışına girmeyin.",Vietnam.vn,https://news.google.com/rss/articles/CBMijwFBVV95cUxNRC14TXlyRjFMN3NNREZfOFlIaUtULVh2TDBMRC1sOG1MMzFmZVNDOUFIRHFGX1ZvVmQwb3ZMT0JLakZoc3pHLTRxT1p3SlNNcXZNdGJmeXZPdWYwOGFKb3FIS3B3S2lSc3FxWXlVcUZ6Y2VXR0c0TFBGSzh4V2Y5cUhvZmdPdHlKNTkyeHYyZw?oc=5,mevduat faizi,2026-10-07T08:14:54.784617+00:00
2026-09-30T21:18:21+00:00,Kredi & Faiz,"MERKEZ BANKASI FAİZ KARARI 2026 EKİM | Merkez Bankası faiz kararı ne zaman açıklanacak, faiz beklentisi nedir? İşte Ekim ayı Merkez Bankası PPK Toplantı tarihi!",Bigpara,https://news.google.com/rss/articles/CBMimgJBVV95cUxNZVk5dzJOTFRPOFNJY1R2cy0tZWZhTlE0YzIxbW1iVXQ3Z1o1czRlLTBTa2c0aVhZUmlITmZLbHRTZlFBRXQ2aWhzUk44d2JJSG52dXljM2NyNDQzZS1sa1lCSVpkZEx0Tl9aRzJWNzJtdVk2ZUFONTVUOTFaTEZIUmxxbVY1aDBTRmliS2p2OGtEWVNVS2xPUEJTRVhKeEh3XzJGQ2VoV2drcF9pSVFKMFZBcHpxTGpZNXBSaGVHM19pbk5WSi1NQV90d1JGQWZsem1Zd05VUGZVSmlDaHd4OGJoWVlQUUR3N0pxWGpMWXNXNkhkeGFQdnRoUWdGQzQ1RlpMZlJ3aE9ncVFnZ3BqZWYxWS1sNnkzbGc?oc=5,TCMB faiz kararı,2026-10-07T08:14:54.784617+00:00
2026-09-30T18:10:11+00:00,Bankacılık,"BDDK, 3 banka ve 2 faktoring şirketinin yönetimleri TMSF’ye devredildi",Medyascope,https://news.google.com/rss/articles/CBMipAFBVV95cUxQLW1zZTFLSktHV24xczlwbjlpUmctdXlCWkRTYlZPZW1ZWjlHVTJIVnVEQ3hsZWZiQVZTYUpzbnk4Znk1LVZ3c1ZKaFZEakdmZEZkN0JzNUhXcS15TDlhenRZeEZtQmM2VTVBMGpZZXFGaTFfUVdIM2xpdnVZUUMtd0ZCV2lsZXluSnNxb1pGYml0Tm8xa3M3VVFDU3J3S0tUZ1hQcA?oc=5,BDDK,2026-10-07T08:14:54.784617+00:00
2026-09-30T17:59:52+00:00,Bankacılık,"BDDK, 3 banka ve 2 faktoring şirketinin yönetimlerini TMSF'ye devretti",Independent Türkçe,https://news.google.com/rss/articles/CBMiTEFVX3lxTE1jQ2NTQnEyeEFrR0w1RkNkclZlR0ZZbEd5R0dmUWlBSGxCcHBoeVctbUxTYWhRZ0Fpb1ZtVXZvdVJuWmpsYjFwRjVnYVY?oc=5,BDDK,2026-10-07T08:14:54.784617+00:00
2026-09-30T16:48:14+00:00,Bankacılık,Fitch'ten bankacılık sektörü raporu: Türkiye de uyarılan ülkeler arasında,Sigorta Gündem,https://news.google.com/rss/articles/CBMipAFBVV95cUxPN3FjVGpTc2tuSGFFbzMwU0J6UVRjUzJCQVgzVEF3Y0VaanRsbEdobXB1Q0hhOHhud1hDdUtjWlRFZmxPRFdlajhYajlVOWg4czl6eFlxLVVqellrLVhIWXBXeWN0S3RCeGxTMThjUk5qdm01YWNfT3dNYWhwU1lmb1A1aUxVWVRxQk95R3FSR3VyY2JhaGlod1N6S0xicC10amROVQ?oc=5,bankacılık sektörü,2026-10-07T08:14:54.784617+00:00
2026-09-30T16:13:48+00:00,Bankacılık,"BDDK, 3 banka ve 2 faktoring şirketinin yönetimlerini TMSF’ye devretti",Anka Haber,https://news.google.com/rss/articles/CBMiqgFBVV95cUxOdEZTQWlkNlkwT01GaV9CbDBSN2ozcE0zc3poM183OGptZlM4R04xQnJUVUVFYkxzNUp4UVZIa1NFNDhiVF85Z1YyVG1fRVFnU2tReU56NGNfSldERUUwMVhYdmpzZkpiTE1pWm10MzEwb19YdUJKQVlRdG15Sm9jSXJFTnNLT2N4amV0N3phRjJCdjhBaXJaSEVia2tFNldrdW5LRUZyajd1Zw?oc=5,BDDK,2026-10-07T08:14:54.784617+00:00
2026-09-30T16:12:10+00:00,Bankacılık,BDDK’den Üç Yatırım Bankası ve İki Faktoring Şirketinin Ortaklık Haklarına İlişkin Karar,Alomaliye,https://news.google.com/rss/articles/CBMiwwFBVV95cUxNMkJjNE4wRDdjOU44bEMwNHBMcVNySWhfYnhTNHpWQ2F6VjQ1YTlDRUFDV2ZlNlp1WXlXZHpVdE9TMjI4cFZ1NHE4TUFicmxQdGhDeGlCNkhvV3NsVVdVaGxJcmRScEcwd2dpT1c0dUpDS0EwMjg4aXpqZkdwRElxLVU2UGI1X2NJNnNkdnFfaUZXY2NjMDZWdTNMMW90cnE4eXItSTVoWUNHa3gwZE9ybDRwX1g0Q3dRSUhNT2lXLWIxR3fSAcgBQVVfeXFMT2xHSUdjbC1RaTI5YUJ0dkJiOXRVMHRPcHpIRXktU2IyVDVtYU9FVEVieXJBV2xTVzMzUzM3S2RiSjZmaC00bDFiV1psMWN5Y3A5NmZWc2JoaGR2RGR4bTMzUk1TaUlrVWF5M3lwLUdkd3Z1VWFaaS1IM3NBYTFNaENidnVTakhqcW1zZ2dPYWI5Q001anR5OVo4M01oVThSSzhXay1OdFB4WnZYQTQ0ZWhtOURmOFZvMDBOQlM1VFAyTkw5eDgwdmw?oc=5,BDDK,2026-10-07T08:14:54.784617+00:00
2026-09-30T16:06:05+00:00,Bankacılık,"BDDK, 3 banka ve 2 faktoring şirketinin yönetimlerini TMSF'ye devretti",Anadolu Ajansı,https://news.google.com/rss/articles/CBMirgFBVV95cUxPVGMtdndvbVRfOHdYSXRuTzZLRmU4ZXpyRHlNcGJ5QV9iZ2NBUzR2NER3OVczVEVNRS1vUG12MVNxOXEzWnV1TnFGdEdzeXB0NGJWZTduWWprSkw1M1ZOek5GOEFVYzlxbk83S1dtWDd1WXVYNVE2Q1BBUmFsTVctc2pZamJhLXQ2cEhiaUV5UDU2bF8zdGxYTjVBdjhMWDlsNjRrbmFzcVpFTXE1Smc?oc=5,BDDK,2026-10-07T08:14:54.784617+00:00
2026-09-30T14:39:06+00:00,Bankacılık,"Tasarruf hesaplarının vadesi henüz dolmamış olmasına rağmen, mevduat sahipleri neden bu kadar endişeli?",Vietnam.vn,https://news.google.com/rss/articles/CBMinAFBVV95cUxNVVVOanpIdmVsLUVoX3JJTl80YmotbEYwX1pBN2ZNUnNWa0haYjV0MkUybzd6MXVKQkp0UGs1ZklhQnRGWWFyaC1BeUZKeWRRbW84Ny1UZTIza1BGaTVVSUpVVDlpNW1SalBoQTBoZlh3ME8xdkhua29hLW9pVVJuZzczR0g5dkprUXI5dG9IMElDRnMwazhNUnluaEI?oc=5,mevduat faizi,2026-10-07T08:14:54.784617+00:00
2026-09-30T14:24:09+00:00,Kartlar & Ödeme,TÜPRAŞ 2. TAKSİT TEMETTÜ ÖDEME TARİHİ BELLİ OLDU! TÜPRAŞ Temettü Ödemesi Ne Zaman Hesaplara Yatacak? TUPRS Temettü Takvimi,CNN Türk,https://news.google.com/rss/articles/CBMi8AFBVV95cUxPOVBCQ3VoRmQ4a1FyZ2pFZzFWT3lXR1BxMC15QWZCLXhYUkkwTlJtZjhsVXZZSVdyVGVKd1FjbnpSTUNHTS1TYl8xZkg2dm5hZTlHaVRTRnBJYzhIOWZqUHMzRklPMkJvS1E4bUxCSl9jR2Y3U2NIbUl6RzV1Z2lBSTFBczB2RjNDeldCWGUxeHdoX3JUOFNKcmVmYXpBTUkxVmVWelNJZjQ1MmpPaVFRR016bHlRU0RFRV9nZVJEMGZxX2FVbzlHUjAyZ1FGQnZEUEVzdFN2djVLcF96R2c4bjJsVWtzbE5oajh2d0FYSmM?oc=5,taksit,2026-10-07T08:14:54.784617+00:00
2026-09-30T12:30:13+00:00,Kartlar & Ödeme,TÜPRAŞ 2. TAKSİT TEMETTÜ ÖDEME TARİHİ AÇIKLANDI! Tüpraş (TUPRS) 2026 2. taksit ödemesi ne zaman hesaplara yansıyacak?,Uzmanpara,https://news.google.com/rss/articles/CBMi5AFBVV95cUxOMlpCMks3aUxLX1RnQVB5RTZDV3JaOVJ0VXhXYlRldllhdURTOGhsbmlXdHBMUE5PSnVEdHZVTlpxaEt5U2NfLTUxZlFOVzBUNDE4QXg3WVhOMjJwZGs0X2NvWng5RHA4a1U4b3diVU1aMHhvemdOYUdKZUdDblVLWWtOcjdqdjNvV1lBR2ZCU3dPd0FtYnp0czF3d3VNVGhOR0hWbXBuSENER3dKWUwxZGRGOUliVTFqZWFyaFFuaXY4akxCLTlrbWNpZDdNOTlhN0JaLXF3eHFIQ0xHQVRkOG1FMm0?oc=5,taksit,2026-10-07T08:14:54.784617+00:00
2026-09-30T12:21:00+00:00,Kartlar & Ödeme,Milyonlarca kişi aynı şifreyi kullanıyor: En tehlikeli kredi kartı PIN kodları açıklandı,Sözcü,https://news.google.com/rss/articles/CBMivAFBVV95cUxQMm9ZOXNWR1RMcEFybUNDaFRhYWhreU1valE0RERraXE4cUVSLUdJR2YybFotN2pqdWp4UWJLSTRFWXRJSGFnZkpGNFdDR2xxNWJIVG5ZUmlHX2JlYmJxUW15VDFzRFk5dzA3ck1nZ1ZBR2lEOFhSVFFCX2RYN0RkSXBRTy1Qb3dfNEx6QkNzYnRHc0VtWHNJbzdZMFRIVmFXMmVSUk8wSHQzM2dnR25fMUpTeERJSlRpR1V2RQ?oc=5,kredi kartı,2026-10-07T08:14:54.784617+00:00
2026-09-30T12:19:42+00:00,Kartlar & Ödeme,"Mastercard, Vietnam'da dijital ödemeleri teşvik etmek için iş birliğini güçlendiriyor.",Vietnam.vn,https://news.google.com/rss/articles/CBMijgFBVV95cUxQOFhxRHhpQUw5cUhzQm9qdy1yQmctZWdpNnRGTTRuZm40dFdLRHBIV0JpbW43aVZiSmx6d0pnTm9ycVdSQy1SeGt5MENsWkhnbmtVZlZCVnpWaWlCQmpUZnlFaFhpenRtYVlreGIwbU5NbGJoM3o1LUVwRGhpallkRllzb25xMkVPVG1tVjRn?oc=5,dijital ödeme,2026-10-07T08:14:54.784617+00:00
2026-09-30T11:31:28+00:00,Piyasa Göstergeleri,İtalya’da tüketici güveni Eylül’de sert geriledi,Paratic Haber,https://news.google.com/rss/articles/CBMidkFVX3lxTFBOeUowRkhDWFZEX0IySDVNRF8zZ1p0bE5DWU5OZUZDNWlUVnpoaFQ5Z3FqSE5Ra0psWlhxVnVoeE1MTmE3RDFWbnFkWURuV1MxWTdYTWpTOGtTYVRVNm1OSjBUdVZvb3lZMlJIa3REQWJNU2NDN2c?oc=5,tüketici güven endeksi,2026-10-07T08:14:54.784617+00:00
2026-09-30T10:58:00+00:00,E-ticaret,"E-ticaretin hızla büyümesiyle birlikte, tüketicileri korumak zorlu bir sorun olmaya devam ediyor.",Vietnam.vn,https://news.google.com/rss/articles/CBMimwFBVV95cUxQcEI3aDE3OV9XVlR0Y0NLWHc0MWs2QTB2NWppeGpPWVhoT19YMDRJQldhZEZTQWtZdVhTUVFYaUxzXzRyQVljTUhrTG5IWmloY2ZHMGlGbzFrVlJ1WDQxdV8zV25rQkxvbjI3c0dRV0RveUdHSWpnVjdobmtmRmVxeXhVMUdUS1d0SnhNRGZoSkxSR0ZHRjBKSUw5NA?oc=5,e-ticaret,2026-10-07T08:14:54.784617+00:00
2026-09-30T10:54:00+00:00,Kredi & Faiz,Merkez Bankası faiz kararı ne zaman açıklanıyor? MB faiz düşürecek mi?,Dünya Gazetesi,https://news.google.com/rss/articles/CBMisgFBVV95cUxNdU40VTFJaC1vR3lfbGx4UDM2VG0tb2ZEblNxelE0ZlozRGFOZ3dBbXpIcEpMSWpEMDFvV044OFdKdHVzQWxyMDFONkVGbzMyektnOGRWZEFJVkRsQkR1LXpIOWNWeFF2WlczdXZRWVkweUVnbEJ6STNETlBSbUVqT3RSZVZaaFlyNXY0UVZuMGdIT05HcllPbmVFWWF1bWVQOElXNV94VF9ZUVdXNnhyaUZn?oc=5,TCMB faiz kararı,2026-10-07T08:14:54.784617+00:00
2026-09-30T10:51:00+00:00,Kartlar & Ödeme,Afyon’da yapılandırma borcu olanlar dikkat: 40. taksit için son gün bugün,Afyon Postası,https://news.google.com/rss/articles/CBMipAFBVV95cUxQM1lsZUF4Q3ZuMkZhY1BabzBPeVJSb2trVGxWYlp2T05qcERQUGdGTHRYWkpVMHJrZzVPLXE4QjQ2U21FSFRfQUZsbUh4Q1l5UUt2XzczX0Y2UG9WYi1mVzQxOXB5cmVwU2F6QzBxMzFjU2lLZm5pVS1FaWNnNVZ2aWpsUjdKTG1jVmx2TU5BMTFuaThoelgzT0JHZXVNWUh0cndHNg?oc=5,taksit,2026-10-07T08:14:54.784617+00:00
2026-09-30T10:35:00+00:00,Perakende,"Ünlü zincir market, mağazalarını kapatıyor",Haber Hürriyeti,https://news.google.com/rss/articles/CBMikAFBVV95cUxOdEZJRFpic0FVMlNOWlhkMG5EQUM4R1p5UlI2T3VLdUVTLXNVdTJ3ak9WZnh4QUFMcGxpVHJSZ0FWa1dOSFF1S096OVEzM0VoMWsxWldmNTJlQnl3V3hPcHltRVRnQnBvckljSDZyVm9ESHRyelpjU2luRlFxX1lWa0xzUTlNY3Z6dTVrcnE3MlnSAZYBQVVfeXFMT2xsejlLeVNpdWQzS0RjdDdwYk03WnZIYTd5T3dxR2dFa2JfTzhtQ0ZodUJNV2VOSnNwVnRNR2IxdWl0eWRUYktKaXc5MTNkOTQxdHBNQXBOWmpEMk5abE00NXpKby0zVjFXcGNIU3h4aWw3ZHZRRUQyMnBEWE9nSEQxTjRHWGNPaU9Bbjg1VEpzQnNDUlNB?oc=5,zincir market,2026-10-07T08:14:54.784617+00:00
2026-09-30T10:33:00+00:00,Perakende,"Yunanistan'da perakende satışlar temmuzda yıllık %5,2 arttı",Ekonomim,https://news.google.com/rss/articles/CBMisAFBVV95cUxQdkdQZWl2dUF4QW1YWXppbmtuVEw5ejR5RlNGWllGNFM4cUJTU3pjTjJOaUN3aXJsRmRNcmZMWUJtNnh6alFrTFFoMVQ0bnhJdkkwN09HWnNkSXc1enBrRXU5V3o4YjdGYnhEdEFDYk95OUhqWFJfWGlTQzlXZHVKWGN3NnBaMGE4bXZxclotX01wMHg2c1p2OHNja0JjSmZYVHdhSDZibGtHTHhNQVJzUNIBtgFBVV95cUxPUXQxZGRUbzdfUXd4elppX2x5UXpqY3NiQ19fZlBSZVJ4c3ZZSVBjRW1GcVhLM3B4blpDaXc2cnhIZFFyY1pjejJuTDJzMVh1ZXJQSDd6c3NyR1JqRWJvU1pPVEN3UFpNVFRXNmNPNFhrWlpSeTNxbGdhQ1RvNzQ0RVNlRUJmb09QcUFGZGFrWjNjUXdfc0M0YTRZTTdfbVJwZG9oOHFoUFFYX19JMmY4cTlDMlFVZw?oc=5,perakende satışlar,2026-10-07T08:14:54.784617+00:00
2026-09-30T10:28:40+00:00,E-ticaret,AB Gümrüklerinde Yeni E-Ticaret Dönemi,Loji Port,https://news.google.com/rss/articles/CBMigAFBVV95cUxNb2x5YnRndjdLSTc0eTFoUXFVTW5ZVVM0ak9ScmR0RHlZeGNtVE1WUVhBbjZJNEJNelYxWnpMTXFEMTF6d0t1SzM3TEtiLW56dy1pUXpZT2xMYmRScUo0U0tNQ1d1NXFDT0libGUxbXBKTW1aeUdOcjVpNk1qMHI5SdIBkAFBVV95cUxQQXlmQ3JCU2I0WmFfREN6c2JNRE53MFJqeUh3RHQ2Qi01RWFfT3NLaExLeEdDQmpfTjNIRlcxT3pLb3o5MC1Ha2R4RmxCWlZsTVVKeDVwMHdDUmxBUWdOazlhZk1lUXZ0aGtudEsxb1hSLVdtN0trWDgyY2F3STk5Qk1mdGdNYnB1X290V2xnNkc?oc=5,e-ticaret,2026-10-07T08:14:54.784617+00:00
2026-09-30T10:22:46+00:00,Perakende,İrlanda’da perakende satışlar Ağustos’ta arttı,Investing.com Türkiye,https://news.google.com/rss/articles/CBMinwFBVV95cUxQdUJ4VTNVa2tocWZTYkNlRVVVMXVodHVTdTVQeFV3NDRKQVlUUzItRVhNMHZkNTBtdmdfQkVadkh0VVd6MXhlRS1zRm00WlF5ekJ1QVF2dUdmVVZTbTFNQkxZTFJVNWtzR29WMktwR0RJYldLcFNqZ2ZlUWdVbzllOW5JT3ZMR2FweVFPc1VUWmFVc3BqcE8wZHVvaWNmaTQ?oc=5,perakende satışlar,2026-10-07T08:14:54.784617+00:00
2026-09-30T09:27:22+00:00,Piyasa Göstergeleri,İtalya tüketici güveni beklentilerin altında kaldı,ekotürk,https://news.google.com/rss/articles/CBMilwFBVV95cUxNay1ZMVBraGV6UjhuMGxIbVdfTVktOExQNHZnNC1LSUZNYjNabTZyaEtBM0o0bWVDaV9ZMUtSdGpDcXhSTXlwNkNSZ3BacU1UMWFfNDRGNTQ1OWpILWtFY2FGck5MbF9VVlVoc01jdzBKZzlfaFRsN3J4bmZOQ2pIRTZPd2FKV3NlUTdEWEJrakp4WnUyZGtv?oc=5,tüketici güven endeksi,2026-10-07T08:14:54.784617+00:00
2026-09-30T09:09:24+00:00,E-ticaret,Posta hizmetlerini e-ticaret ve dijital ekonomiyi destekleyen temel bir altyapı haline getirmek.,Vietnam.vn,https://news.google.com/rss/articles/CBMisAFBVV95cUxOSUhRT2llOGlVUnhpOUJORzhRQjJhc1dtcV9iOVFMY0JONE5jWENRUmpFQ0NVdHJENWdieUtEOTNleWU2S1ctSkVOazNKbk81cDFVRW55eDVKSlpLQ1JMVWVUcGppUHFheGtBTnpENWd1WVNRdVcwR2kxa191TzUyMmpod0ZHaHMwVW81TG5rQkhsZGZNZGU4VUlSWnpsMzVpR3Y1a1VpQlN5SHUtY2dNUQ?oc=5,e-ticaret,2026-10-07T08:14:54.784617+00:00
2026-09-30T09:00:18+00:00,Kartlar & Ödeme,Dijital euro için yapay zeka hazırlığı,Son Dakika,https://news.google.com/rss/articles/CBMilwFBVV95cUxPakNkSWZjWDdBajZwWjFyMTJob2w5dlJyU01yODNLMUJGcm9xaDdfbU1tQlI2YkJtS1ZrbTR3aVJfRlc1Y3ZzM18xcWRELW04NDVTZUFNNDY0b2ZncWxGYWJnVzJSa0FMTm5PVlo1SlplRWVJMnZWa0RQaDJHcHc4MWZkMHdZMlBqRXEwMjFjazY5bnpCYWw40gGMAUFVX3lxTE5ycjJjRkxMX244dFRCR2RjM1N2MlVvWktOVF91N19WS3MxbTNsdFo1MWktbjQyRzNnb2dIaEh0V3RVNUJPTjdlQ1ZTZzFzb2I3VFYtNWtndVFyZEozdW5nR2RqTldvS3ZzNEVfc29SdzJGZWVPTFlHQU1FNFJoVFh1dTB5blJXWTBxNlh5?oc=5,dijital ödeme,2026-10-07T08:14:54.784617+00:00
2026-09-30T08:51:02+00:00,Piyasa Göstergeleri,"İtalya’da tüketici güveni Eylül’de düştü, iş dünyası morali zayıfladı",Investing.com Türkiye,https://news.google.com/rss/articles/CBMixAFBVV95cUxPajhmRnVJR0VIZHk3V0ZnWk9hd3FJb2ZGZTNjYlhiZElpSHoxSmNjVjVsVW9rcTcyaHIzZ05Cb0ZKSnctSnl1cTlUWVFpUjNKTGhCdkJ2d1Z2LWxic094R0JKZllqaTBYdTI4ZmJYNnNZcTlNa2tFaS1aczlxakM0VTJMdTJhWlQ0eWczT3RaUktfRG5hNkJKU0tQbHBzQ3RuWTJMQkpvRlAwZzBOV1JxUFFCSmd1cnRaS2liRmgyRVdGQks3?oc=5,tüketici güven endeksi,2026-10-07T08:14:54.784617+00:00
2026-09-30T08:27:39+00:00,Perakende,"Satın alma gücünün toparlanmasıyla birlikte, Vietnam perakende sektörü yeni bir yarışa giriyor.",Vietnam.vn,https://news.google.com/rss/articles/CBMiggFBVV95cUxPWkRBRFdtbzYwdVY4dVVFajFLRWx1a3Rtd3JzNEN3ZkQxYXNySUFTNUNWTUktcW5XQU41bHRJa0VHX2N3QjJnbkZaeWc4MWtpSFpzQy14bzFCX2d3QjVzNDhwWkhvRlM2TnlnTXNNbFhqalB2NGVwT2ZYTFBRaFRYNjFB?oc=5,perakende sektörü,2026-10-07T08:14:54.784617+00:00
2026-09-30T07:52:07+00:00,Kartlar & Ödeme,Eğitimde dijital tahsilat hızlanıyor... 2026’da işlem hacmi yüzde 97 arttı,RizeninSesi,https://news.google.com/rss/articles/CBMiuAFBVV95cUxNQ2Nkb0IxYlduWlpPWDEwR1dFb3VZWm5TY19mc1YxeHBUWmNwMjhSV1BZb3UxYlVaMTBRV1k0VXFmQ0Ytd1ZXUi1aUjdjMWhTODhKcE4tQUMyN0ZMY3J0c2Y4cWV1Sk94QUNCSEh3dG9DeG03VHJHZXdGVjdjN3J0RUJ6SVpGS2ticmhGSFo4dU0wQWk2dmRvZXlrUkRqTVJ5NXJXRE8yV0t6d1pwNFVaZU1OSWRTTjlL?oc=5,dijital ödeme,2026-10-07T08:14:54.784617+00:00
2026-09-30T07:48:21+00:00,Perakende,Kaspersky perakende ve toptan satış sektörünün siber güvenlik risklerini araştırdı,Anadolu Ajansı,https://news.google.com/rss/articles/CBMizAFBVV95cUxQT3F5OUh0RUUwSjRjeld4eE9ZUjhUQ1dwMDk5WW5wa1ByTmtMS1FidXZ6TDhXRUFFYWJDazdtV3ZzUThrbmFDUnpKR19PN0NTLWFPUV9CZWNiSE9rMGQtMTE2WGp0NDlXeFlobG54blJBOEtqdXVacjlPbm9JVzR0NlBpYUhSTm1EenhGSlV3d01tbHVZVlRtTzhqRDJGY3M0a0dtNTJqNkF2bFYyTHJNaEZkV1pKbXRRWUYzLUJ2eDZ5YW43U0FDX0c3NGg?oc=5,perakende sektörü,2026-10-07T08:14:54.784617+00:00
2026-09-30T07:41:12+00:00,Perakende,"Euro, zayıf Almanya Perakende Satışlar verilerine rağmen Kanada Doları karşısında kazançlarını koruyor",FXStreet,https://news.google.com/rss/articles/CBMi4AFBVV95cUxPQ2M5RVpXQ2JzTjhXUlUzNGdXV1R1V2Y2bHE3THdnSFNVUjJyTzNEZ1ZHWFJHWnY3dUVuTDJiUm5BTThwN3pmejg1WjFNQVpPRExlRThLcl9UZ3lPOWdieDlNRTJNVVFKa1ZnRUhwakx3Q2lVcWRIQUpoWjd1S2ZhbllmVkxZRFpYc29udHVKQ0QzdkJlcFVFWjE1X2FNZ1FuR0hYbzVvcmZ0andQZmZ6LUpVQnZndzZhNU5TUVBsS19BQUU5eDVQbm8wVVlhdnRtZWV4dmE3eXhfcW9ZX0xGZdIB5gFBVV95cUxPak44bTA2RUNVbGYwbUpZYmhtT3c4cnM1Zy12am1sLUFVSTVyb2tEczVpVVdQSDJKMG5weEI2akxlbzVreUtZbzJ4YVJWOVZtVjJtUVpZV1ZFQ0VrcTlOQVFGRVduYkt6U1RpTFdvbjNUTDhGdzhEUUd2eThoUDJtME5Ld1c3VGtlUS1TUE9CSXJfbnJLYnFuRU9qd05XcndXeUlDeEVvYjJzenZSNzgzNlBQWGZVdTNkRUxIN24tcWZJeV9uVUFBeTdNcGNSSnBQb3BxbURybXRacEd1QWdtV205U3lZdw?oc=5,perakende satışlar,2026-10-07T08:14:54.784617+00:00
2026-09-30T07:40:30+00:00,Kartlar & Ödeme,Kredi kartı olan milyonlar bu tuzağa düşüyor! Meğer borç hiç bitmiyormuş,Halk TV,https://news.google.com/rss/articles/CBMirwFBVV95cUxNYUh0enN2NTdTcmlhR1ZlcEJvYnhWSW05c1plaXpYVFFlbVpkQnJ5bFo3V0pld0Y2b2dyQlJabFF5Tm91UklMNm5tTjBjWHBtTG15b1V2Tjd3Tkg1aUJCT0JUZC1weWJKUVp3NEY3SlNyakdWeG1YMUhSNlA4MGFkemd0SEpxMUEyb0pxenQ1MFFxYzRZQkVEQWRqSTU4cGhaWExEZVF2ajNYdGxVSTBJ?oc=5,kredi kartı,2026-10-07T08:14:54.784617+00:00
2026-09-30T06:42:42+00:00,Bankacılık,Mevduatta 500 bin TL hesabı: 32 gün sonunda kaç TL kazanılıyor?,CNN Türk Finans,https://news.google.com/rss/articles/CBMi5gFBVV95cUxQa0lEbGFzU1BBdENaUUZsTTRLdFhlLURGQ1BkTUxPTW1nNkQ1UUx0Q3ZLV0pITjQzTTBsUzVuZGcybGZoaGZ3ekRnYWpsZzQ4anZYTk9nMWZ6Q3RzQXB6MzhiWFJsbHNUY2dEdVZpakdtOFRuZldSN3ZHQml5ZFdqeFU2ZUdkM3QzVExoSXp1dU5VczJpS3g4WE9UNUh5bWJhRUNWNXB4cU1IU0J3NmZRNS16ektBODBuWlZ6Znh6Mm54QW1feXdyUnJzanJ2bEt5YTcwUnNZNUl0VEZrVVBFQk1aY09FQQ?oc=5,mevduat faizi,2026-10-07T08:14:54.784617+00:00
2026-09-30T06:24:08+00:00,Kredi & Faiz,"Vanguard’dan Fransa uyarısı: Kredi kalitesi bozuluyor, borçlanma maliyetleri tırmanıyor",Para Analiz,https://news.google.com/rss/articles/CBMitwFBVV95cUxNMS1Mci1XVnBBT1hvc18zbXAwa2YzN043YVRQcW5JZ2MtQzRLUFRic2Z3U3RPRmpCeXNoZFhGYnpiRmwyM0RjNE5FVUlZV0xiRlk3c0tmZTYxNlB0TWc3VHVtcnplNWNXSjVpNTNBLVlKRlltSjgzakV2a0tKeFh6U2NJMW9lTFQtX3BSWkx1WHJKd2ZvOVUtSkRfSUx6Z1VmdGt5X0xNVDRwOURUa0FLYVdpaVRrRkU?oc=5,kredi faizi,2026-10-07T08:14:54.784617+00:00
2026-09-30T05:46:51+00:00,Kartlar & Ödeme,"Vietcombank, perakende ve turizm sektörlerine kolaylık sağlamak amacıyla sınır ötesi QR ödemelerini teşvik ediyor.",Vietnam.vn,https://news.google.com/rss/articles/CBMitgFBVV95cUxOa2h5SnZ3dkRqTEZJLWtkWXpxTmZZRXB0SWpvTHpOem11cklqOERUQlloQm5kaEIwdlRsUm1UU21mdENoTFQ3c05IdktSQjZBdzlWMnZWRXA5MUVzaS1KeVdVOWNaUm9hc1F4empudENnWHM5bTlpclBqVi1CSnRyd1JzREJlVmxSMl8xYkVSUnAyOFdQUldjR1F1NlA1V01faE9tTnF6ZFh2cWJDZnJPRnF5NUtmQQ?oc=5,dijital ödeme,2026-10-07T08:14:54.784617+00:00
2026-09-30T05:23:00+00:00,Kartlar & Ödeme,Kredi kartı borcunun asgarisini ödeyen herkesi ilgilendiriyor,Sözcü,https://news.google.com/rss/articles/CBMimgFBVV95cUxQNlp4eEJ6ekJMckRNWXdMN0ZLN1dyYU5mdk13QlBMZWJ4N0ppMjdFQzZNa0JKVlpaVnVJcER2dzZWVGQ4eG9ic2lLYXlPWG1ZSnV2LVdzc1BFbDRPZVBpSUNabmdwTnlSSHlUc3JFVFNSZzRXT1B3ZVdDdUlyOFFpbFcwOXV3UUFJNE0zaVdtYVhwUFJ2U3piUzJ3?oc=5,kredi kartı,2026-10-07T08:14:54.784617+00:00
2026-09-30T04:42:25+00:00,Kartlar & Ödeme,"Mastercard Başkan Yardımcısı, dijital ödemelerin geliştirilmesi konusunu görüşmek üzere Vietnam'ı ziyaret etti.",Vietnam.vn,https://news.google.com/rss/articles/CBMinwFBVV95cUxQSjFXbGN6RWE2ekg2Wkk5X3VaNlVTLXJVdVZwU0txZElJUkVGb2pTdmdZa0lmcWhmSHFjdjh2Q2pzSl9vLXhic0FiZ1FjS181b0xSUnB5bS1kUzFZeDVzd2JkQkFIUkNGZzFSTkdhazRfVWFmd0kwcERSVW9ZR2t3WUcyVFd6UjQ3Rm1CN0JWYnRUZUZMcTY5eTBpWXdmR3M?oc=5,dijital ödeme,2026-10-07T08:14:54.784617+00:00
2026-09-30T04:06:34+00:00,Bankacılık,"30 Eylül 2026'daki banka faiz oranları: Büyük 4 bankasının vadeli mevduat hesapları yıllık %7,5'e ulaşarak zirve yapıyor.",Vietnam.vn,https://news.google.com/rss/articles/CBMiswFBVV95cUxQcDU1T0JDMjR2dlFBaHpjeGVpcHRkZTBQT0YyMmhEenR2T3JTV0VlNmw4MXFVTmZSd3M2R0VMMEtwTUg0cVhOaTZnNXR5LVdSTzFySUxnbTBxLVExUW5nbDI5WWlQMlliUmphLVFsOExWXzVyS1V1SFo0RVZMcHZLY3NqN29PVHlkV3JNM0JSbjlnTjdyejkyY1RoTFBjeHkxU3JYZ29QejF4ZFBFWU1MZm5NSQ?oc=5,mevduat faizi,2026-10-07T08:14:54.784617+00:00
2026-09-30T04:01:03+00:00,Piyasa Göstergeleri,Ekonomik güven 39 ayın zirvesinde,Bigpara,https://news.google.com/rss/articles/CBMiqAFBVV95cUxQTmtoVlcyQ3VwbkFkQXFpUjVsY21vajVIOVl3c0FmRkFYM1JQLUZub0xGbDRBSWRseEdFVHVDRmZKR3FiRHp0UXpNaHlWNmwtQWVCelU2RXhOcWpQcWN6di1mNjE2WjlZc0o5eE9KUHhxdWNTRENtMWdydU8tQjhBRE1ZX21iazFrNWhLY1NWNTc4WjhWeXhiRnRIeGp6Y1Fzdy1xbXc1ZUc?oc=5,tüketici güven endeksi,2026-10-07T08:14:54.784617+00:00
2026-09-30T03:23:57+00:00,Kartlar & Ödeme,"Mastercard, gelişen bir dijital ödeme ekosistemi oluşturmaya kendini adamıştır.",Vietnam.vn,https://news.google.com/rss/articles/CBMipAFBVV95cUxPYzFDUEs0M3hhejdMSlpHZV9OSDNOQ2FaQmpwYmNDSmlybGY3a1hibE9YNmNkZVl6Wi1DZF92Qk9YTUkyaDFETS1LV1lSMTFIbFhzcHpmY2dfZzlIRV9PWG5sVXlyUDhwUVFndXhwTjQwSjdRb0l5Z0JDbVEwSXB0SE5PS1c3YVhoTHBpNG5BdTNzNE5SR1YzZTZnMnRnTFBqTHlvdg?oc=5,dijital ödeme,2026-10-07T08:14:54.784617+00:00
2026-09-30T01:31:51+00:00,E-ticaret,"Çevrimiçi alışveriş yaparken kargo şirketini seçebilirsiniz, ancak ekranda hangi kargo şirketlerinin görüneceğine kim karar veriyor?",Vietnam.vn,https://news.google.com/rss/articles/CBMivgFBVV95cUxOeFJCQTJiUnRkVXdTUXdsamNLNzZJTW5xY3BwcWZjTW1XVHh0X0Ziall0UFRfUnVxQ3g0bGRRaS1UOHcycmRVZmozS0dja3ZTMS10ODFTUUFyNzJ3cTJCdUtlVHRlTVYtR0xMcDRzdmR2ZkxaMTZUTm9lSjRmVTZqR2RsekI0NjA3b3oyUUJjSXc3OTRhdk5jVWg3LVREZDlIbGE3MHZVNnY3V2k4RU1IU2tBbk5zZHNmRkpYNDhR?oc=5,online alışveriş,2026-10-07T08:14:54.784617+00:00
2026-09-30T00:34:37+00:00,Perakende,"Euro, Lagarde'ın güvercin eğilimi ve Almanya Perakende Satışlar verisinin odağa alınmasıyla 1,1350'nin altına geriliyor",FXStreet,https://news.google.com/rss/articles/CBMi9AFBVV95cUxPbGZkOW9WbzE3Sy12c0JxQURuSHh1QWZrWmdlTmU5NTZ6OFZfQjctbmQtdGNmY3ZMdndodEtXaFZjRF9rQ056aU4wcW0zdFRkWUF0bjZwZTFOUXlvQWlMVEIyYXE4elh1ZW94M1lrMDFldmdQS2k1WjVXR2pVN3hoZEZBS2NxYjZhTXAtX0gtVVJrMzBhMlcxTHo1ZlBIT1ZON0lxazZYXzlVUzZhNmxIbnhOV0tTTjRQSnRjMU5VNy02MHhVU19GaUdfT0g4Q1IyTUJ6QjF6WDZnVFZEVFJxZzNibnVSZjdDdnJ4U3BzU0RXSWow0gH6AUFVX3lxTFBpcVZxN1pjOEt6UVgtQVpMU3pQSDBYWTRLbWJyc1czZ2lSbl9xa1M0UnJGTXB6YmhOMlRSRy1JSm1qam9HQVV5UEpPSzZLVVN2QzFaQVZaVFVjbXBtYmlCVGs4eWxjTEUwNDFnMGhraTRMR2ZhakNKZUlSVTZTczc3aUdBRmt1U1g0MEpZV0sxNEhFSU9weXVmNVNEMGg2Ymt5UFZXQS1Xb0ZWb0RadkF3QkRNUVowdEFEOVp2aW1vZ2J6TEp3aEJuaTVJclZIYmVNUHVzVXBiNXh4dkpWZnlMRHhodEhESmFrUEJULWljeGRJcEpLZEhuTmc?oc=5,perakende satışlar,2026-10-07T08:14:54.784617+00:00
2026-09-29T21:46:45+00:00,E-ticaret,Kuryeler tüketiciler adına market alışverişi yapıyor ve bu durum Vietnam ürünlerinin e-ticaret platformlarında satılmasını zorunlu kılıyor.,Vietnam.vn,https://news.google.com/rss/articles/CBMimgFBVV95cUxNc2NUU0F5SkN0blg5OFc2YjJGQXU3Sk1mRmJBTG5lazktZHdOUXVpY0NiVUhqa1BkLUZNWm5KVktpSUNYMExicldybnVIX25ucHphRWJJbjVibWVKWEtIc0llRjZ1OGZtaXVHMG5KbXo0Z2dxM3ZkbkQ4RUg5bG5DajEzcjNQMGktMHdlWWhVXzZHa1lwdmpNRHl3?oc=5,e-ticaret,2026-10-07T08:14:54.784617+00:00
2026-09-29T17:08:00+00:00,E-ticaret,Shopify AI ajanlarının alışverişi tamamlamasına izin veriyor,CHIP Online,https://news.google.com/rss/articles/CBMipgFBVV95cUxNakVENk5fVUJIWm1uWUF4R0tjNWlyQkFLdm1kS0hHRklSblBvazVxYlozSHJVTVpwV1I2OEctZDZVWXB6dUltZ1BDR0tMQTYzQjNJVjBYZHJoRlViQ2ttelgtamhndm1MdjNVc2tBeDAyWDNJQmFacjdRTjFSSHhXdFFDM1lPenpXcnFaWWdDalN3Tjc0Q1JqaW1VMUxFaWdOaTNhblFB?oc=5,online alışveriş,2026-10-07T08:14:54.784617+00:00
2026-09-29T17:03:00+00:00,Rakipler,KAP *** TEKNOSA İÇ VE DIŞ TİCARET A.Ş. *** TKNSA *** Yönetim Kurulu Komiteleri,Yeni Şafak,https://news.google.com/rss/articles/CBMivAFBVV95cUxQOFZSNTdaZ0dYQVFtLWI4WmVtUkNDdWc4MEhQV01LWDNLbnJncEJnZFdkdjFtWjFDQ1lVUURuQ1E4NE1Dck1KaEpqU0ZvMnBEbXJVaUtiU1Blc0dRZ0FPdkhBWDlGb0FyZ3lzNC1GQ0hfaXE2OG1Td0hKOV9BSGsyYzZhMmdLRFkwLWxzd2VIU3JZa1JQNmFwQ2JqaDBmTFlfZEFfVTliX2ZqVzdFM2VqeFJoVXJLVXdyeERuNg?oc=5,Teknosa,2026-10-07T08:14:54.784617+00:00
2026-09-29T17:03:00+00:00,Rakipler,KAP *** TEKNOSA İÇ VE DIŞ TİCARET A.Ş. *** TKNSA *** Yönetim Kurulu Komiteleri,GZT,https://news.google.com/rss/articles/CBMitAFBVV95cUxPWWIzTW9CUEVJYlYwSndNQ09POVg0Zkh4aDZpVmhEUnNSa0RFUXQweHFUaDFBZTgtV3NXVXlUeTgyNVQwWXJmbGtOemJxcW14RkNFb0h6cWZuYXRlcHZGRXhqcklCbDlCaTdXdlJhclFjSFhKMlZlTm95V2lfZEE5ZkhndzZVcUtsdXViYUJNcXJ5UEtNSjNLaEgwWlpJR1lLR0xjak95S1Fabk5uQWJvQ0tzbS0?oc=5,Teknosa,2026-10-07T08:14:54.784617+00:00
2026-09-29T16:28:48+00:00,Kartlar & Ödeme,"Mastercard'ın üst düzey yöneticilerinin ziyareti, Vietnam'da dijital ödemelerin gelişimindeki ivmeyi vurguluyor.",Vietnam.vn,https://news.google.com/rss/articles/CBMivAFBVV95cUxQSGM5ajB3enl3Q3BiWWhUNzdhdUtpOUZjNEg1UEZ5QmgzaVliTHI3aEg1SC1XOUFmc3NwTFBNRUl0TEFwLTQxUzJ3XzhyU0tlUnFjdUZrWXdHRkpqcEVxd3JBRG9UTU1Ldl9oNjc3UTlzNUx2X1BuaFVncHozNkZpU2dTcVM5b3Y3Ty1RYnU4ZmRiTXBZN1VONzBOd21abGpuMzhqNGRMM0pOSEtBaWd2eWlHY09DbG5KeEZLSw?oc=5,dijital ödeme,2026-10-07T08:14:54.784617+00:00
2026-09-29T16:13:24+00:00,Kartlar & Ödeme,Vietnam'ın dijital ödeme ekosistemini geliştirmek için ortaklık kuruyoruz.,Vietnam.vn,https://news.google.com/rss/articles/CBMihwFBVV95cUxQeDh1b1pPZDY2SW96bUYyNUItcy1VaU1tQ3BVcmRDS1g3NktHQ1pwdEpVbDV0T3VsaEM1NEw2X3JpbllwNEplSHl6R3ZRekcyV0R6MFpoUUtDTF9ILUdYSTIyUk0tSlZKVFNWUWZWQV84UFBXTzF1QVNQYllmbG9qQ3RpOFZxNnc?oc=5,dijital ödeme,2026-10-07T08:14:54.784617+00:00
2026-09-29T14:55:47+00:00,Piyasa Göstergeleri,ABD'de tüketici güveni 11 yılın en düşük seviyesine geriledi,CNBC-e,https://news.google.com/rss/articles/CBMinAFBVV95cUxOR2lQNHh5MFBWYkRqQmlZTTVuV3czc3BrOU5YaUlLb243QXlMb0ZaMm5PZFZkT0hWb0ttV1ZXWTY0M0toV24ycUIyZ0g5V3RJMkxHSVpKQ3JpN1BqeTRVMXpsZzlDVkZHX01aa01wNUFyUmpVRkptWWNUaUV1aWt6WHJQZUthQ3VYV1FFLXdZWkcxNkJjTWRXMXRiYms?oc=5,tüketici güven endeksi,2026-10-07T08:14:54.784617+00:00
2026-09-29T14:53:00+00:00,Piyasa Göstergeleri,ABD'de tüketici güveni 11 yılın en düşük seviyesine geriledi,Dünya Gazetesi,https://news.google.com/rss/articles/CBMipgFBVV95cUxOMEVqSTVacFBrQ1RUemVmX3RySXlhd2JWbDJQNUZjVjM0dXZTWW0zNHV2QnlXN2lBZzRLUjljS1BtWTg1TWVWN2hLYlhvemhwZmt1Q0g0RHpBUklrYV9JMkRJYjhub2Jxa0VjZkV5cXp2RU9teE1oQVR0VGlRTlRxOHhQaWdTTmFGZ1djTlNGQk1xTjQyZXc3OXF4QUkxTjM4X3Y5UDhR?oc=5,tüketici güven endeksi,2026-10-07T08:14:54.784617+00:00
2026-09-29T14:16:19+00:00,Piyasa Göstergeleri,ABD’de tüketici güveni eylülde beklentilerin altında kaldı,ekotürk,https://news.google.com/rss/articles/CBMilgFBVV95cUxOLWJaU0VRM1dEdURDSDVvdzVBTXRJQloxQVlCWXM5X1ZHbk92UDhZZ19PUzEwNTZOTUdJZXBlbzcyWUVHMzJLb25sNVpERFg5YmFjQmxzakE3SXFpam1uTjBuLU1ZdlZXN1dsbWVQb2stU2RWTDdidHdGTzZBRW1ZMnNwaDVBVG8xZ2pndkJGT0d1a0g4c2c?oc=5,tüketici güven endeksi,2026-10-07T08:14:54.784617+00:00
2026-09-29T14:15:00+00:00,Piyasa Göstergeleri,ABD'de tüketici güveni eylülde geriledi,Ekonomim,https://news.google.com/rss/articles/CBMimAFBVV95cUxNNFVLUEQwaTZyRFdPVUR3TWNBWUtSNDlTcEg3QjY2NVA3b2RrY1Y5R0tFNFR5d3hUaVY2QW1EdUQtTkpHMnR5Umhfamt2cC0zZVVmaG5vaHZKQ3RnTGQ4MUNaVTJ1Vm1ORWxLWlJvRGc1ZVZYSVd3cGUzaXJwNjh4QUZZMVdCdVFZUThaNUo2OGZyZ1E0NGdvMdIBngFBVV95cUxPMUN1b3ZPeThDMlR1UGY3Q052VS1FWmI1b1VtTHFKcVJvanEwZG5UYzlTcDhPLXRzejZIdjJyMmRXTzlXeFNVSWhwWXRzaWRWU25KMDRseGZvNjZzNVdHUGk0VFZVcURJOFhNazRlMk5EWGhRemYtTGpuOTBPN3pBcG1CeFNtd3FONG5DSXNBZ2EwQTl1MkdKUkNBdXZLZw?oc=5,tüketici güven endeksi,2026-10-07T08:14:54.784617+00:00
2026-09-29T13:45:21+00:00,Kartlar & Ödeme,TÜPRAŞ ikinci taksit temettüsü 2 Ekim’de hesaplara geçecek,Midas,https://news.google.com/rss/articles/CBMirgFBVV95cUxNUU4ybTdxZU1GUDQ3ajU3TTcwWm5UekxRck11MDhIalo4eDV5WTl2ek8tVEcxVEVNb3BPME9sUEFXdXNIUjY1OVg1anhUX0pWQzdHYWNfb01kY3hhbWlOWnVvZDRraGFLLW5QdjdmdkJsWjk2ZFpxeTdubTF6azF6TWFUbkMtbDhRVXp3ODd4Zlh4ME9ldC1ndnRLSmFGcWVlZGpQR0JSaTFZdXBYTHc?oc=5,taksit,2026-10-07T08:14:54.784617+00:00
2026-09-29T13:03:00+00:00,Bankacılık,Türk bankacılık sektörünün net karı 676 milyar lirayı aştı,İzmir’de Son Dakika,https://news.google.com/rss/articles/CBMimgFBVV95cUxNZGJ5WFRVNU5NNXZZaUtXMnpGZjVHTWlHcXVockZwN18ydzZFLUt4aFR2Q1lzWEVHRVBHOTRVMTh1Y0MzbzkxMkVtUTBjNmlWYW5lRndCOUEtb1JVNUNXRWZ3VWtoNEdCTU5wQXBWN3VZTEdtSzY5dmJsYmhUcXV2eklQamhlU0JST01XMU9JNkk0SnBKeW1IUFlR?oc=5,bankacılık sektörü,2026-10-07T08:14:54.784617+00:00
2026-09-29T12:12:30+00:00,Kredi & Faiz,Çin reel ekonomiyi destekliyor: Politika bankalarının faizi indirildi,İstanbul Ticaret Gazetesi,https://news.google.com/rss/articles/CBMipwFBVV95cUxPclFTQjU1bktYV3BNUUxuZFdnRDFfM2dXZTVoVnhNVTFBRHBwRUc5eHZVOVR4dHNQM3IwVTZQdGpVclY0OTdMSjVpM2E5SlVWejJwdkgtejByLUFtcmRkVFoxV3lJVmRScFhRMXBJaUtXV2N4Z2Y0NUM0Zk10dVgxemtUTnd4MkJaTGh3dzhJblF6ZTNmOWtGRFp1RHZFbDlXbTloVjJxOA?oc=5,kredi faizi,2026-10-07T08:14:54.784617+00:00
2026-09-29T12:06:05+00:00,Bankacılık,Bankacılık sektörünün sekiz aylık net kârı 676 milyar lirayı aştı,Sanayi Gazetesi,https://news.google.com/rss/articles/CBMinAFBVV95cUxOX01sRUZER0xpenVfZkx1eDk4UmE3RHo3Wk53OVJQekFqcVh5MjRNa0R1eEg0XzFGNy1NLURKa21SSThyNmxDZFJxOWwzMmFhTmh1bHpvSjEwdkRKeEV5dkx5dDNKOUUwU3FWOWpEZmJsV0N3VlNEWGZFcm8zcmRIQ2l3dnY2a3dyUkJQLS16V2tvR1Vsd3VJVFZQRGM?oc=5,bankacılık sektörü,2026-10-07T08:14:54.784617+00:00
2026-09-29T12:00:45+00:00,Kartlar & Ödeme,"ECB, yapay zeka ajanı ödemelerini dijital euro gündemine alıyor",TradingView,https://news.google.com/rss/articles/CBMib0FVX3lxTE1Hbk5jbG1ETnN5ZEFSSnhfTkZ0QVNtWEFFUUlXT2lGUjVKQkQwaGg0UU5rSk92Z0F5WXZhVjAxcU9IMG56YTNTRWhjcU5WMWkwYThweVE3YUJWc2FqZ3VHVXVfNVh2Z1IzTG9JcWQtcw?oc=5,dijital ödeme,2026-10-07T08:14:54.784617+00:00
2026-09-29T11:34:45+00:00,Bankacılık,BDDK'ye göre bankacılık sektörü ağustosta 676 milyar 307 milyon lira kâr etti,Haberler,https://news.google.com/rss/articles/CBMimwFBVV95cUxPSnkxWUd0YTRsVkxBSmcycEVtSl9vaDdxVmVSd0FqdFhLa1IzTUtkc2otYXo5b1FGQ1lFTktnb0RKSVdUTmdOaW9zcUpHaF9saS1wQ2JTNXpBX1VWOUtLQm9JZlloRGpGbUFyejdxamlORDRyMFV2V2dUWG9TckNkU3FRZUxmMzNONzJNLWV4TTk2RmtqOF8tNTNkY9IBlgFBVV95cUxQRXRxZWw1Tk1mWmphRjhmRTJwLWhPbmdZVzk3eWFEbml0Q2g1YXc0ejFHUTk3ekc1cHF5dzhNWG9QU0pBTS1sTzVqaFlUblNBUk1VZUc3S09URjg1Nmo4d00zVXdreHRHVlhaUXoxTGtzVEhDN3lzSjFwczhrUjNwcWl2NVM3VEJ0bDNwUmRLY0VFRV9Mb0E?oc=5,bankacılık sektörü,2026-10-07T08:14:54.784617+00:00
2026-09-29T11:23:19+00:00,Bankacılık,"Bankacılık sektörünün net kârı 79,9 milyar TL oldu",Doviz.com,https://news.google.com/rss/articles/CBMinwFBVV95cUxOTkNzMFdmMy1wUEloaXNfRXA5eHdSb09uZF8wR2tmTXk3c21ab2l5aktYV2RtRWxUVEM0YjFVMkN3Tm9XZ2RIdF95MWtuMzM1aGFuU0tQdjlhOGdJUURPdUFzOUJUSUtrVTFjZW45dTFEMGFVLXdIWDZ2TU9xYnJzWjVjYksxd3NwSU96Y3dETmRmTDRrbGZqSkNuYkJmU0E?oc=5,bankacılık sektörü,2026-10-07T08:14:54.784617+00:00
2026-09-29T11:22:42+00:00,Bankacılık,"Bankacılık Sektörü Kârı Ağustosta Rekor Kırdı: 79,9 Milyar TL",Finans Hattı,https://news.google.com/rss/articles/CBMihwFBVV95cUxOcVdDYTVaY004UUVqY2dQR3ZncUVaaTBYYnh4QXNKRHhIZy1RNGZmRmFTbnJTR19ObHE0SjNackREanZVZHc1UUVxWDN3cEppNnU5Q2xXSFdJTkszUHNGZWtvLXpOLTB4QWswYjNmbG5qdnpULTY2RkxNUWVsc215RDlITk1UcHM?oc=5,bankacılık sektörü,2026-10-07T08:14:54.784617+00:00
2026-09-29T11:15:30+00:00,Bankacılık,Bankacılık Sektörü Haberleri,Bloomberght,https://news.google.com/rss/articles/CBMiZ0FVX3lxTE54YTFVRzlXOVpVdmd5czd1VENUR0ZSNWhkY2hkV09kSXk5UEoyRXh0Yl9ieEJZZEt5NTFEMGh0ZXh1T09fQ3VhaEZkeERtdk15YjVvOG9sYktjYXBFWndYZU5IbFhTZ00?oc=5,bankacılık sektörü,2026-10-07T08:14:54.784617+00:00
2026-09-29T11:11:09+00:00,Bankacılık,"Bankacılık sektörü ağustosta 79,9 milyar TL net kâr elde etti",ekotürk,https://news.google.com/rss/articles/CBMipAFBVV95cUxPU3lJazNLaHpJSk5uV3ZtaF8wVmZObjlnVFR5cnlRWE83aWF2S0I5N2JvRkRRU3RacU9SNDBQUUlwclF0Zk5iLU5TVEY3Tk5GMmFoLWtDVUpzd0VuVG9BSnpfWUZ4Z0ViZXhib3puU2wxaEEwMUpWa09OaEZmR0VacU5HT2FiZGtoSzRQWENERzRZRFB1OXFSUWhzbnFHQzFWNWJrcQ?oc=5,bankacılık sektörü,2026-10-07T08:14:54.784617+00:00
2026-09-29T10:22:05+00:00,Rakipler,MediaMarkt Türkiye'den yeni nesil akıllı telefonlara kiralama seçeneği,Anadolu Ajansı,https://news.google.com/rss/articles/CBMivgFBVV95cUxPaEpYWFVSaktqZm9nMEpwUTBYOVpuVXpjQ1lfQWFKU3hKQWtyY216cWoydmljdEdMcDJDSEJlN1JHZlAxeDZnYjBOVTlmY2x5Y19QQ2tOTE1MblhzRFpRTlBrV3o5WlhZb2dWNDB3aEZ0Tk5VYS1QQ2ROTUFGejd0d3ZhUERVR2VCM0lqVEdDS1RDOEVsSlVjVGxtelJCa0UxZ05Va0xpeGw3c2dPd3FvS2xkYXlUQXFmbVdld0VB?oc=5,MediaMarkt Türkiye,2026-10-07T08:14:54.784617+00:00
2026-09-29T09:45:23+00:00,Piyasa Göstergeleri,"Avrupa’da tüketici güveni bozuldu, ekonomik güven geriledi haberi",Borsanın Gündemi,https://news.google.com/rss/articles/CBMipAFBVV95cUxQcXJvT0tUUmFwbTRmTnRvbG1rc080eGFIQk9zaHNWSUtlcWhFdy1Ud3FHdlhMRHB5Tm9lZ2MwTEtTSmtKbTZEX2lka2RxV2duVFZ6SndlRGUtb3lIN0lZWlVDc0Z3YVZDdU95V0h3TEl0ZGlyd29aV1dLYTJtYy1pdFFCUHpRV2t2Q3FHTFprVVVzVkstUEFsMWJSRm9Zck9OaXlGRw?oc=5,tüketici güven endeksi,2026-10-07T08:14:54.784617+00:00
2026-09-29T09:43:30+00:00,Piyasa Göstergeleri,Euro Bölgesi'nde ekonomik güven endeksi eylülde düştü,CNBC-e,https://news.google.com/rss/articles/CBMikwFBVV95cUxNM3hLZ29qeENBR1JHdU1IWUpNOU5uaUVaei1ET0RVRU5CbU0wRHRXRm9CX0NqS1IwNWFkZFZNemJPMHI5LUZFSTVrRkJWb0kwNElxaHoxZHU2OHlldGRTNzR0MTFzVmFqdjktLXV2bnlZLTZ5cTBxSnc0WHFWZ2ZEd1hMZVVSaFltNW5iUGhWSHRzM1U?oc=5,tüketici güven endeksi,2026-10-07T08:14:54.784617+00:00
2026-09-29T09:38:27+00:00,E-ticaret,"E-ticaret, küçük işletmelerin dünyaya açılması için bir başlangıç ​​noktası.",Vietnam.vn,https://news.google.com/rss/articles/CBMijwFBVV95cUxOV2FvanluWkRYaHJzN2RlZU11djN3RFBlQ0VIdU5QQmhQYzd1ai1KZTRRd0FLamQ2QzEtd2E5ZU5xYWF5c0E3SG1uZjB6aVNqaXNGbnB3VUhwTHVQNy1hMThFdmtKM1l6THIwYnl5bmtZNE94eVFrVlc4RGc3c3ZnZ2dtWHdLdkxPT2VyOFJWaw?oc=5,e-ticaret,2026-10-07T08:14:54.784617+00:00
2026-09-29T09:33:47+00:00,Kartlar & Ödeme,"TÜPRAŞ 2. taksit temettü ödemesi ne zaman yatacak, saat kaçta hesaba geçer? TÜPRAŞ (TUPRS) temettü ödemesi 2026 ||",Bigpara,https://news.google.com/rss/articles/CBMihAJBVV95cUxQRjNlNGtKS3ZUazE4UzlWWDlvNkd2d2JqV1lLeWptZWZfZDdqMFh6N2VLd0V4WEpzN25yd2dzZlk2cUJFYXF6YWhCX3VuclQtcm1iZHZuUGE5Q2o0YmFkeXhEREdWQUFTUmdlYy1LN0doVUFDd1FNVy0yMldSSFNfOG5VQzdfUE9fVWdHVUZPTEhmVGNiTHNsRzZkMTNGVG91YVhqcm1zWFJYZW1uUVFZeDVEaG14Wnl6NWlyS2JIdlhra1ctUUNzNjl2NmhKSU1sbDlnNGF6QjdQMTAyY2F2QXp5NmJBNmtGTXVFcFZoSl9vRUpuRG91ZWNmSHgyU3lTNTFIdg?oc=5,taksit,2026-10-07T08:14:54.784617+00:00
2026-09-29T09:30:12+00:00,Rakipler,MediaMarkt Türkiye’den iPhone Duo ve Galaxy Z Fold 8 kiralama seçeneği,DHA | Demirören Haber Ajansı,https://news.google.com/rss/articles/CBMirAFBVV95cUxNYUU4cjk1a0V2U2pZV0cwSWVsU2tWVFNudUZMMTNvS3lXWERJcG5GcGVZZjRyVkp1cS16LVBTbV9wVlBGRk5TanVoUDFoYlRPRkhnVGU3eTdZcjNTOHh5ekJlVzFxb2h1SWFCeDZYajFaNjFmMHdyV2xZWlRjMzZZV2pYOGhOOERhMG9qUWIteHY2WHQybWFhUGFFa2tZR3dFb0UwVVZUTFUwTld4?oc=5,MediaMarkt Türkiye,2026-10-07T08:14:54.784617+00:00
2026-09-29T09:16:35+00:00,Perakende,"Medya kategorisinde Walt Disney, Netflix ve Warner Bros. Discovery ilk üç sırada bulunuyor. Perakende alanında ise zirveye yerleşen Amazon’u Walmart ve Costco Wholesale takip ediyor. Dijitalleşen medya ve perakende sektörü, tüketici alışkanlıklarını yenid",Instagram,https://news.google.com/rss/articles/CBMiUkFVX3lxTE1EaW03VXQyNGM5cWVzNUlhRzhOQXhnd3VYR3pWN3FBZy1TVjlKVXh6YWV2OEUwbWRDcno3TEtkTXBoWWxiZGFidFV0azQ1eU9aVUE?oc=5,perakende sektörü,2026-10-07T08:14:54.784617+00:00
2026-09-29T09:15:09+00:00,Perakende,Zincir marketler sömürü merkezlerine dönüştü,Yeni Yaşam Gazetesi,https://news.google.com/rss/articles/CBMigwFBVV95cUxQSlc5RjFSWHVJYkhPVEN4bFU4U2tPaXNfZmZaMms4WUFZYVZ5alFPZHAweTUwc1MwaVZUWEYyQWN4ZXdTWHRIbGphaFhMNlc0emFkWW9aUlpnODJMbk9VMndLQ3lRSmw1SnZVczJPbmREZk1IckVHMzJYYktlUlgzLVZTUQ?oc=5,zincir market,2026-10-07T08:14:54.784617+00:00
2026-09-29T09:10:00+00:00,Piyasa Göstergeleri,Ekonomik güven endeksi eylülde yükseldi,Toplumsal Haber,https://news.google.com/rss/articles/CBMiiAFBVV95cUxNVkxvc2tkclgycW9yZFRPUlp3U0pNQ2Z5TlRtZ3VneW5Xajk5QmszZVBhSXJtaFhoU0lDaWVwZ0J0aGVGdl9VOWwyekl3NVNyTEdSczRSdkVrVWhSS2U4VWJyNzdWcmhDeHdGaVFKcnlxM1p0NEJMWldGM3RlYmJkM28xN2Y2YXNt?oc=5,tüketici güven endeksi,2026-10-07T08:14:54.784617+00:00
2026-09-29T09:08:00+00:00,Piyasa Göstergeleri,Ekonomik Güven Endeksi Eylül 2026'da Yükseldi,Medya Gazete,https://news.google.com/rss/articles/CBMijwFBVV95cUxNc2M1V1NlaHV3cUdVeFg3WV9tZmFCdzc2M01xUUQxRDY4Xy1fUEhXWHQ3aTd4X050UnNwTmtKWV9aUWlUM3ZCWE8xdmZZYm90UEVnRUliaWVpZjY4UGY1OGRKMHd6M2NrVmowRDItU1YyN1RwLVY5SlVTYkp0U1pNYkx0aUVYVE5wdXZKdFZmOA?oc=5,tüketici güven endeksi,2026-10-07T08:14:54.784617+00:00
2026-09-29T08:58:00+00:00,Rakipler,MediaMarkt Türkiye’den katlanabilir cep telefonu kiralama seçenekleri,Kars Manşet,https://news.google.com/rss/articles/CBMiswFBVV95cUxOS0lKRzR4VERpSGZyZ0t3SjROTG1mOFNlMG8wZXhFU3o5em5jTlBYTHNZcEFHaUxwemw4REd2bXNYcXdaMm1CRHNhUGRhQ1UwaVlkWTRnMEdralQzV0lzNm84WTI2YzlBSVhQLWR6YldON2psSERqby10eGUtZU44Z3ItR054b19XMTBBdXI0YXlqSjBhcWpsQ195SGlkMURTNURzaXpxUkhhWTdwS2tYdnZzY9IBwwFBVV95cUxObkFjc05VNU1GSjdTbFN6bWtPa282cjJlbUc4dFV0X2NIUDNJN2ZFTFBtUVVPdjBLdXg4ZXNUa09MYzFYUl82VWN1NS1LeFVtUUM2cW9KT1NoNi1LLTZMNU5aemZTR0V2TlhsdFhKdU1qLTJjSEJaczBoeXZDc3EtZ056MEw4d1lkVjJaY0pDUGJSd2RHN2M2ejhVVXBydzZqOVA2eWNDOVN3WDlFQ1VrUkhqWmlpS3RtRWdzNlFRWlRaV3c?oc=5,MediaMarkt Türkiye,2026-10-07T08:14:54.784617+00:00
2026-09-29T08:40:39+00:00,Piyasa Göstergeleri,"Tüketici ve Sektörler Toparlanıyor: Ekonomik Güven 101,3 Oldu",Akdeniz Gerçek,https://news.google.com/rss/articles/CBMiqwFBVV95cUxPRHpvNE9sMzNTX3ktS0ZTLXhuckJwb3c5dlJ5WGJFNlZOV3ByMTJnaEZ2dkNaQ1g4MHZNNWFIM0xXTHczUDJpeGhhNkozSWdQVzJlZUNrUEFUY2pWc3hDc2Ixc3BxcFVzcjNwZlBMUUtUOWRLRGN5NXNBUFd3bDNwM24yZXlYNUZNbk0yUERNdncxbUhXdXdDRHAxamtzb21TSDJ5VEFuckxLZWs?oc=5,tüketici güven endeksi,2026-10-07T08:14:54.784617+00:00
2026-09-29T08:40:21+00:00,Piyasa Göstergeleri,"Ekonomik güven eylülde yükseldi! Endeks 101,3 ile ağustosun üzerine çıktı",A Haber,https://news.google.com/rss/articles/CBMihAFBVV95cUxNeDRrbmdUOU51ZEZhN1haRkoyRXZjNXh3emVPS3hlZTVjbm1xN3BQMG1fSFc1cHVGbjdRdVdfU2RpX3hHT3ZFanR5dWU1c1d4emV5VEJMSllhdnJjbGFjQ3FCejFQMlpTaHBuWWdCVHlHcUtmS3Vna0dGbUNtVVBxRXhsbHA?oc=5,tüketici güven endeksi,2026-10-07T08:14:54.784617+00:00
2026-09-29T08:39:00+00:00,Kartlar & Ödeme,Fenerbahçe'de taksit ödendi: Transfer yasağı kalkıyor,Sporx.com,https://news.google.com/rss/articles/CBMilAFBVV95cUxNNl9DaE1iUGRBY1kwQnRQUmpiOFpoQ0hhaE5Ud3JUTl9ULXFGY0ZKLThhMGlmT1dBX0V5T2pHaThhMm5QZm13dFhkRmp4TE52aHN2cTdNSFZHaFVRZWVHV1pPN0FYUi1MYy03R0hHOWR3WU9EUWJoN0xqR3RRZEVUSGRjaVBIVDl2WjVHam1Xa3ZFYVM40gGXAUFVX3lxTE9nNExSVnlkTDVGbklxSlZrVzRJak9GNzQyMmhpRUlaWjVab1FVbW1mTkRQU0Y3QmNtT0xKWXBLbUx6SHVUaUZSMHQyYUphaTdaWnU1NTNDS0t6azVaMUhpNFdiX1R3X3o2cHB4VUhJRTRQd2ZkZnlGbGxmVXYtMW5WWmxXYWJ2WWNucXlzLUxlc1lPNVFBNkE?oc=5,taksit,2026-10-07T08:14:54.784617+00:00
2026-09-29T08:38:00+00:00,Perakende,Yönetim kurullarında kadın temsili için şirketlerden kapsayıcılık çağrısı,Forbes Türkiye,https://news.google.com/rss/articles/CBMirAFBVV95cUxQNGVPWWxSaS1sQ2xnZnVKc3Q2YXhLbUVndV95M1NyX0FFa3pHaUozakV6VzBVR3lrb1c4TTZ5U29KanV1LTdwOUZXSTdXSWlaMzJvOVE3a0t4SHRPc1g3U3ZFNEhOOWI0ZjcwM0ZNTktKS0dXMWpFTEw4ZVNTZ3FBUUF0ZzhkWGlBYmt2Yjk4TzROUkRJZzhkQk9pUjdGUGVsRUxXdHV2aUlsWm9Q?oc=5,perakende sektörü,2026-10-07T08:14:54.784617+00:00
2026-09-29T08:16:35+00:00,Piyasa Göstergeleri,TÜİK'e göre ekonomik güven endeksi 39 ayın en yüksek seviyesinde,Diken,https://news.google.com/rss/articles/CBMikwFBVV95cUxPbHczRFBVazRwNjlkbTVwcmNsdmpPckZpdDlKVlliYzJtTVNKanNEa2dLS2lkc3JlN0JIOU1aX2hBdGo0cFo4UW5mZjVwaEk3cVJ5LVVkUTJQd2JfaXhlWlU4S3FKVUJLMW14bE1NZmJiaG9yWDN1V1hEYTZWNWtEM2ZQNGY4RVlLd1ZpQ3NITi1Qa2M?oc=5,tüketici güven endeksi,2026-10-07T08:14:54.784617+00:00
2026-09-29T08:12:00+00:00,Piyasa Göstergeleri,"Ekonomik güven endeksi 39 ayın zirvesine çıktı: Eylülde 101,3 oldu",CNN Türk,https://news.google.com/rss/articles/CBMiqAFBVV95cUxQZDBCaHc4Z0dtXzRJLVZxbzkwVWptMXNocXUtNUNVQUQ5Wm5XTUJMTVo3Yl9xYVd2NUpaMG1jZ04wWTczWTdvTjAyRi11dTdvNDZ1UURvTEdLcFR4RUdFUmphV2o4ZTBIOVVQTFZHNEFUR2w1YkN3LWFhclJMQ0ItRHpydGI5V0owNTQwdHZkMGRqajFOU1NTNHN0NTNMTk5leTFkVkpsVTA?oc=5,tüketici güven endeksi,2026-10-07T08:14:54.784617+00:00
2026-09-29T08:03:00+00:00,Piyasa Göstergeleri,Ekonomik Güvende Son 39 Ayın Zirvesi,Kamudanhaber,https://news.google.com/rss/articles/CBMic0FVX3lxTE5JMVdHZ1FDTl8wbWJCa3NPZWpSZzR3b1o5TTdnMS1DVGZpTlJrU3gtd2RmYWV3cjc3MndlTUxWSzJadjd4M3BFUHREbF90T2oxOFhYb3hiQUFBR0tkZ0J4d1cxZVp2c1Z1WG5EWUk1Z0szUGc?oc=5,tüketici güven endeksi,2026-10-07T08:14:54.784617+00:00
2026-09-29T07:45:00+00:00,Rakipler,California'da tek kullanımlık elektronik sigaraların satışı yasaklanacak,Ekonomim,https://news.google.com/rss/articles/CBMitwFBVV95cUxNR2VJN0pIYjc5WkhIR3owTC1YWlBnZUk0bDN6YU52bkVSelNzdWF6YUstdDZzTTNSMHhZTXZWbWFoRGtRY2pZN19ybUIyN2JJUVd0NjJ3V2tMUmNSZGdPMUJnX3pSR1BDVlZaUnFFVUlzbjlXclI2ZDlwdGJ2VUdkOTFmVnRDalVmazAtRHBIbHhwdGZyS1FWeVEtdnlpX05nRTRLdEdNYXNlcVZtb243VnNaSDJrTlnSAbwBQVVfeXFMT1RtT2kxand0Mjk5NDhrMWZNNWtkRzZ6blBPTDdDTkZRZlFzcDFGbU1fTGpSVlJvdW5JXzVyX0E0aTJ4b0h3aF9PR0xyWW1JQmdvRXRaUGZ3UTNLQlJNME5ncU1NZk9KN1d2RjA1ZVRSOUVrclNMSC1VTEtlZUhyRXZlaHlSRFI5dXMzTHhYb1B1WjFWWnM3V29Mb2FHMUZmVlhUWUlnQzlyd2Y3aWVqOWMxcnpsaUxRWUc3YnY?oc=5,elektronik perakende,2026-10-07T08:14:54.784617+00:00
2026-09-29T07:31:19+00:00,Piyasa Göstergeleri,"TÜİK: Ekonomik güven endeksi 100,6’dan 101,3’e yükseldi",Anka Haber,https://news.google.com/rss/articles/CBMilgFBVV95cUxPYlhxSlBxcmJnMkNBMjIzU0p3WGptQk1VRUJxc0tFYW9fRlpNN0hRN2UwYjh1eVJXcXZUTHdTZkljNDcwbjJXRjNPNml3S0NrTWNvdnpMNi1BWG83YW1xU0pUUzU1eXdTQUlvdENtald0Z2hXbkpDVmhUYWVncjFxRTlxX2Vkb3dIMXJwNUFyT0pDbGNkSEE?oc=5,tüketici güven endeksi,2026-10-07T08:14:54.784617+00:00
2026-09-29T07:30:00+00:00,Piyasa Göstergeleri,Ekonomik güven endeksi eylülde arttı: Tüketici güveninde yükseliş,24 Saat Gazetesi,https://news.google.com/rss/articles/CBMimwFBVV95cUxNa0tJQjIyVi10VlA3SFZwbzZGQmVjMzRxa0ZscUNRRnJNVHFVZ1hrWVl5aFVMcmNfcUJFQW9uYVBObC15NG15OHdmTjZYMWNvdDdSNFJycTFYVGo1OTJKeXIzRDByOXl5dEdNZUhZWUQ1aGJsNWpNWF9KUEFlQm9IOGNwUHJLZVJvUVVVU2c5OU1kUDg0czhTRnpTWQ?oc=5,tüketici güven endeksi,2026-10-07T08:14:54.784617+00:00
2026-09-29T07:29:00+00:00,Piyasa Göstergeleri,Ekonomik güven endeksi belli oldu,Milliyet,https://news.google.com/rss/articles/CBMigwFBVV95cUxNZnFXUWp0dTZTd1I1OXB1eEdlU3AwVERXeDljWjdydFhqMnRqblFiWXNQQjNfMElVeEdDaWJsRTZvcHlFR1pPcGsxZ3JDMS15dE1GTl9jMGN0bFVlN0JXSUZFNGxlSkxSWkNid29BOTBZZHppQktpUVJYRTJjR0F1OWpjaw?oc=5,tüketici güven endeksi,2026-10-07T08:14:54.784617+00:00
2026-09-29T07:28:25+00:00,Piyasa Göstergeleri,Ekonomide güven yükselişte: 2 yılın zirvesi görüldü,Yeni Şafak,https://news.google.com/rss/articles/CBMilwFBVV95cUxOX29YZUxEMDJ1RWhnQ21BOXNOYndGcnZiNE1tLTBtMFZ1eUxUbk14cnRBTDFEUE4wMjJONTJRYWlXUkE4X252SHRQcnZBNVpUT2ZBdEZRTFBhXzZDVWI5RVVEbUo4UHFxQThwd2JsUTJlX1BNbWZqSnZYdFJRMi1xeThNLXhQckpWVTJiSmRmWnlna2hIWDVz?oc=5,tüketici güven endeksi,2026-10-07T08:14:54.784617+00:00
2026-09-29T07:26:12+00:00,Piyasa Göstergeleri,Tüketici güven endeksi eylülde 100 puanı aştı,A Para,https://news.google.com/rss/articles/CBMikgFBVV95cUxNaHBpcmx4MUhLSUpmbEdRaHJaN2ZUcFJja1VZSnZKQUl6RWkxaUJSdFdPSzdya1luTS16VVFHSjZfdTU2TnlQcmdjUTRqclZaaTlralJjaW44UkZfZmh4bV9DZEdtUlBVNXhKTHhKUldtb1draHFxM2lVQVROQV9BNnFTbGJDTFNTUE5sLVRjXy1vUQ?oc=5,tüketici güven endeksi,2026-10-07T08:14:54.784617+00:00
2026-09-29T07:25:00+00:00,Piyasa Göstergeleri,Ekonomik Güven Endeksi Açıklandı! Eylül 2026 Ekonomik Güven Endeksi Kaç Oldu?,Kırşehir Çiğdem,https://news.google.com/rss/articles/CBMiqgFBVV95cUxNQWNqcy1OUm5uT3Fsc0VkVExJb3VlSDV2dE1OLXNKMzJSUlVWMkJfWDFXVktKcUhEaXpPSFVrbzdOSEpZYmpZNXI4aC1RdmpYZFZOV0xmdjhtQU1JeXNWMUxIN3dUa09WVk1NWG5ZS3V3YnhlaENza04zTGNtMm94clpERmlEMThFQ21XOGhmbF9PTVNKS0l4RVlPclRlekdxWUdSLXlDWXQzQQ?oc=5,tüketici güven endeksi,2026-10-07T08:14:54.784617+00:00
2026-09-29T07:24:32+00:00,Piyasa Göstergeleri,"TÜİK: Ekonomik güven endeksi yüzde 0,7 arttı",DHA | Demirören Haber Ajansı,https://news.google.com/rss/articles/CBMiigFBVV95cUxOWEY1VE95MVVlZjBqaUlwbDA3S3g2dkw2NGR4Y0o0RDJnang1cGUyZjBhendEWFJlRjhOczhfUEJXek52a3JXVnhIenVNSkNqb3V3MUpsMjVmUmh0QzluZ1RmLUFNdG9fSE5WMFQwV3VueUNONXJ6LXRqdG5qZWZjM25hN3ZOSlUxWGc?oc=5,tüketici güven endeksi,2026-10-07T08:14:54.784617+00:00
2026-09-29T07:24:00+00:00,Perakende,"İspanya’da tüketici harcamalarında düşüş: Perakende satışlar yüzde 0,4 azaldı",Ekonomim,https://news.google.com/rss/articles/CBMiuwFBVV95cUxPSTZrSHUyZUlJTndSM3NjdXBETmUxRzhaTXhudnc2aGZ5Y05sZ2pJWllHdUVGRWloMnFYSHJKS0QyRkwwZHZFamNjeUR4LWo3MC0wUkt3TWpYY2w2RU9LbVJQQlRoUzh2UVhUWnZ4eWFmR3A2SDdTRTVTYlRId0xvT3VWSnRCNGJVX0pJeHBlV0pzX0pUSWMyVW85QjV2Um80UjlaeFh5YVFjZktnbWpjY1Q3ZS1sNzNzTDhV0gHAAUFVX3lxTE1vQjlOYkM5Ykg0OUJJXzYwSm9xZW9BMm5YS0pPZWczVDJYSjh2SzFzaUtacHJFVzQwaDkxMWlLY1g5YVYxWFpqanJDLXg5M051R1JKaVlXazd3RURoVndWdjRjb2JQMXBBQXozYlo0SUMweTEydFY0UVJQdjN2YjNLU2dza0V1TFN0NWFxUTFQX0MzVTY1RkFMOXE3M3FEVG1ETTJMX0dWeENEMndTbW8tb2p3Y3VhS2FIam9YVTVSdg?oc=5,perakende satışlar,2026-10-07T08:14:54.784617+00:00
2026-09-29T07:22:00+00:00,Piyasa Göstergeleri,TÜİK açıkladı: Ekonomik güven endeksi eylülde yükseldi,Gazete Oksijen,https://news.google.com/rss/articles/CBMimgFBVV95cUxOZlB4LWdROGFUcVdwM3hva3ZvSXJ3c1NVdEZaSmFHMGNhTkFtZ3hicnZJaE1iZHFhbTNzLUVEbGoxNFYyT1dfejZabUhSVzlRZTZsbmdlTEZpQ09sang0eW42OHR4cjVVQzJVU1FZMDIzRWVzUFBtR18zaXVPWm00TktHdFpjNzZNN0dRMWE3ejBVT2dHWlR4dVdn?oc=5,tüketici güven endeksi,2026-10-07T08:14:54.784617+00:00
2026-09-29T07:21:00+00:00,Piyasa Göstergeleri,Güven endeksi arttı!,Haber 7,https://news.google.com/rss/articles/CBMid0FVX3lxTFBqbS1SZFF3X3E4bEx2Zml6U2hETWhLZW01ZnZqRDRFME4yYTJQdjAtNFAtT1AxN0V1eFNtUnlhRXNabW9XenU0WVlraDJFYW8tMjVXc0xmbENDMjQ2S29JZW4yQTZrYnV5akQ0eDZZS09rYndpc3BV0gF6QVVfeXFMUHd0TkxLLW1xazh3TUo5WVZTRTlwbzlTLWhfd1BObEw3TVNaY1pDSFZBUUNhQlZCZlFpRm1FdnoxY3BHZzBDUV9WMGFCSHhhT0xTX0l3aEFWaDd4X1dNazJ2SDVZdTNib1FORGJTNGpjWHhyVXZYYWFHY2c?oc=5,tüketici güven endeksi,2026-10-07T08:14:54.784617+00:00
2026-09-29T07:20:00+00:00,Piyasa Göstergeleri,TÜİK açıkladı: Ekonomiye güven arttı,Saray Medya,https://news.google.com/rss/articles/CBMiggFBVV95cUxPY3JfS2dCYW5uX3NjX2RaYkpoMVBNQWc0THhhSm00SmJOd0tlcVpWT0dnTjhhWkpheXhzci1fcFBlUU5TQU9XRlhjVGQ5UkJYSmNTYXNjWWhmOWt1YXp0NzZyRGJxdVh1NE9tLUhvNU04SG5qYTNqOUtBXzRmYmlXRl9B?oc=5,tüketici güven endeksi,2026-10-07T08:14:54.784617+00:00
2026-09-29T07:11:00+00:00,Piyasa Göstergeleri,Ekonomik güven endeksi eylülde yükseldi,Bigpara,https://news.google.com/rss/articles/CBMisAFBVV95cUxOaUN5MVBoOVhQbGpPbTRqaHVPZ3RoXzBnTGcyVlhHeXNtUUE0WUFmSndWM0R3QzY0Wk5udzc5SklvX3BtX3ZTUzFmNUtBZHN6WjVod2RjTi02Y3NjOGQwQ0F4RUVMM2UtM3dtX00zSjRKMzg0SGZKV2IwSGZDeFkwdFRDYlJSV3BnYkxYbWFmR1YyMTI0Z0R3UDZhN2pRREJTR2RqVHVKVkRSay0yNE5mOQ?oc=5,tüketici güven endeksi,2026-10-07T08:14:54.784617+00:00
2026-09-29T07:08:59+00:00,Piyasa Göstergeleri,"TÜİK: Ekonomik güven endeksi Eylül ayında 101,3 oldu",hibya.com,https://news.google.com/rss/articles/CBMigAFBVV95cUxPa1UyYmcwMFk1N08wSTlKQjBqS3ZnbnNKZ0VnU1BzOEFjWnlkVEQ3SVR0VEhTTVBOWlRiT1oxMDZIbjhUdGhtRXo4QlVPdGhQVUM3SHdkZUNOS1IzTVNseEIwUmNJbHk2aEE5ZWJwcXZPNm5rVHJuSzhqcVQzRkdzQg?oc=5,tüketici güven endeksi,2026-10-07T08:14:54.784617+00:00
2026-09-29T07:07:00+00:00,Piyasa Göstergeleri,Ekonomiye güven arttı mı? TÜİK'in eylül verileri dikkat çekti,Cumhuriyet,https://news.google.com/rss/articles/CBMiqgFBVV95cUxPM19UR0FzNWUxRDEwQUQtcnNWWmlnc0NtNTBnWEFUdE1GWlEyaElIWlZHWXNmZWFONXRDS0stN0FwbjVZSkhzZkFuNWF1X1h6UmVNb3hXYnRzNXJKY1VRLUFQVGtSVXAtT29pQkpUY1BPcmxvN2MtejZuelRPUm41eXJyenlnbEtpNjczNFYyeGVIX2l6c3NfcDdJT1l1ZzZPeVpVOUxQWkE4dw?oc=5,tüketici güven endeksi,2026-10-07T08:14:54.784617+00:00
2026-09-29T07:05:51+00:00,Piyasa Göstergeleri,"Ekonomik güven endeksi eylülde 101,3’e yükseldi",ekotürk,https://news.google.com/rss/articles/CBMikAFBVV95cUxNelQ2Z01uZXUyRlJCaG1qVWp6czJrT2FadzNPblFnS1B5Yzc0SEdmR1I1RHQ2R1NVcnpaa2FjOUh3ZmRiVC1DYVZ6TXJWczRwMGVkZGlXaTdlbnFWU05mWUJmd2pVbHZSN25UdFFQUHNseVZTdXh2U21vY2F4WFNUbk82eU9DTnJLYTk0VEFqNVI?oc=5,tüketici güven endeksi,2026-10-07T08:14:54.784617+00:00
2026-09-29T07:04:56+00:00,Piyasa Göstergeleri,Ekonomik güven endeksi eylülde yükseldi,Foreks.com,https://news.google.com/rss/articles/CBMivAFBVV95cUxNRkhvdVJYbDd5Nlg1SkxObXNjU3dObE8zUUtOX2hyWnEwUkRqajNZcVl6clhyZ3RSaEtsVGVTUnQ2MmpnQVJWVXRrNnJIYUJLYUwzMkw2bWdkbFZMNm1lNlFSYmFFU0ZUYUstMkFrdTVsaWVDc2l5a0sxWnpYYktnV2ZCczdLTnpDWHYtUTZ3cHhvWjhQVWFORGk5TU1zakFIX0VMRUxuLVc2VTg1cWhWaG8zd3pnVDhFb002ZQ?oc=5,tüketici güven endeksi,2026-10-07T08:14:54.784617+00:00
2026-09-29T07:04:55+00:00,Piyasa Göstergeleri,Ekonomik güven 2023'ten beri en yüksek seviyede,Bloomberght,https://news.google.com/rss/articles/CBMiiwFBVV95cUxPVU9Fd0ZKeUJRem9xakRXTEFnbm9DM0pkR3NDSmpsM1lkMUpfeW1INTBfZ1hQTVBzbHZKMkZzQzlxMVQybnBzQzN4VC1JODl5bHNmSW04ekd0TDFPRTJxT2pIVTNVd0tBd1YwaHpwVzg2ZFNHNUZXWHRyQzU0OEhSM0hnbk5saGh3RDhZ?oc=5,tüketici güven endeksi,2026-10-07T08:14:54.784617+00:00
2026-09-29T07:00:00+00:00,Kredi & Faiz,"Konut kredi faizleri yükseldi: 18 Eylül haftasında oran yüzde 41,96 oldu",Herbir Emlak,https://news.google.com/rss/articles/CBMiqgFBVV95cUxNd3IwVXV0MFIxNWJHbUY1eExzVk9uYm5LSVNMY2U2Q0tfcXB0SDBSVmpyU2x0bXQxenhuSUJWVk51VkM5VTd5anp2UnlPdUhLWHhmNXdLY21ucU9DTzZHeUZSUkt2Y2ZKRmxTLTVjb0NBNkpKQkJfdk42WXY1cUtydXJNRVVNWVFBcE5kZ0lLNmFPSkpTcHhQTEpPUzZmMjdKaUdOemk5V1RCQQ?oc=5,kredi faizi,2026-10-07T08:14:54.784617+00:00
2026-09-29T06:30:18+00:00,Kartlar & Ödeme,Bankacılık devinden kripto ödeme hamlesi,Son Dakika,https://news.google.com/rss/articles/CBMimgFBVV95cUxNOGlqcTNOcXkyOUQxSy1yLVBLUzlTbmx4MUhzcmFwM0cyazk0cDBCSUJvR2Rod0h5VDhoREI2cUx1R0tvS2M4M1N3NGtZLXNoa1FqSUNNX0hrbndMaXdBaFpkVmxxaUpkQURSX2cwQUdldU9IMlhEcDVZajJhQlh0a19BVXhVdVRNb2hVYnFBNWt1ZjROTk43UFhn0gGPAUFVX3lxTE1IamtPdmE5d2hBTElDMWZ4Ymk2bVJjdllnbkJnbUR3Sm1FQkJmWTlRT0o5LVYwck5TZTBDdGNpaGdpeC0wclFqbmhFc2dNak5NTEd6a2Q1eHo3TTUtYWg3X0pFdUxZdnNjMVNiZklRdS1yT2ZNbkJEU0tBekpXQnlvNXJSU0RWeHJSQlhEdzA0?oc=5,dijital ödeme,2026-10-07T08:14:54.784617+00:00
2026-09-29T04:14:23+00:00,Kartlar & Ödeme,Toyota Fortuner satın alan müşteriler 34 aydır düzenli taksit ödemeleri yapıyorlar ancak araçlarını hala teslim almadılar.,Vietnam.vn,https://news.google.com/rss/articles/CBMipwFBVV95cUxOWXIzRjZzcUR5cWVSdnJzeDVJZnRFYWVMc3ZSYV9VMTBYQm5KWFZsMW5JYllrZFpicWFlRWVFOC1fTWxra3p5QU5BVjVVNm1nU3BJdkIxT3dTeUlmSE0tT3R1S19ZTkFzM1hJX1lpb3M0Q05oU3pLVnd5anctVUQxbXBJWWdraV9CSTBSNV91dXNwaXByX0pLeEo5UW1RN183X3U2TFNvdw?oc=5,taksit,2026-10-07T08:14:54.784617+00:00
2026-09-29T03:45:29+00:00,E-ticaret,Yoğun sezonda güvenli online alışveriş için dikkat edilmesi gerekenler.,Vietnam.vn,https://news.google.com/rss/articles/CBMilwFBVV95cUxNOVNmZVQtbXhoTlhFZXpnS2Z3c3pkZXQxOG5maDh2UEc0Q0l5TUVmbVcybkZERExfSjE0YXNQNkdRY0xkV2ZZdkZ0LTVFcVJaYXFUX1QxZ2w4b1JVZlZyMGRMVjZqQW82Ry0xN0JmeVBsWHVOdC00cjYyN3U5RkdlcjBfaGI4RHhQSGdKNEd1NXV0T3ZRSjRz?oc=5,online alışveriş,2026-10-07T08:14:54.784617+00:00
2026-09-29T02:42:16+00:00,Perakende,Perakende sektörünün karları üçüncü çeyrekte önemli ölçüde arttı.,Vietnam.vn,https://news.google.com/rss/articles/CBMihwFBVV95cUxONzhHN1RoV1Y2X1B3M1ZBTlhIUEJ0QnJtSGZqMWpPaDFfU1RJM1ZQVlFraG1QcXpGZmN2TlhIMWROd0ZjR2hKT2p1VGkzSXFWWWV6YXp5RElsNERDd1VUWnI2dDFYcFZtamQ3YVY1ajVncmdiM0QzX0pZamJGRzJHZjJHLU9KT0E?oc=5,perakende sektörü,2026-10-07T08:14:54.784617+00:00
2026-09-28T23:24:51+00:00,Kredi & Faiz,"Kredi faiz oranları %18'e ulaştı: Yüksek borçlu işletmeler baskı altında kalırken, nakit tutanlar avantaj elde ediyor.",Vietnam.vn,https://news.google.com/rss/articles/CBMisAFBVV95cUxQQXd4RzFNanFONlp6ZHhMUEt1WHB5UVVwSWRjX2trRW1FemZoQlVjelNqOW5uakp1YzlBZVFuY2JyYUstZHRZMExEdzk4TmlZbFNCbnBFc3ZPQUw5aExCOEh6UkVfeDJlUzFmVDRNbDc1VTFEeTFMOEtrVEd5ZkRTTHp2RnNxWTBwcFZtN3E2Q19RdmJWRXdNT3g1RGxSZXhzX3llcDVST1k5RDB2N09DNg?oc=5,kredi faizi,2026-10-07T08:14:54.784617+00:00
2026-09-28T16:48:00+00:00,Rakipler,KAP *** TEKNOSA İÇ VE DIŞ TİCARET A.Ş. *** TKNSA *** Özel Durum Açıklaması (Genel),GZT,https://news.google.com/rss/articles/CBMitwFBVV95cUxOLTFZT1hDNWx5R3g0MHhIaU5sQ2hlbV9hcFAyU2JaRV9SZ3RTVGktc084a0R2M3Vyb0M5eFZLX2txdWlDY2FibV9BT0U0eVRQalhjaUZWSFlwZ2RJRFFEeElXcHpTZFZQNENBVjJjbENjWThoaXZ3bWdNSVd5cm5QUnU1Y3FSeTNjekJtckN3dkI4U0J3UFVGRXJBalpaNlljeWRtTldGd0VGRjdoZDdnVnQ1R3lELVU?oc=5,Teknosa,2026-10-07T08:14:54.784617+00:00
2026-09-28T15:10:14+00:00,Rakipler,"News by Matriks on TradingView, 2026-09-28",TradingView,https://news.google.com/rss/articles/CBMiYEFVX3lxTE8wN0YtT0p5c3MyZ2M5MlZnZ2N5bFRudlFncjZnNUtHZEN2c3BobHMzM0V3cDNpLUFmOEszQXJ4REN5Qks2NDZaU3gzVnpiUW1kWWItUHZ6VnljbGJSTXlOTQ?oc=5,MediaMarkt Türkiye,2026-10-07T08:14:54.784617+00:00
2026-09-28T15:08:32+00:00,Piyasa Göstergeleri,Beyaz eşya satışları toparlandı: Arçelik için hedef fiyat açıklandı,Paratic Haber,https://news.google.com/rss/articles/CBMikAFBVV95cUxPNDJ3Z0o1UFpBaGJ3TGllMjRNa0VVbXk3amZCRjVibkg3ZHpza3RYTlFuSUFlTHlkUW5BOFFEXzRGVjNLSFF2cFJ1dXVyQmJvZDZYa29QbEF0a2NiQVRtY0NhaGZsSGgySmhRWXlOdllKZzNYVWVYMUtfcEhHbXViajlxaXZtWU5qYTE1ZnpYbnQ?oc=5,beyaz eşya satışları,2026-10-07T08:14:54.784617+00:00
2026-09-28T14:02:59+00:00,Rakipler,Teknosada bağımsız yönetim kurulu üye adayına SPKdan onay,hibya.com,https://news.google.com/rss/articles/CBMiigFBVV95cUxQbXFBUy0tS3lUNjRGNFJTcVotNl9Mb05ybG9oSGl2czU5M2RSMXhnUWo4bGFOOUFKbEZ5T3dSbjl4azdzUV80UjItV2tON0ljYTFLd2IwRm5mMkVTUDNQYlVwS0x3NHNxQklqRUJ5cHg5ZE16NjZhMzhwMk00RVZzVmcxcERRZzBlY3c?oc=5,Teknosa,2026-10-07T08:14:54.784617+00:00
2026-09-28T12:41:30+00:00,Perakende,2026 Yılında En İyi 10 Saygın Perakende Şirketi,Vietnam.vn,https://news.google.com/rss/articles/CBMieEFVX3lxTE1FZ05LYXhnUjRkUHFZdTltSlNkaTRET3dKcU83NTVKdDRBN2JUTklaMW5BendVTzZhZG9nVm5mOXdsbUdBNFBNYUlUeXBfSWlYX0IweFNTNF9tZzdfQ01TTnIwTzZoZkg2ZlNzUGdOUHpuTHZFZ3pSWQ?oc=5,perakende sektörü,2026-10-07T08:14:54.784617+00:00
2026-09-28T12:32:23+00:00,Perakende,"Artan satın alma gücüne rağmen, perakendeciler hâlâ kâr denklemiyle mücadele ediyor.",Vietnam.vn,https://news.google.com/rss/articles/CBMihwFBVV95cUxONi1OdGc3Ql8zTU51QjFEMGNXQXhESkpUUkJ5UUY4VUE4N0szQWNmdURva3ZvTGZHcXZXb0VxRFZMVWxrRzlPRFQzNTkxUHBOUWdSQjBqVHg4M1hvU2szX2hIRHRqWFVfeEVUVW44MGJ0VFo5ZzNldkM1Y1d2UTZTdmMwUE5OQVk?oc=5,perakende satışlar,2026-10-07T08:14:54.784617+00:00
2026-09-28T10:34:51+00:00,E-ticaret,Yoğun sezonda online alışveriş yaparken akılda tutulması gereken önemli noktalar.,Vietnam.vn,https://news.google.com/rss/articles/CBMiigFBVV95cUxNTFlKUHl6SWNvMnBVYkd3V2c5X2diMG9vX0FUOFl1aVlRdDF4Ukl6VFpiYUhoTlVYcWNqVnF5c1pVd1ZpUXppeHFLVnZuQmlKdDJFRmpLWDlMdU5QelhMZWwxRG53QUd5cU4yLUVUQ3pMREZrNEtfbTJyS0N0a01UT1ZMUHh4clNOcXc?oc=5,online alışveriş,2026-10-07T08:21:55.564991+00:00
2026-09-28T09:36:21+00:00,E-ticaret,Vietnam'ın e-ticaret ortamı değişiyor: Alıcılar daha fazla harcama yapıyor ve küçük işletmeler yavaş yavaş piyasadan çekiliyor.,Vietnam.vn,https://news.google.com/rss/articles/CBMiswFBVV95cUxObGsxM0drV1Zfd3o5Qy10bjdrUFZmNXpMa2ZyRXRWdGlzZUJ1UnFJTHMtZjJMc2FvS1dkWVBIOU1YLUlGV3lGcVBQdUdzRVVabkVVNC1TVTFJU3lRSDJSNU8zTzdxZXpPekhTQ2xsX2N6cU1CRDU5R3BKSF9QMlNaQnYxTUlTVVhudlZLZ2lmbnBSQWVaUkRhd1FjQlJOYnhWZUlMS0pjRG1sVlZCOFM2RmNORQ?oc=5,e-ticaret,2026-10-07T08:14:54.784617+00:00
2026-09-28T09:11:58+00:00,Kartlar & Ödeme,"Üyelik bitiyor, ödeme bitmiyor: Dijital platform şikayetleri yüzde 115 arttı",Bandırma Manşet,https://news.google.com/rss/articles/CBMiswFBVV95cUxPV2p1ZFo2Y2R2OTZmNlNJRXRhWGZBSnJLMXBxZmhEanE3eEQ0dlFuR0ZNbnNZY0hlUlZfWk5wekJMUU13U3dYS3NaM3JoWVlZZXZsci1TTGotVWhBR2thWkE1Q2tnWUtwYTBOd1NlMWtWRTNFZzhUaUNxemYzWkUxNkVNZWJYOFI5MHNKS1VkNkl0dkVVR3VaNmFRQXZOSnVsbEREQm9PcEZGZ3JYTlNNR3dWY9IBuAFBVV95cUxNeDlTTDZEUjhPejFieVB2aXBBOE00MGhVcnBSdEVaYUx3dlg5UjExbHg2aDBrM3AyYjMyM01ROS1ZcTNRVlptVVF6bEprRk9qblFSLUFmdkxFUDVjbURsSC0tRTJGQ3l5a2hnQjJvZklsR3h4VmtBWFFiVHpDWDA3aTJGR0EtcVZPZ0t0UF8tOFp5R19ORkFBZTBVQTVuR2VMWkJOMDJZTXJaTVN0b0JSdTZCMTJOcWVG?oc=5,dijital ödeme,2026-10-07T08:14:54.784617+00:00
2026-09-28T08:14:00+00:00,Perakende,Bursa perakende sektöründen İbrahim Burkay'a tam destek,Bursa Saati Gazetesi,https://news.google.com/rss/articles/CBMijAFBVV95cUxQMW1kU3RJRnhyT2xObHdQblJhdy01MmpqSjNrOHZzYi1fSTZZaTNjTTNoeEg0T1B3ZXhOMHhvYlRPSXh6V3hQbnh5RVg5UGVFTENVb05BOXcyMmUxbFJ2anhoMzJIMG51NU04bjdpTEJVSFRXbEtLNUFBUURXUkpkbWlXTlVHaG5tNFFaNw?oc=5,perakende sektörü,2026-10-07T08:14:54.784617+00:00
2026-09-28T07:44:00+00:00,Kartlar & Ödeme,Pluxee yemek kartında dijital ödeme oranı yüzde 96’ya ulaştı,Posta,https://news.google.com/rss/articles/CBMipwFBVV95cUxPZmwteC10OWs1V1dZMmppVkJwTzdiVXl3V1Q4OWlWUHc3M2FOdVNvZVplX29mSm5VTUhwZUJGMnhwcEd6ZjBjOS1NdlZjTzhXQnlMd01lNndYT0hmdUZobUpINURQMkZsa1V2YlBXLXN2blZkTGZVa0ZmWmNUT0dvUUtScjZtbHRfYVZkNmtXUW04aDhfeXVwb0FzQnNRQ19XV1liVHZwWQ?oc=5,dijital ödeme,2026-10-07T08:14:54.784617+00:00
2026-09-28T07:19:29+00:00,Perakende,Norveç’te perakende satışlar ağustosta arttı,ekotürk,https://news.google.com/rss/articles/CBMijgFBVV95cUxOLXU0Z0R4VHVBSk5qQW5zb3pHbTdGVExZeXdIdjZBQXlTNkJ4UXlPZ1JoREQyU3BpLXVwMVNXalEyVEsxX1lFZzZRa3dCTnJHSDJBWG9HQWVPTWlrZHJLeDFPYXhSektYUjgxUERQNDFqbmpRdHEyODh5anYwQ2p5MEtzN1R5Sm1KVi1XcGZR?oc=5,perakende satışlar,2026-10-07T08:14:54.784617+00:00
2026-09-28T07:04:26+00:00,Piyasa Göstergeleri,"Beyaz eşya ihracatı ilk sekiz ayda geriledi: İç satışlar yükseldi, toplam satış hacmi düştü",ekotürk,https://news.google.com/rss/articles/CBMipgFBVV95cUxPakNhYURrb0dpY1ZlNlNXYUdUM0Y1c2cwTFFrbUl5bE9aTlFCckJIUF9MdXFWSG9jTU1XVU9tWjc1WkVjMVp6TkxING9yTTdjVkNxTXVZQ1VrdjRIbDhjTlBncFFzeHFsdERJMWlEaE9Ga3NMWlFsbUo4dzNISU9rcTcwS3Q5TVFFZTFMLWxtOFJ2Y0FpejRNZjVJSV9oME04YlNnb2ZR?oc=5,beyaz eşya satışları,2026-10-07T08:14:54.784617+00:00
2026-09-28T07:00:00+00:00,Kredi & Faiz,Merkez Bankası PPK Toplantı tarihi 2026 | Ekim ayı Merkez Bankası faiz kararı ne zaman açıklanacak?,Bigpara,https://news.google.com/rss/articles/CBMi-gFBVV95cUxQTzZQUllkVTczWGc2cFVoRWpGLUpDXzRlTkd3TV92RWtIWFZicUpiVjJjeXkyaGNqMXJuMGstajRGd240eFFWWkVyd1M2a2l3Yk5ZdkZ3c2dIaVJXTGFlbnZBNzc2Ri0yb09JMjVOaFdUOV8tYlJLOGRnX0wwRmp5S2xNMFQ0M2hIR2c2M1BpOEtiZ3F5dzNnVUpiQmtLd0dUMnN3VldQdUdBbkROalN2T0tnVk1hakRJZEdGaUF2SUNPZ3RsR1hGSnl3eUN5UVo1Vlg5alN4Zi1hbzNsRjRjRFc4eXgxVWNWSUJoRl9zeGlZT3Bac2E0UXJ3?oc=5,TCMB faiz kararı,2026-10-07T08:14:54.784617+00:00
2026-09-28T07:00:00+00:00,Kredi & Faiz,TCMB faiz kararı ne zaman açıklanacak? Merkez Bankası faiz indirecek mi?,Dünya Gazetesi,https://news.google.com/rss/articles/CBMitAFBVV95cUxNMS1oWFdRTVdXMlRrdW5pZG43dHlwOVJXMktUZ0hCMWRhcEtac29nZWlzQ05mSk1ZdExVMU9kNHExNjVzX0wwbVpLTlFJZXpZSTl1QlViS2w2b1JWVFpQTU10cHFJUEY3TEt3VVU4WGlZN0hsc29tT0MySDJZd0FoT3g1N0czc0ZUN0IxVjJ0Q1BlSWNFN3hpVEJkSVU5SkZUWXNLUlp3SmxTTV93SE1zd2tFakc?oc=5,TCMB faiz kararı,2026-10-07T08:14:54.784617+00:00
2026-09-28T07:00:00+00:00,Piyasa Göstergeleri,Beyaz eşya satışları Ağustos'ta yükseldi,Bloomberght,https://news.google.com/rss/articles/CBMiggFBVV95cUxOWWh5cGZYMWRmemx5ZmN3VHlTR000bG4zbU1ibldEYWZFQmRqWU5kTU1HVWl2NWVFaWpwUWFPaksyQ1p1OFd5WmxiUzhuYS1HdnVEaHI1YVMxQ0NuMWF3MC1leWhOOWkyYzYxUW5zNlpjMEFhU01fbjhpU2otZlJmUzl3?oc=5,beyaz eşya satışları,2026-10-07T08:14:54.784617+00:00
2026-09-28T07:00:00+00:00,Kredi & Faiz,"Merkez Bankası faiz kararı 2026 Ekim ayı toplantı tarihi: TCMB faizi ne zaman açıklanacak, toplantı hangi gün yapılacak?",Uzmanpara,https://news.google.com/rss/articles/CBMi8AFBVV95cUxNdnhHWTQxWHJkZWpLczd4YkFEdkNKQWFiaEllYmRNa1JNSV9sSVZnSHljRVJBbXdDczVWOUFJUGJxbXlhV0k4Nk14b2xBaWdQRFlSTW03bk1XemZUWmQzVUlnN1JtcFpVNFpZd3dqQTlCeXJKLS11aVdpVHREdkZwNWZCMDA4TnBvXzYwazNWcld2b1k0U1hDZ0o5OGQ3ZF96NjNQamdpblhFTDVMTnJQa29Pb19Pa0ItWWhQSDFBNGYyMVNUWVJ2TTVjUGdhUUt5SmNJWG9LeGk4aDNQcjV4OFBZZFhuM2VwSFd5YjcyN2c?oc=5,TCMB faiz kararı,2026-10-07T08:14:54.784617+00:00
2026-09-28T07:00:00+00:00,E-ticaret,Türkiye E-ticaret Meclisi Toplantısı Gerçekleştirildi,Türkiye Odalar ve Borsalar Birliği (TOBB),https://news.google.com/rss/articles/CBMic0FVX3lxTE43eG9OeUFGa2wwX1cyYVRmV2lpYjZkZEJybngtWi1SdnF6cy1VRjFkX05FNDBPWW5mVXdxZlp4WXdOTzZSb1BaeHpaczVOVW51TENub0tIUzBzZlBSWWdRS2p1ZEhUYXJLN1BEbkVQc2R4T28?oc=5,e-ticaret,2026-10-07T08:14:54.784617+00:00
2026-09-28T07:00:00+00:00,Kartlar & Ödeme,TÜPRAŞ ikinci taksit temettü ne zaman yatacak? 2026 ödeme tarihi ve hisse başına tutar | Özgün Haberler,Yeni Şafak,https://news.google.com/rss/articles/CBMizAFBVV95cUxON3F5ejAxZF9DelJOVUhfck9fc0h0UEQzZnRLdUZERDEzLXdSQmoyMlhmZ2VIQ1BaNGlzMkJPbDNjcG50Z0Flek9GWFllUlVSTDRBQ0NTaFNpckQzaHNDQXNxWndNcEM2anJvbDdXZEFsaFk3aEZwZ1J2X2xaZGFMNl9hR01SZG1COUQ5d3dKdGFMZ2lhQnhNWG1FcjRKaU9GdlI5QWhWXzFxZktwVVRuLUtZVjVvcjV5ZFFEUEtxR0ZkNzFRTXBhZXRNZHk?oc=5,taksit,2026-10-07T08:14:54.784617+00:00
2026-09-28T06:51:39+00:00,Piyasa Göstergeleri,Dolar kuru bugün ne kadar?,Uzmanpara,https://news.google.com/rss/articles/CBMigwFBVV95cUxNV2RucFFNSzlWWUdmbW1tdU5OMGFmOEZZQzVSM3N1bEZOMnRUWVlMS2duRW85bDBfbVlEUF9RdnM2azd3ck9FQ2l2Q0s1SkNlZklTMTNjTkxZbVgtQk1DYy1TQ2RHTjgyRUcxLWxTSzBVMUk3LU9HYU84VDhrX2Y5Sm04NA?oc=5,dolar kuru,2026-10-07T08:14:54.784617+00:00
2026-09-28T02:17:18+00:00,Perakende,"2026 3. Çeyrek Kar Tahmini: Perakende ve Petrol & Doğalgaz Sektörleri Hızlanıyor, Menkul Kıymetler Sektörü Aşağı Yönlü Baskı Altında",Vietnam.vn,https://news.google.com/rss/articles/CBMixgFBVV95cUxPM25HaklqSlBHdXRxNm5uRFBLeWY4N2FKMVE3YUxveHNQbVJQcTdybWhSUXBfM2ptU3kydTAtSUh0R3hvRER6WlNlNUdoNWRrTm0tNHptSjR1LXpqOU13dXlzc1hqWnVyY2l4cTEyQ2NBVTNpcmlXMnBkZWlRekVXTU9sdzNhTlVoS1dBZ2FlUzJxVHhiZE1mSGxzVkdmTS1XelA0YWFHV0pQQVhEUGZSc2NldWR3c29nbEpBR21uUV9LYUpnZnc?oc=5,perakende sektörü,2026-10-07T08:14:54.784617+00:00
2026-09-27T14:12:00+00:00,Rakipler,Çanakkale’de yangın sonrası Teknosa yeniden açıldı,Çanakkale Kalem Gazetesi,https://news.google.com/rss/articles/CBMimwFBVV95cUxQUjYzXzhUSUhKWlQ4Tm5GdGlPbjFQSWRKNDBmOTFVM1ZRS0ZiZzl5VFJYcjlNZ3dDYW5TaXBVbmVsMXdIemZaSmNEQldCbVVrQ1p3RHVVTEZkeExlVzcxcTNkdFZUaGp2M1lCdkg4YmpLcUFZZWJNaFdkeDdmWDdkbTI3bTE3cWJZWFJidjFneGwwQ3ZKbmVFUlVEYw?oc=5,Teknosa,2026-10-07T08:14:54.784617+00:00
2026-09-27T09:41:22+00:00,E-ticaret,"E-ticaret posta sektörünü büyüttü: Yatırım 3,5 milyar lirayı geçti",İstanbul Ticaret Gazetesi,https://news.google.com/rss/articles/CBMiogFBVV95cUxObnJmUkNhUk92Mk5UV3Fsdk1Bd0RrX21zRDlhUkpaS2l5bWVHX0pwSzRuenk5M2FPWHVaNGZydXI5dUVDVjN4UkIyamZUV2RMQ1ZxakRnRXhhQTVILS1jMm9iNDJHT2FvN2Joa2ZNZm5zX2hab0lna2xQUGxidzlNbmJoR2NvRHNWMnZqQXNOcUJSUE9vRVA1N3A3UlE0ZkIwZkE?oc=5,e-ticaret,2026-10-07T08:14:54.784617+00:00
2026-09-27T09:04:00+00:00,E-ticaret,"E-ticaret büyüdü, kargo gönderileri arttı",Sivas İrade,https://news.google.com/rss/articles/CBMijgFBVV95cUxQOGlYa0tnX2ZvTE14cnBtb0swa0VGYnpzbUdWX2VyWU9FT2dCUUNwNUVqaUs3T3ZQR0JiOUtWZVNKS3dkUHZMdnplWVdILWZRd2JOWU90aEZqaTJnWFBjblhYdHdNTkh4UzhkVnpxYy1XSldxWThvX3lKbVhIc2VUOXhWdFN1eWF0YnlFODJn?oc=5,e-ticaret,2026-10-07T08:14:54.784617+00:00
2026-09-27T09:00:00+00:00,E-ticaret,"Girişimci Kadınlara E-Ticaret Desteği, 1 Milyon TL Ciroya Kadar Komisyon İndirimi",Uşak Haber Gazetesi,https://news.google.com/rss/articles/CBMiuAFBVV95cUxOcUIweS04aXY2Mm5COEFaR3RjWGphcy1SZ3JGOFVSTzd2bk94QWIzeXhhb09DdmV2SS1LbGNfUlo3V09OZ1hJLU0zSkItRE5mYURRMm55QllTWUhTR3ItSWkxZHlGUERIcE8yWWUzdzBzTHppbE5LWkdjblVwZ2F2Mkc4MTd4LUxzSDZ5YkhWYkFoWWdmVU52MDFiaVVxRHVXR2tiMVdra2NkdEM2X0lLdFZ0M3U4bXdv?oc=5,e-ticaret,2026-10-07T08:14:54.784617+00:00
2026-09-27T07:00:00+00:00,Bankacılık,"Özata Denizcilik yöneticisinin babası BDDK üyesi, kayınpederi bakan yardımcısı çıktı",Diken,https://news.google.com/rss/articles/CBMirgFBVV95cUxPQ000WXdiSWQ0bjcwaXMyTVhOUUE1YjhoUzRGbUwwQkJfQko2alBWdDdlM296VlJzc2V6N1NpclNZZ0llb2RFRms3elItWlN6NENKN0RIcW5KanpYNmlxM05WNmdYX1J5TmNHb0lXY3Z5VU9YRzROa05RTEFGWVE3ck9lWW9nSzZQd0xJbVpqMVJjdWtBMDVmZldFbTkzZEp0UFRESHFEV1ZfVmd4WWc?oc=5,BDDK,2026-10-07T08:14:54.784617+00:00
2026-09-27T07:00:00+00:00,E-ticaret,Online alışveriş yapan milyonları ilgilendiriyor: E-ticarette bir dönem sona erdi,Yeni Şafak,https://news.google.com/rss/articles/CBMiigJBVV95cUxONmtZYVpDbWh0MnIzU0hVSTNONERaeHc4MlFNQ1FSc0NkMFVJVEYtRmNXamlTdjlJRl9hRmhTVnNlemhWTjJHTXZJeERMU29kSWVZUS1MMldaQjltTEU5QWY2ZFZJRkR0V0lZckRINEM0TkUzRzI1T0thWFpWYko0ejBxTXpDVUJnSzE3WXk1bmk3bkM4U0lZdDZ1dS1DVng0VUhLbEhVeFZTSzh2Rmlhdkx3TVZUQ21pTkg1OE9wdGQycDc2VzdKb0IyZUFVLVJMb0p0RW1uSkJKMVpYZlJ1RXBjR2lxM0Q0Mkt4c3k3elVNYUJhQ0VhTkl2elBsZmZyMkxWVXFzd2M5QQ?oc=5,e-ticaret,2026-10-07T08:14:54.784617+00:00
2026-09-27T07:00:00+00:00,E-ticaret,Online satış yapan herkesi ilgilendiriyor: Bakanlık tek tek hepsini silecek,Sözcü,https://news.google.com/rss/articles/CBMiqwFBVV95cUxQal9idUhVXzRmUi1sSUxNRTJGM2daYk1KV2dtcVJNWGdkZlRUZV9hTHU3UHdqdVpsdHBsNDdMSnoxcThxNEFxMHdVX0NWMXJ1NFFDS2E2N3AwdmEtV2J4M09BOUpUV0R5ZFNmVkhTLTRkQkxuUFdqZmF6N0cybWZFYU43cmJvRnVRcGRsY0x3ejcwZjM1UmJ3LTVFNFVSakpzV2d0Z3dKTE5oRFE?oc=5,online alışveriş,2026-10-07T08:14:54.784617+00:00
2026-09-27T07:00:00+00:00,Kartlar & Ödeme,TÜPRAŞ TEMETTÜ 2. TAKSİT ÖDEMESİ NE ZAMAN? 2026 TUPRS (TÜPRAŞ) temettü 2. taksit ödeme tarihi ve hisse başına yatacak tutar belli oldu!,Habertürk,https://news.google.com/rss/articles/CBMi9gFBVV95cUxPMHdNYUhNbFFkd0RSaXV5TmlZdDF2NWc1a2VNVWx0ZzluY3o5d3ZWLXFLcFMwTHlDdkR3aEV1QTE5RVUxWWtqeThhalZ3S2hxZ1AwdjJGeUVfcnlONXhWbnhOcHh1T1pVYk02Y2lyblYzWjZwSEFqcVlYMFljb21QRmpnNnhqelZwaDNIRmM0Y0dLSG5abDZ1aDExSW9YdHRvX1RxNEt4SjJZOXR4YTZzZGxOYXhRU3J4OEQ5S2hHcnpwWEgwQzFyYW9acUN1alZGY25fZzBTQy1tdHM3ZjE1SFNwVFNpcmxwTHliR3VHVUJDdDl5eUE?oc=5,taksit,2026-10-07T08:14:54.784617+00:00
2026-09-26T21:25:00+00:00,Piyasa Göstergeleri,Tüketici güveni eylülde arttı,Toplumsal Haber,https://news.google.com/rss/articles/CBMie0FVX3lxTFBwcWFOS1Q5d19DdU4zM3lnYWR6V0xrcUs0MWdYZGo2QklOamRxTHdCeU9ZQWdEV0VzcFJETHVMRUFEeC1MYlBVZmFrb3FvU09HNndtazJpcUVLV1VJWWFKSVhXelEtRUJ2OVQzS3RSc1NLVFhscDlnTFcycw?oc=5,tüketici güven endeksi,2026-10-07T08:14:54.784617+00:00
2026-09-26T09:04:00+00:00,Piyasa Göstergeleri,Tüketici güveni dibe vurdu: 74 yılda sadece bir kez daha kötüsü görüldü,Dünya Gazetesi,https://news.google.com/rss/articles/CBMitAFBVV95cUxPcy1yNlgtaGpjcXlfQVV4a1Q4RnZxWHR6MGVUSEk1RmcwY215T0laeWhJcDFHRG9lbk5SUW1MSWZhVXJfWVplTUhkOXFXejF4aUNJVklwa1IxeEJueURKLUV5UDNxUTFmd052Y3JCWGNJTGxqZkVTd3gxdHprOGVoaVlkUkpkbDJKZWFWN1Zzb3lSblBhLUk5RTl4bkdnQ0JDekxDc1JPWnBQVmRWM0Z4bTQtYUI?oc=5,tüketici güven endeksi,2026-10-07T08:14:54.784617+00:00
2026-09-26T07:00:00+00:00,Kartlar & Ödeme,"TÜPRAŞ temettü 2. taksit ödemesi ne zaman yatacak, hangi gün hesaba geçer? TUPRS (TÜPRAŞ) temettü 2. taksit ödeme tarihi 2026",Bigpara,https://news.google.com/rss/articles/CBMilgJBVV95cUxPSkpoWXJaT1RKQ2htQTViQ2plcVg5cnQ5cUlWUl9rTHpvMlhOWWZDNDJRSnM0TTlOVG1NSE5wMVI0RVl5bTUwSWtpQm5lUmc5djVuWDNKWXZjLXhWWDBEY2g5dmt0bnA5YkdTaHQ0emlGMWhVdFVrZEJBNHJISWQ4MTJST0IxUTFfN1RoOG9pZmdxUXF1cHNSbk9ZZkNhY3Vta3hJeGpKTGJsZEdKTHp4OGhRZVRHUzJLLVNMalNpZkJkT3c5OTF3cG12V2I1WjYtZUtLalMwWk0tbHotelNTcWVPNmE3QTZDblpReVdOSlAxR0tVQTZiU2ItWktqYkh4Yi1JSHZEdDBFU0hFZ1k2cWlzZ254dw?oc=5,taksit,2026-10-07T08:14:54.784617+00:00
2026-09-26T07:00:00+00:00,Piyasa Göstergeleri,"TÜFE EKİM 2026 YENİ KİRA ARTIŞ ORANI: Yeni kira zammı ne zaman, saat kaçta açıklanacak? Kira artış oranı hesaplama nasıl yapılır?",Uzmanpara,https://news.google.com/rss/articles/CBMiiAJBVV95cUxNTkZQNHRWQno5bTI3VHlORGVfMS1nS0QyU09ta0pFdThIWkRHR1l6VDI1alJtaVB5TzZoSEtfTTEweFYtSzZVTVMwbm0tVGZ0Ukw5MG1zNWxyd3p1LTlGeWtDUVRreHVvTHBydXozcWs3SW5tUXFTcDJZamtnNE80cnMxQzVfV2VUMGxjajUyRWR2Uk9mT2xpSE5xc3JuSXEtOEw0SkpEdTdrYWF5MXFVNXVDMHhmN3dTSlY3VmJtNGxJMUNtRnJKYi1zMVpiZVNEY3lFcHFHUXhFc09KNmladGM1TnNKREk0TEVtcGZmSGFMQTdVWk9Lc29yWVV0QjlqX3I5Q1c5SEg?oc=5,enflasyon TÜFE,2026-10-07T08:14:54.784617+00:00
2026-09-26T07:00:00+00:00,E-ticaret,Vietnamlılar Facebook üzerinden alışveriş yapma sıklığı bakımından dünya ortalamasının iki katı kadar fazla alışveriş yapıyorlar.,Vietnam.vn,https://news.google.com/rss/articles/CBMilgFBVV95cUxQOVdRV19NSWlOVUpveDEweldkc093cEY5anRaTktDdFVfSkhacDlFNjE3Z1ZYSm4tSzd2TUc4SUtBcFF1c2RONjNaQXkzeU8xb1BlMjhCcjktYzVTLXFiUmFXdjVsVmM0RjhIZHJKWVlGTUw5ZkNuM1BsRjNKdWdLcG14UFlOb0RhMTd1dzNvYkI2bGp4T2c?oc=5,online alışveriş,2026-10-07T08:14:54.784617+00:00
2026-09-26T02:56:57+00:00,Bankacılık,"25 Eylül 2026 tarihli banka faiz oranları: Faiz, vade başlangıcında tahsil edilir, ek hesaplar açılabilir.",Vietnam.vn,https://news.google.com/rss/articles/CBMiowFBVV95cUxOM1FGcHBXYnBaWFRNTFFuNmlPSEdZNzR0d3JpTE1va05MTkxWWnlDS05ISE14LTlWdU5PbzZ5cEhNY1l2ZkZkYk1DNVFKNUFQRUJZRDZscXNvcUVQZXp5TWdzeXhTZzBJX3hDcTdIQnJyVTZUMzhmdWxBNDlkMDJ1ZGVJVjFOX3pnS0hXU2J4OWtpSW4tT3VjaGx5RGdEYmRFTnlv?oc=5,mevduat faizi,2026-10-07T08:14:54.784617+00:00
2026-09-25T19:18:51+00:00,E-ticaret,Türkiye ile AB arasında sınırda karbon düzenlemesi ve e-ticaret görüşüldü,Anka Haber,https://news.google.com/rss/articles/CBMirwFBVV95cUxPdUJoOXFCazJqM0xnNTZaYnh6X0VlODNYYmJzVDlPS2FVTzlqOS1hOGp5Q3p1STlqV0NXa2tPeFZ6bDY0UGdVUEZyczJTdVhxV1g5d1ZEWHl3RTZ5bDVhNUoyNlAxMzVucm5PemV6WmxsbDY3c1kxaVJQRFNDczVVd0FXeUs2S2ptUWxvUl9DQW91aFhHUTI1M1RKWk1XMC1CX3Jsd0tfNGVuRHMxamxJ?oc=5,e-ticaret,2026-10-07T08:14:54.784617+00:00
2026-09-25T16:10:30+00:00,Kartlar & Ödeme,"AUSTRIACARD, BAE’de Wio Bank İçin İlk Jaywan Ödeme Kartlarını Teslim Etti",TeknoTalk,https://news.google.com/rss/articles/CBMiqAFBVV95cUxPaUZtWWk1VUd0LXhCaDJfTWQzdXZRX2l2bUY3S1VodlVfN1phd3BCMHIzVmR3blAtUUNjSVRCYnprMGxoN0hDazI1cmpnbGpqZ2Fiak1FSTZubFY3ampTbFVIbFpqNERNaE4ycWotZS03Y2ZLaUZWcG5DMHIzQmNyT2dObzNnd2JHaFhJcVpCTmlnVC1JZEZpNlU5UjFOU2Q4a0R3ZGRTcTQ?oc=5,dijital ödeme,2026-10-07T08:14:54.784617+00:00
2026-09-25T15:02:24+00:00,Piyasa Göstergeleri,ABD'de tüketici güveni dört ayın en düşük değerinde,Bloomberght,https://news.google.com/rss/articles/CBMikAFBVV95cUxQS0Fld1NUMjZzY0FDX0pYVDM3OWk0RGRBVzRobE9JRVNteWdWQ0hTMnlzakFLT3lqUjd4S201ckVzZ0p6MFZlTTh6OHV0T3l0V2hNRmxEbXdrZUtnMEl4WDdscGpkcWhUYTNuUkxZRXl2QTFrU2JHeWVZRlZaeVM2X080NEp2STJtNDdkOEh2SE0?oc=5,tüketici güven endeksi,2026-10-07T08:14:54.784617+00:00
2026-09-25T14:53:00+00:00,Piyasa Göstergeleri,ABD’de tüketici güven endeksi eylülde yukarı yönlü revize edildi,borsagundem.com.tr,https://news.google.com/rss/articles/CBMinAFBVV95cUxNbUlwZUlfTDNzSjNZN3ZZdVJQcF9KbnY1RUFuaHpLbDQ3UkwzMzR3MHdOU1RTNFNGd1VkazgyMnRqUG9XRHZ1NVZ3UURtVFZWVmVtaDdMa2o0R3lmcmlCenc5eTlMNkpmU1NLeTVYaUp5M1R2cTZtOVk5eFBCVmNKSmo2NzE2UkYtVXNiMWtHVjNxZXlGRzduUnlOMUM?oc=5,tüketici güven endeksi,2026-10-07T08:14:54.784617+00:00
2026-09-25T14:09:11+00:00,Piyasa Göstergeleri,ABD’de tüketici güveni dört ayın en düşük seviyesine geriledi,ekotürk,https://news.google.com/rss/articles/CBMipAFBVV95cUxQWDJ2QWg3TGZIVG53YjlubFBnbWVDejZiZ1R3UWJCeGdnaWFsSWZwdDY2VHhkZkRnZVNRSVV2WnBTUFZVZDZMYmpzZ2k5SFlMWHd6OTAzdTV5Qy1tOGJnaHo1eS1JUzRFcnlyMFZCQ01fdDJoSnVyN1ZHUmRidjRfYVJ1dTZmUUgwbmtIVGdmZ29FYkdKaHBER0FWS1phVEdmV0UyTQ?oc=5,tüketici güven endeksi,2026-10-07T08:14:54.784617+00:00
2026-09-25T14:00:12+00:00,Piyasa Göstergeleri,Almanya'da tüketici güveni sert düştü - Ekonomi Haberleri,A Para,https://news.google.com/rss/articles/CBMihwFBVV95cUxQV2g2Z2luYUNZUnFmc3dydFVMSjJfYTBXZlA5S3A5dmM1UGRVLUpweTcwZjRDWjVhUGVvclNleWJGU21Ub0VIS2JCOV9hZF8zSDZWcEo2MFZER05qMjFfQU1yS2EyNEtBQXpQVm45M3RxNHQ1LVZHYWdtSlZubEVfSVR1Wl8yQjQ?oc=5,tüketici güven endeksi,2026-10-07T08:14:54.784617+00:00
2026-09-25T12:44:06+00:00,Kartlar & Ödeme,Sınır ötesi QR kodları: Turizm ve perakende sektörünün büyümesi için yeni bir itici güç.,Vietnam.vn,https://news.google.com/rss/articles/CBMilgFBVV95cUxPak1SUDJFbTYyV3poRlQwWlJGems2d0I5X2tWakhRc1BtVDVock5YT0x1b0RqR2t5WFRKYlhNVTFzVjRZZWlKODFSbktlWWVybXNaNzNJelBmVUU1dUFlNjE0eXJFbFQwZGkyb0Qwa0o2bjBjYW5QdW8wWU9WaG4tUHNwc1RpVVlEUnN6Wk9zVjVmbGFtN3c?oc=5,dijital ödeme,2026-10-07T08:14:54.784617+00:00
2026-09-25T10:03:00+00:00,Piyasa Göstergeleri,Kart harcamalarında yön değişti! En çok para bakın nereye gitti?,Bursada Bugün,https://news.google.com/rss/articles/CBMirwFBVV95cUxPU0pORFNWUUREVUQwMVVNYngyVVk3ZWFCOEx3X1FaU1J1TWFHUzFMcTdubHNuMGVEejNzNHBlLW8zbFVqTHhPOUVXeGYwRjlZRm1DRXRqSWhsNGlYZU9OeDlHMVNQbVAxc25kSTAyc1JUOVlKbDZIbng1d3hoQnJJVVVWdWVQWnA3MlB2bUozQnM1T0NRdWZTX3V1RUg2MnNQWUxPdDdrU09CRU1DRzhR0gGyAUFVX3lxTFBtR0NaTE1DRjFKSk5lWS1PZDZzb1JFamlMOEtSZEFwU2dnZG5zNWlrNFprTng5UG85UWtYdjFVeXFtY1NuUUVsY05EdkpwWEJXZThmdzF3T3ItU3B4U21ULTAzXzcwZEkxZkE1SXRlMURmZnAzT3ljLUsxODdBWV9oMlRjdmxPU3M3Ulgyd1VoNDRDY3dZbXl4WFlnQ1VJaG1OeUdFcFVkN2dfbGFWeDlBOHc?oc=5,kartlı harcamalar,2026-10-07T08:14:54.784617+00:00
2026-09-25T09:41:03+00:00,Piyasa Göstergeleri,Kartlı harcamalarda dikkat çeken değişim: Market ve akaryakıt yükseldi,Türkiye İş Dünyası Haberleri,https://news.google.com/rss/articles/CBMirAFBVV95cUxQRGE5M2RBV3ZYZVRGWjhVM3VBQVdYaXFmQnY1dGJwMEtBWnJCVlBDbV9BUnpGNjhhWE83UjM5Q2Y2ekFLRmV3TVdQdUo5Z3F3MGQwSldJTTNLMXlVX3Y2R3d3MERYQUNfeDlpWl80U1dTSTNJcjBNUUFiaHRGQ2hqZVA3OEllYzBxUHBaNkRqZzlqU1pwMjM4aEJDeVNNNklKd05QRkxJQjBzaU1C?oc=5,kartlı harcamalar,2026-10-07T08:14:54.784617+00:00
2026-09-25T08:51:00+00:00,Piyasa Göstergeleri,Kartlı harcamalar 680 milyar TL’yi aştı: En büyük artış market ve akaryakıtta,Kocaeli Gündem,https://news.google.com/rss/articles/CBMitwFBVV95cUxOVkt2OXgwSFJLbXdDeDNxemlPcTdzUV8wNzlZWWU2QnowblZfSHp2c2FqdjVINXJlNlVTSmFRZmpMU242TDRxMjlBaGJUNGMwV3NWOUQwbDF3SGRYb2J1TV80TEFKUlktNnpXQXNVcjFqa0x5aTRvR2t2OXdXYjFBeUZndHV5RmZRT0JQRmJ6MGRCcGdXaDBscmtoaWNZRkMzdkc0QzlodjExTXVuTGt4YmRGWTRvS1nSAbwBQVVfeXFMT2pzWkFHYlRZUER2anJWQnhQbHdXT2JVNWx4NHQwTEMxYkVxRmlhc0JodXF3NmxtNW9GOThNcm51dnBzYU9BV2hlejVacUdqTmlWVXJxUC02X1h1VUszSHJXS1RmdlZRWTZ4cEpPMlE0OHFVSHJJOHZCY0F5M252a3NVUlhDMUUzblVKT2lEZVBRanJlQ2NqU1BEYVZFcU9LcUVSWlhWb2lBSG1VUzlNc3IyWnFOMzh5VTByQ0Q?oc=5,kartlı harcamalar,2026-10-07T08:14:54.784617+00:00
2026-09-25T08:31:14+00:00,Bankacılık,TL mevduat faizi düşmeye devam etti,hibya.com,https://news.google.com/rss/articles/CBMibEFVX3lxTE5FNXFzT3lnQWxOamdxVDFKWUdRalNpYWtTZktvUE56UTFmak9CYXpMN2ozR1QxcXR2Ul9HVW5JRENpemRZX1hWRmpPRWJnMlBXZDlmdVREQVBuRS1wMWItSE5zQzN4TVI0Qm5oMQ?oc=5,mevduat faizi,2026-10-07T08:14:54.784617+00:00
2026-09-25T08:04:50+00:00,Kredi & Faiz,Geçinemeyenler çıkmazda: Batık kart borcu yüzde 55 arttı,Odatv,https://news.google.com/rss/articles/CBMiqwFBVV95cUxObElwekZQeWdkdHpnNTNNVnVCNXAwSVg5dVo0RlNtLXBUckZCT3VrVF83Nk1oUmRuSGxvN2RMM01ycXVySEhkSXRrVHZYb0t3T2MwbWdGcVpQbUF6NmJQZWZ5RXNxekRVSGxiQVpYMVkzOU0tM1lCSmFDTUM0V084eXFEak9ON0xseXNRTUFtS0hCV25DNmpZLURjcGxoNkxIc2RZZFVzUzhSV1E?oc=5,tüketici kredisi,2026-10-07T08:14:54.784617+00:00
2026-09-25T07:00:00+00:00,Kredi & Faiz,Tüketici kredi büyümesinde sert fren,Bloomberght,https://news.google.com/rss/articles/CBMifEFVX3lxTE5rc2Z6M1E1OXJFbjVyU0RUck0waEllV2VLSDlENms3dVhZcExCcmRpU2F3M3FtMk9uS05TWVRfZFhnM2tCbHZKek1HOWl0clFxWFV6ZWRMQXViVUkxc1NfU01uY2dVLTkyQzFzY25vZTBKbjJwRHJNT1doWC0?oc=5,tüketici kredisi,2026-10-07T08:14:54.784617+00:00
2026-09-25T07:00:00+00:00,Bankacılık,32 Günde Ne Kadar Kazandırıyor? 2 Milyon TL İçin Banka Banka Hesaplama,CNN Türk Finans,https://news.google.com/rss/articles/CBMi3AFBVV95cUxOVHA1UzFwcGdKM2xieW5MbzVfNWRsU0podlNCVkNwaVVKbkotcFd3b2YwR2h2THJCUEJlSm9iZFZmeUN5aFNETkFlVnJXUTFNeTNUMmJHemljb29LazJJWU1hVkg5NW0yb0FJV1V4LUxVV1hhd3ktTjBCYWxOd05wRGJjMUR2T1RFbXA4Q19sWTVBR2lxOXN4YXdiNzcyREdKd3RFdDNReW5pem1xczNKVUN0Z1c2Q0V5SUMtU1dtSzhjZjdDRkxVYU53ZW93NWJoOU9YMXdTSmVISXQy?oc=5,mevduat faizi,2026-10-07T08:14:54.784617+00:00
2026-09-25T07:00:00+00:00,E-ticaret,Kadın girişimciler için Antalya’da e-ticaret ve yapay zekâ eğitimi,T24,https://news.google.com/rss/articles/CBMinwFBVV95cUxOckI0VnBwRTdPQnVBVC1GUzZzRzJBUmpZRldCT1R4X3hfS04yRFVMNk15anF6RWJxZmd2cGpWX0toUXFEVnRCcTl0OGZEejdBb3FHanVNQl82ZktmUXhYcGdPWEhoLWxZQW91emowX3UtRkc5MWppeDljVEFFZFhua1NfUWhKa3VEb2Y1b3BDZUtWUXZFdllsbGh1cFVIZXc?oc=5,e-ticaret,2026-10-07T08:14:54.784617+00:00
2026-09-25T07:00:00+00:00,Piyasa Göstergeleri,Kartlı harcamalarda haftalık tablo: Market ve akaryakıt harcamaları arttı,24 Saat Gazetesi,https://news.google.com/rss/articles/CBMipgFBVV95cUxPSVJtTXZOcTdjVHNoM0pQcE1TeGE4WkxyNG45b3NvdHFQX3RRZlFzV3FFbV83cDczbW9TWHBFUXVvWUJKQWt0WG5VZ1VOeVRDM0RTcFdnYlE3R05TQmZ0R3VHLUluMU1vY0tqcWY0ZHlvN3U1YUp5WFpJVW1PZjctRGFGZE5FM3c2NUVjQUs0TVJWVHVhQzlwZE5rRWRhdjA5UE1yREN3?oc=5,kartlı harcamalar,2026-10-07T08:14:54.784617+00:00
2026-09-25T07:00:00+00:00,Piyasa Göstergeleri,"ABD'de tüketici güveni dört ayın dibine indi, enflasyon beklentisi yükseldi",Foreks.com,https://news.google.com/rss/articles/CBMi6wFBVV95cUxQSkpjQmd3U3pnaHE2TWF3cmxGSFc1VEpTWllBZWwybThMM1BhZ3JLS0dYYW1CM0FnQlJvQ1dqQ0xsQk96cV8tRzE4TGZFaGVkRUNyQmstMlpuTWVKcWs3YkxuUDV0Nng1YXVNRjk4SUdCRVlDdV9NNGpTSk9aZE13ckMzZHRhVndZR1U1TFUzay1mYVBLM1J4bHg0UmRiRFdLN2FXVWJQVXJCRDRvck80ekpPZnpfYXNxcW1FUW9tajBuM0hDNjZBRmhtQ3E5aTFZMlVzUFJpT1NGQktKOG1YRWk3ZE4xQmVSYTFF?oc=5,tüketici güven endeksi,2026-10-07T08:14:54.784617+00:00
2026-09-25T07:00:00+00:00,Kartlar & Ödeme,VietinBank sınır ötesi ödeme bağlantısını genişletiyor.,Vietnam.vn,https://news.google.com/rss/articles/CBMihgFBVV95cUxNOUVNaXp5c0tqNEpGTld3YTdsNEJmcHhBZHVVLWV3UWJWelQyaWRVbVF5dVVyQlo4WllJYUFqeFphdVQ0eDFVMmNOVy1tN0g0Y0FjaHR3amx4WkJTWWlqUzJfb0ZXUU9HRlBWS2tMakxDNjdKWko5bVdpeDlEVXRsMmNUTXJIdw?oc=5,dijital ödeme,2026-10-07T08:14:54.784617+00:00
2026-09-25T07:00:00+00:00,Piyasa Göstergeleri,Almanya'da tüketici güveni sert düştü - Finans haberlerinin doğru adresi - Mynet Finans Haber,Mynet Finans,https://news.google.com/rss/articles/CBMilAFBVV95cUxPLTRoaC1iWXpjV2lGaWlOc3FiVGJ0QjVfcU9CNDkxMHlSUGlrQlpzenhRNlR3SGNjVFdDTDBNMktmb1kzMVlqMFJSUTZUcEJJNXBxSzhoZm55S0pLODAwa3E0NXJpX2p6aDhMQU9pbWtMVzNXbUpFeTZHZ081OWo1SGUydGJHSWpmQWpqUnN3MTVscGVf0gGDAUFVX3lxTE1fM05WbjQzdmR6bUlpV2tNWWdfNTBEQTh0cmhSNFVNdnl0TGZjN1JyNFBaV0pOTEV4LXNuZk5EQmxhckpYd0ZyR256UjJyaUJwWkI4ekJ6Z0c1NU05TUZJUXVVMnFmRTd3elFLbVlDcDluY0RMcnVhU0VQUU1FejM4S3F3?oc=5,tüketici güven endeksi,2026-10-07T08:14:54.784617+00:00
2026-09-25T07:00:00+00:00,Piyasa Göstergeleri,"ABD'de tüketici güveni 48,1 oldu: Enflasyon beklentisi yüzde 4,6'ya çıktı",CNBC-e,https://news.google.com/rss/articles/CBMiqgFBVV95cUxQd2RlVXVRbkJXRzk4TlhCUzZPQWFsdGNEVmU0N0pxUFQzZThIM3BQalU2Ml9NZGdQRFIwSU1JQmVwWnRjZ2tGbjRJOTJBU2JiT1RPdFMxX0RVdzJnOVpYNkNhZ3dlQVEyekNiNE5DQ3lmbkdnRlM3M2kta1JKRUFramxXZHVnZE5YRlBQXzczMy1nTE85WVo4eFk3V21SZWpneEVkSzFtWDg2QQ?oc=5,tüketici güven endeksi,2026-10-07T08:14:54.784617+00:00
2026-09-25T07:00:00+00:00,Bankacılık,"25 Eylül 2026'daki banka faiz oranları: Yıllık %9,6'ya varan faiz ödemeleriyle rekabet halinde.",Vietnam.vn,https://news.google.com/rss/articles/CBMisAFBVV95cUxQRGFZaHVHUkE5Q3J0cW9SR2dFQk4yQkRhN2NYRno0a2dqc2VHMlIzVEUzSF9NRTA2SjBHMWs2Y0Y3RVZJNkNlRjRzYVdDRHEyN3NsZFVsQUZrUDdROVhZQ3FVWW13YTg0Y0NsMzU3Z3Qwc1dIbnk2bjVvWFBoZC1NWlVxem9UblhEOG9XVjV1aHRRYURMN1VIVHhvTTJVMUw1U1ZzaHV4dDM5NEgwZENfbQ?oc=5,mevduat faizi,2026-10-07T08:14:54.784617+00:00
2026-09-25T07:00:00+00:00,Piyasa Göstergeleri,"TÜİK ENFLASYON BEKLENTİSİ SON DAKİKA: Eylül ayı enflasyon oranı ne zaman, saat kaçta açıklanacak? TÜİK enflasyon rakamları için kritik tarih",Uzmanpara,https://news.google.com/rss/articles/CBMihwJBVV95cUxPa0tqRkhHczdzTzNFRl9jMzc5S2YyVkxITXdNeTlISXZ2MG4wdm5lT2dZLWVCRzZ1Y2t1RHdhbXRmSW9WQkotUUhMTGtvU1N2bzVFTVNMVURPTEdJaWFDelJaSTRYbkwzXzRfRThkYVd6dEZiU0dRMEphUzlDMV9tUnctSFVPN1JXWlhvWkRBMWF1WW9rbGVjWm5CUE9RWm96dGVMd09UY2JvZ01XYnpaRTFnTXRiOE9nS2pWX3JSSDNWVGtHM1RGYW05dTVtMVM3VnRsT1NXZDF0cW9rR0ZNLXRPV25Md0pDbFNfQWVwTlpXZzNUamVWTlBTUWxtcnZqd0hCQ0N0Zw?oc=5,enflasyon TÜFE,2026-10-07T08:14:54.784617+00:00
2026-09-25T07:00:00+00:00,Kredi & Faiz,Tüketici kredisi büyümesinde ani fren,Bloomberght,https://news.google.com/rss/articles/CBMikAFBVV95cUxNeGttZTNuQWJCMFZ3amVkc1hHUzBvNFBua3lwLTI5ZWNXVDRhVTNqQl95anJRcEhUY05FNGxtNmZGcXpvVmc2ZkpJWWJXMEtBMTBORE8wVnNuMDRuSnhTQldQbFBsM2hTdkk3RXJZWV9NN05xR1BxLWhzMTVYbzZ3Z0RuTEJiN1pJb2lsaTBZUnI?oc=5,tüketici kredisi,2026-10-07T08:14:54.784617+00:00
2026-09-25T07:00:00+00:00,Kartlar & Ödeme,"Vietcombank, genç müşterilerine destek vererek dijital hizmetlerini genişletiyor.",Vietnam.vn,https://news.google.com/rss/articles/CBMikAFBVV95cUxNc0FvQllOOHo5bTJTMzdRVTBab2JiZmJjQWptWmpTVnJJN0VzTWt6ZFkySkVRZ0VydE5USEtqT3dMcnp6TV9OdnhOSUpOMXU5Wm8ycHZMSXBaWktVWDQ1dnpydnZMQXpLcGhETmp6T3lJRWR1Uzg2cEJoaU14Vkthc0I4U0JYSUk3ZnZmQmVLaUg?oc=5,dijital ödeme,2026-10-07T08:14:54.784617+00:00
2026-09-25T07:00:00+00:00,Kartlar & Ödeme,Çin’de turistlerin ödeme yöntemi değişiyor: Tencent’ten yeni uygulama,Ekonomim,https://news.google.com/rss/articles/CBMisAFBVV95cUxOSVBBRWhmbmw5WS1NMnBiZVppaXRfM1ZNY1VQcGl3VktSa3d0Q2J2VVh0T0dOZm9DNEdIems2NWVmUGJjT3JLOFFYS3V2cFBWampDX1FMeW94ejBjYmtzTUtnZW9PeUluUjdpSVRiMWhiaWxxMUgtYmRQT2RMSHJfS29TeElmTkh0TENDRjQtcGJ3SGxzQnJFVzd1eGpGMlVfaDBtQm9nQzJ6QzIzWW9BctIBtgFBVV95cUxOZXpuS1NtV2pOSVFIWmM3MXg0bU9OcUh1Q2ZBZHFXWl9MSFZLdkNlZWd6R0hqS3lTVXFONDZzTlNaSWJfZkRhMjZoRXBVa1FGWE1KRkJEUGtKUnhnQnJjVGZETWg4bENMZ3Q2aW1zZzVXTTEtRUNNaG8xWGZvMURXTGdIWl9pMnhhVEoxSmpBRkZLajJSUnhOTmpYZE1HUmdxWUtsNnZVbWp6Y2F6R2xDLUxqYWtuUQ?oc=5,dijital ödeme,2026-10-07T08:14:54.784617+00:00
2026-09-25T07:00:00+00:00,Piyasa Göstergeleri,Almanya'da tüketici güveni sert düştü: Enerji maliyetleri baskıyı artırdı,Foreks.com,https://news.google.com/rss/articles/CBMi6AFBVV95cUxPOG1FQ05xX3N4TElXd0plbjhVRm5MMTRXNjU4aHpNSWlDSzl0dk1jM2dzckhSQlNQaXVCRVJrR1Q1aUZKcXV0c3loVG94RkxPZktXb0Z3YlRKSUxwQkZkR3JCTDdrUDIzdk9MRHdXbUIzb1l5M0xvd0NneDZBZWFJUl9DdU9rTHZnYjJ0eTZRdVRmVzhIdjh3MTBjaTFCWFlNZVh2V3pHaTh3Z0RXc1ltS1VyQ1BzX2JpTzdVY1lXZ19za2hsbWpoWkpjaTJZWVFnVl84d0hOWVhpNU1XbmxOYTk1ajhJME5y?oc=5,tüketici güven endeksi,2026-10-07T08:14:54.784617+00:00
2026-09-25T07:00:00+00:00,Bankacılık,"6. Bölge Bankacılık Sektörü: Çözümlerin Senkronizasyonu, 2026 Hedeflerine Ulaşmayı Amaçlıyor",Vietnam.vn,https://news.google.com/rss/articles/CBMisgFBVV95cUxPcVJFTldXSU5RVVdWN1lZY2tHY0lMTS1FUkRaN0lOQXQ1NDF5Nl9YMjYzOWd2X1NmOFcwVEdJR2dfa2hza2d2OC0xZFpfMk1kazJYOGZibUh0RGxjdFRRdEpWa2pqQmpZX3d1M1dlaVJRcUUwS2ZtTWhIb3ZJNjZwQzdCZjFmYmhOX2RXdkJyVjVlY3VZb1JJUTlpTVRKQWVZZEozM21mcjVwU1hkcFJJcThB?oc=5,bankacılık sektörü,2026-10-07T08:14:54.784617+00:00
2026-09-25T07:00:00+00:00,Rakipler,"MediaMarkt Türkiye'den ""Sepet Kampanyası""",Anadolu Ajansı,https://news.google.com/rss/articles/CBMilAFBVV95cUxNQ2gzZER1Z2g0MHoxOF9LN3BJbldHcnBraGpKYkdWVGEzZkpwdTJlUVJxOUE5Z3JGQkdwT2Vlb3ZyTW5vUlI2akU0UFo4UE82bF9IcmJ4Tmw0Nm5fMEV1SThmeHozX0ZkMDN5aWIzN0RxalVHQlVRWk5ueElPOXVXWHAyV0xaTVJnd3UyLWJSUUMwSkxS?oc=5,MediaMarkt Türkiye,2026-10-07T08:14:54.784617+00:00
2026-09-25T05:10:54+00:00,Kartlar & Ödeme,"Can Tho: Ortak dijital ekosistemde stratejik bir ""bağlantı"" kurmak.",Vietnam.vn,https://news.google.com/rss/articles/CBMijgFBVV95cUxPUnBNa3pmZlpkTFVaYWdLR3BHWnlGZzhwbUNyWWJTbExxd3RtX2d5eXNsZW0zWGJrVDYtOEhsVWtHMDgtcGtWNUN4NHhIUnRsQXIwZGN3MmZWcUR1UjVEN1ZXUEVGM05NQWZfOVpzeHE5cGNUWjRDSTZEZWtWVVFaVHptUTFXbXRQM1VQLXRB?oc=5,dijital ödeme,2026-10-07T08:14:54.784617+00:00
2026-09-25T02:39:46+00:00,Perakende,"Sabah fiyat güncellemesi: Greyfurt fiyatları düştü, ithal domuzlar çiftçiler üzerinde baskı oluşturuyor; perakende sektörü deneyimsel alışverişe yöneliyor.",Vietnam.vn,https://news.google.com/rss/articles/CBMivgFBVV95cUxPSjN5bUFZZUZBWHctcW5HeDJOWldpVzEwVGVKaEItVEx2ZUVBSVRhRFU4VzYwbjA5NkkzWFFFeldUTmtYY3lmZlozZlhTUFpEUnc1ZThRUlpWNmNaS29qT1FRV0hydXpBWjdPQlRoSjNEQzAteTVxdURCT2xYWkNCUjh6TExtS2w5UUItaEIwOU80V1QxOXJlc3FPZzlRd2hocTBCTzBtMDU3bmNNbm94ZHVGQm5yTWh6Q3lZZHFR?oc=5,perakende sektörü,2026-10-07T08:14:54.784617+00:00
2026-09-24T13:47:59+00:00,Perakende,"Kanada perakende satışları Temmuz’da düştü, tüketici gücüne dair endişeler arttı",Investing.com Türkiye,https://news.google.com/rss/articles/CBMixAFBVV95cUxPa1BGNlE5SG9TTW1qZVdOSUpnSVVNTFlJZGxsMmI2OGpoWlR6aGNtLVpVeEViUnlRZ3NJbVN4cktSWk9XRjE1R0t6M01PVTVfMVZUekJRVWtlM2FFNnUzOGlDNVJTLVY3cFNtRHdlUUZ4eWVEMlBVMEVPT2dWZkE1MzR6a3QzcFlLdlFpTjd1NGdtUUJIZk1aM3FQUXpyOGpZZUUydjJtWUR3VEx1eGZvOTJPOW5UcjBFVktpckNoemljNGtp?oc=5,perakende satışlar,2026-10-07T08:14:54.784617+00:00
2026-09-24T11:57:00+00:00,Perakende,Perakende Sektörü Eylül Ayında Yükselişe Geçen Tek Sektör Oldu,"Malatya Haber, Malatya Haberi, Malatya Son Dakika Haberleri",https://news.google.com/rss/articles/CBMipgFBVV95cUxQS3Y5Q3JHZE9yWGlHNnVhUElXT2FYQTQyNDdiWXJIc2V0b2RFVzlia2ZMcFd3eGloalZoRGVqcjQ2STIzUXJJN1VoZm5jNnBoN2hESVJOSnNHeTZKaWxITVBzcXQtSWxTd0lzV2xwYWVSbkNSQU5tR24xZ21nay1BZmM0d01UYTF0ZjdzelRoUzJBQnNibXhJSXhlU3B6OW41MlBPWHVB0gGjAUFVX3lxTFBtbkMtT3hrWnVWbGZmSFBCeFBBYm9Bc0V5Vnc2V29yaHY2RzlhZjJ4Nzk2Njk0Z09SX21ONkk5bDRqR0plbEJha3Q3UWJvb2Z5WkxxRzdvNndKQ2tabm9uYU0wcTFCdHVRVDd2M3RGWTh3TkdMd1ZidURJbmw1djNqRHZJdWZidzdXcFloQVpwUzdVbEx6eVVXVHlYemJTcVBVTU0?oc=5,perakende sektörü,2026-10-07T08:14:54.784617+00:00
2026-09-24T11:39:42+00:00,Perakende,"Eylülde Sektörel Güven Karışık Seyretti: Perakende Uçtu, İnşaat Geriledi",Para Analiz,https://news.google.com/rss/articles/CBMiqgFBVV95cUxOUTYzU3FtdXIyOTVoSDYtMmhrRVc0eDRFTHpxY2ZwbXRCRUtBYWM3SEdiaUtSX3ExSmZibUFQRFk1OTlhOXJuY3dFV0VzM1M1ZGNGc1pHS2U0b1JYUHpsdXBiTU4tRGlpVlhGOXdZZ3RzZGdqX0VkU2tHVHF4ZjZ4SVJ1MjlUS0MzeV8tSmtnekplVThQV3gzSVNoR0hGY3NQV3R1c0FybUpyUQ?oc=5,perakende sektörü,2026-10-07T08:14:54.784617+00:00
2026-09-24T10:39:10+00:00,Kredi & Faiz,Faizsiz kredi veren bankalar: Yeni müşteriye yüzde 0 faiz,Yeniçağ Gazetesi,https://news.google.com/rss/articles/CBMiowFBVV95cUxNZEJyaS01RzBaTFJsVVRiZFNIc0trZ2tmQlh0NjdnQ1lrSWd2NG0xMjR0emJmZUp1MGhycWY5cF8wclRxZ3NjNXJ6ZGtGMUhEVDVKem1kOTJNbEQyVGF3WnRXTFJJUktxcXpIb2o2LTRmTnN2WUIteXE3a0RaamlBNmRZOFFyb1VmbUl4Y21ZT3ZfeHR1NTRoZk9Oc0FyVHpPUlhn?oc=5,kredi faizi,2026-10-07T08:14:54.784617+00:00
2026-09-24T07:45:00+00:00,Perakende,Gözler önümüzdeki üç ayda! Perakendede güven yükseldi,Haber Global,https://news.google.com/rss/articles/CBMilAFBVV95cUxPWVh0UVpzX05LVjAxSGh1bDdJdTZqQ0lldzNMempOdDkwX1hpeExtLTR3TFJkWjVTUEg4V3lSWVJHQm9BZFVQZEhCS1hwMGk1UVJkQlhrLTFPc1JpTDBON2FvQ1RTR2Y4ZWdJX0oxVDZhZzRMZElhTzZEWTBOdkxsWHFPRGFRYjlBekxRTlNQVndfeHJQ0gGaAUFVX3lxTE5lazA5aW1nTl92c2xmdjRYdEpTeFRWQ2g2blN3NGtKSXRaLVc2UDJnN0trZzEzWl9HMzVabm4yWUpzOHdTLVFvdllWNEVJdzlOY05NWWdKa2dXUkdJaGxrSzFYWnkwV2JQSjJsY0NqX25UVUZIc0lXNW92TEo0bUFpb1FnRkJFTi1RZTQxeU1RNUtQeW9yQnY2OGc?oc=5,perakende sektörü,2026-10-07T08:14:54.784617+00:00
2026-09-24T07:16:00+00:00,Perakende,"Sektörel güvende ayrışma: Perakende yükseldi, inşaat geriledi",Ekonomim,https://news.google.com/rss/articles/CBMiqgFBVV95cUxNY0xiQnE4QmxFai02NnhhT2lzc2Y4eFhuaWRJMTI1amNjRXNXbXNVdlpMY1BBRUhUUUtYdkViM2JFZ25wSXR0X3pBVjR1c2hnd2lxMzRRak5MSDBXU3Z2bWlQekRRQXRFaldRTzJwaTJVdi1INUJCNnNBQ193MDU4empYRUkxS0FuYW95blpCcFZMUy1hUjdNQU8wUXo5YjM3VUU1dXBld1ZlUdIBrwFBVV95cUxNRFNoRXVubnREcDJpVzV1OTMzVk5KS3JKdllhemxMWGctYklhVHUwVWFlNkl5UTY4SHZMSl9jdmVBSjNERGVSa3ZBXzFMWGZEODRxQlRTRmxKaXJuZHlaS3J0cHFFc0FhcWRPMml3RFQxVzMwajZsWDVsYllsc0xjTGxjUXN2Q3NYUlhiMGNob3V3MFlTeXBNd1Y2TnNNOEtWUWpEbk96WS0zSGNqREhB?oc=5,perakende sektörü,2026-10-07T08:14:54.784617+00:00
2026-09-24T07:00:00+00:00,E-ticaret,Online alışverişte dolandırıcılığın en yüksek olduğu ülke Macaristan,Habertürk,https://news.google.com/rss/articles/CBMif0FVX3lxTE90VkpuMFFxWmIxU05GRV9tYWJCZWhGUl9mWVd2ZlFLR292ZzhhNlVtVVV3RDBXcDdOdmNUWURqTXVxaWg3YVU2aG1YZk1RSlpLRWcxOGJPRWpBUXVjcFV2VzFKYXMtQTkxLWd2TkVjZE5jZncyaW1PM0JaTGpYVXc?oc=5,online alışveriş,2026-10-07T08:14:54.784617+00:00
2026-09-24T07:00:00+00:00,Perakende,"Eylül Güven Endeksleri Açıklandı: Perakende Yükseldi, İnşaat Geriledi",Akdeniz Gerçek,https://news.google.com/rss/articles/CBMitAFBVV95cUxNaGxRRE5DNzBTeGNzMEdKc1VQdEhjbFkwMjc4ODEyOEFqVlotRUh4a1dhQlJBaEY5bEc0LVVsa1QwckN4T28ySWNyNGFQTmdpU1pHc0JiQlZHX1AyYnFSMFNQeXRZa28tZ001LVBzTGVKenh3eVZrUkE4Mi1RZkRPTDNrTEZ0d3h6N2RlX1o1eF9ZclYwQTdTMHF6Vklhai1RRzZkY2lhek9MWm1jc3RoQS1nczg?oc=5,perakende sektörü,2026-10-07T08:14:54.784617+00:00
2026-09-24T07:00:00+00:00,Perakende,"Eylül 2026 güven endeksi verileri açıklandı: Hizmet, perakende ve inşaat sektöründe son durum",24 Saat Gazetesi,https://news.google.com/rss/articles/CBMivwFBVV95cUxNcnZpVGFGNms0SmhkamFtbUtVMzhuUlhhY0NrM2NuajNNUFhtR0htRVNJdk9oVXEzYXdNQUtyMzNEd2hPU21WSzNpYzQtaklDcUpJaEhFMmxyVEZleVZTNkdLc2RxNk1UYWJKemtkU3pQR1dCdWZnMDEtbmF5ei1HMENXQmNpMGFqY2FMa3NjdnZycFR1ZHdZd3JsUV8wX0F5bGVyZmdrSUVINWprZTVlV0l4cy1jN0VNeGEzRU1Maw?oc=5,perakende sektörü,2026-10-07T08:14:54.784617+00:00
2026-09-24T07:00:00+00:00,Perakende,Güven endeksinde sektörler ayrıştı: Perakende yükseldi inşaat geriledi,Yeni Şafak,https://news.google.com/rss/articles/CBMisAFBVV95cUxQbktWdG5uS0dKemlvelZ1SkY5TXg5ZXZ6RzR2VnhndUdrekpjWTQ4ZVlSLUZvVDVsdzJsNmF5Sm5EMUFEUl9nUDZQWWM1VzdKQm9NcUJ3MnhqV1FRZ09rUGdWSUo1OFVjazVvSXFWdnZ1eENnLUllWm9tNGMzUFRrRkNoVEkyMFZHbEtfTnQ0d3F2VDF4aWlaTWk3RDJHUWNFWkM4SEhTZmV6cXVrYUhRcNIBuwFBVV95cUxNdDJxeGpfc3MxNlh6S2xSZkY0SW9mTFhDTUtmTnBnSGpVUzktN0ZPSF9ET05hNkpqRVBSZFpBeVVQWlp2dDQ0MzFmQnFOam9JU3FyY3UweTBWWDZYbFRuZkx3NFhlSXowdGtDSFoydWl2QXRSaVNFdjlRcERsRzVaU3Z1ZWstNm5nUUV3ajFkNXNHdWo3R00wYkNweHA3aExIcVYtWi1rLXBjOTFSNjd2TGVEcTg2VmM1akhJ?oc=5,perakende sektörü,2026-10-07T08:14:54.784617+00:00
2026-09-24T07:00:00+00:00,Perakende,"Hizmet sabit kaldı, perakende yükseldi, inşaat geriledi!",Konya Yenigün,https://news.google.com/rss/articles/CBMiigFBVV95cUxNUEdFTnc2cWoxcVdJY3dVdzZXNTJFbUR2eFlaeDJiXzZQNkM1TXVlYmV1Ym9kdXdnYldDRkJHVURPVlgzd3N0S28xYl9GcUhIWW5PSTdVODJhZkJTamszaE8wYTRBVW4wR2FkZWlvMGhOaHZCb3MwakcwMkNrb3RpcFA3LXF2RFlLdFE?oc=5,perakende sektörü,2026-10-07T08:14:54.784617+00:00
2026-09-24T02:30:00+00:00,Kartlar & Ödeme,"1,5 Milyon TL Faizsiz Kredi Cazip Görünüyor: Sıfır Araçta Aylık Taksit Ne Kadar?",Uşak Haber Gazetesi,https://news.google.com/rss/articles/CBMitAFBVV95cUxNMWRwM1ZnZThnQTNFeF9tajlSamVmaXVUWkR3Z0ZtZE5XVlBrZ1Z4UTNOeVZaRnlrcWcyTzNVTVcwV2dVaUlXdWtyWUtTSElNbVVnZVRsa2NkaEpsMDZDUnBlZnJkZGJnc3lQbUZjNFp5NXhHMzRqeWt2eC1NcHRwYWZIcktKX3dIMkZMaUxWdWp3MGlTZ24yWTREQkFzTi16RDd0RW1TZTJKbTFKZXZGVHZiRXg?oc=5,taksit,2026-10-07T08:14:54.784617+00:00
2026-09-24T01:22:10+00:00,Piyasa Göstergeleri,Tüketici Güveni Sınırlı İyileşme Gösterdi,Mall Report,https://news.google.com/rss/articles/CBMid0FVX3lxTFBIdEV6emNwU1gwZ1QyM3NhZ3pwczRlRHQwb3J3RTN5U2w5SFpZUmRpdU9NMEhrcUNKQ0M4QmowbHVhQkxfR1drX2t4MXNmemdCMDJramhsOV8tMENlRVl4eVl4ejhQU3p5SzVsQnlmbTBQa09FWnZF?oc=5,tüketici güven endeksi,2026-10-07T08:14:54.784617+00:00
2026-09-23T08:41:17+00:00,Rakipler,Teknosa’da üst düzey atama,Mall Report,https://news.google.com/rss/articles/CBMiYkFVX3lxTE1aVUtjUjAwX1phV2RxNG9NcXI1WS1hX005MkF0eFlCSW1peGo5V0hDaG94dFM4LTRYLV9CWVRTdlFDRjVINnlOWGh2b2JtWVpvaHgwcjVILU5UZEdhaTdOZGxR?oc=5,Teknosa,2026-10-07T08:14:54.784617+00:00
2026-09-23T08:18:14+00:00,Perakende,"Perakende Günleri 25. yılında, 3-4 Haziran’da Haliç Kongre Merkezi’nde",Mall Report,https://news.google.com/rss/articles/CBMimAFBVV95cUxOallhLTV2Nk13N0xQYjU0YnI4c3A2cWZtV0lObHRTSVVRVlp0Vk5OdXppOUN6MkNYcGtWd3h3dlVWNWtUVzdPOHlUcmFEQ280d1RqN3V1SGVTc3doSW56T3NFVmFOTmM0Z3paY0l5WF9Id1lHNVlhcUJvZWFJNDEyTXVLZkctR21TRkNIVllYeVZ2SkxvZGdiOA?oc=5,perakende sektörü,2026-10-07T08:14:54.784617+00:00
2026-09-23T07:00:00+00:00,Piyasa Göstergeleri,Tüketici güveni 8 yılın zirvesinde,Sabah,https://news.google.com/rss/articles/CBMigAFBVV95cUxPZ19wSmExcU4tM3RLcjM0cGQtOHppOW9VUEdBc3RTQzRRRHU1MmNQVk1IVW16ZmQ0S3RXQjFleDVYZUdkZloyQ1J1QWdfdndPMjhQZzltSHUxM0hEekE4bDZXemszRVpsZWpLMXozTFZmS1FiODlRQjJldlhPNDI2QdIBgwFBVV95cUxNTlhxLTdROHRtcDZubDN4QmthZVNhRXFHSDRjTVp5Z3BQeUJld0xxOGRRMENaaEpYVUpGTDFJRkFoWE43Y3hnNXkydU1FVGhvUjVTLUJTek9oZXBMdUdrbkh6ZHBoNDFIcDVxNWpVU1diZ0hkNUtVb0hiS0IwaDlWckF5VQ?oc=5,tüketici güven endeksi,2026-10-07T08:14:54.784617+00:00
2026-09-23T07:00:00+00:00,Kartlar & Ödeme,YÖK'ten İranlı öğrencilere öğrenim ücretlerinde taksit ve ek süre imkanı,Sabah,https://news.google.com/rss/articles/CBMisAFBVV95cUxQNlJ5dUlSWlVOTFh0Sl9vMXFhb0h0VWJhUUlRcnpZVTV3QzNLVTdZa1QyTkttdnNvYjdvYnZ4X1JSR2M3Y2dGbV9nX0VDLXJULThjTnpVLW1leE8xelNvcmUwaEZ6NjRCSVVPalZSbXh6em5fUDBqYURMVEhKbEFiSE9Kb213bWFFY2J5QjRLYTBUMm5tTUhpelVjVk9xSlUwWVpPMVBVV3V3U3JmZEFQV9IBswFBVV95cUxPcTkyVElidHBDSTRxUkRkR2VYSEZfMUpVNkFDVmFmblhvLUhnNHFRWlk1US1IRnZpYzNxLVNZRGozSGxfbGRqNlk0aF8xWFM1ZWNOVUdUX2lwbWlFUUh5cTl1NFZCaElxNmFGY2dWNFhLZHJxSzRlcHhPZllDdkNtTWVJV3pxMzFOWHhrWVhFbm1qbjZ0clBNQXN5QlI4M0tIQ2pESHhFdlNRNV9FTUNkSjRLSQ?oc=5,taksit,2026-10-07T08:14:54.784617+00:00
2026-09-23T07:00:00+00:00,Kartlar & Ödeme,"Vietnam, JPMorgan Chase ve Visa'nın finans ve dijital dönüşümü teşvik etmek için ortaklık kurmasını umuyor.",Vietnam.vn,https://news.google.com/rss/articles/CBMirwFBVV95cUxPRE1XWll2TkVfSC1VVkJ5eGdkakhNQ2Z6azFhbk5WdE1zNnFYbDdFeVFIUGhmOUJ4RDZQUjFScHpRLXB3ZXV1NWppaTdwWkdJVDRRVmtFcnoyZ2ZDeDk0SVJkUXMwem42eWo5TzlaZ3FVajdNNUV4OHMyZzFRbnNlQWpXSXJwQUhvb0lhQklfeGc4NmNkT2FycTV4UVF5V3NQX0swYmozMlMwQ1FjaUJB?oc=5,dijital ödeme,2026-10-07T08:14:54.784617+00:00
2026-09-23T07:00:00+00:00,Kredi & Faiz,Merkez Bankası faiz kararı ne zaman açıklanacak? TCMB faiz indirecek mi?,Dünya Gazetesi,https://news.google.com/rss/articles/CBMitAFBVV95cUxQQ2ctbTRoSTJKMzJBbmNIeHpvWFpUTldKTEFVZFB0OFNCMldoeUlQdzEwUzF1UkhFMTZJTEN0QXlYeEJuSHktcU9DU25CQlJpcFdDQVBuanRIZ1hPOUJJcjFiVEM0QjB6blo2WDJOYkdpQ1JLc3A2MEZUMzNYNGotU3BuWjhVaU9FclZDRGtBTXhTQUtmZzNIOFFaNF9jNW9DRDdQLVljOFRvMUtJUTI0TkVvQ3o?oc=5,TCMB faiz kararı,2026-10-07T08:14:54.784617+00:00
2026-09-23T07:00:00+00:00,Rakipler,"MediaMarkt Türkiye ""Kapıda Eski Cihaz Geri Alım Hizmeti""ni 10 ile daha taşıdı",Anadolu Ajansı,https://news.google.com/rss/articles/CBMixgFBVV95cUxOS2NoX1Bta01JNDg3N2ZYNUVnN3RVNlVvN2pIdmp5azJfdFV1TnVlNk1VRmM4Y1VKU0VwMkJiZWRYcTlCWFhiQzE1Nl9Td3d0Qk5HM2wxY3JxTU02dVQzdzRPWWhwSTNrenk3NDFON0tjUDhtNlRyeW9NV2g0cDlzT3lBMWRGcG5VZ1JUWFJua2htTkVnTVgzV0pCNHp3OUZ0a3VKQ1J1aHNkTERWZGlLb2c1ekpBTTdqNjFsb3pucDFFUEdiWlE?oc=5,MediaMarkt Türkiye,2026-10-07T08:14:54.784617+00:00
2026-09-23T07:00:00+00:00,Kartlar & Ödeme,Kontrollü dijital dönüşüm: KOBİ'ler için büyüme ve operasyonel optimizasyonun itici gücü.,Vietnam.vn,https://news.google.com/rss/articles/CBMipwFBVV95cUxNZVNJRHRnVzNwQi1Kc0g5QldQTmlJT19pUERQbG4tRkpBdkc0cEo4RklwZi1iSEwtN3Q1eUZ6YmpwTUZfblRSUnM5ZVpjajduYkpGbHdnVnVuTHI0ajRDbDhoSDg1cUZPV0FneE5RXzZZb0s1QkNPbUpjLUtSQ1I1dnAyVGZqVDU3d2dzOFA5U0ZrRV9hMGZvQnVnbDVvSDRYMXFhM2hYWQ?oc=5,dijital ödeme,2026-10-07T08:14:54.784617+00:00
2026-09-23T07:00:00+00:00,Kartlar & Ödeme,"Sun Group ve Visa, Vietnam'da dijital turizmi teşvik etmek için kapsamlı bir stratejik ortaklık kurdu.",Vietnam.vn,https://news.google.com/rss/articles/CBMiuwFBVV95cUxPS1dVbzF5SUJyTzQtUm9QMzIzVHZxUzNSU0hiZnZoa1MwUlgxdjQxdUc3ZFoycUdGV1I3RTd6TFh2ZzdXV2pObGJ3RnRObHBjamJweUFkREY5MHN5ZjVzczZTeXhabEJPUGlQYS1TTThxYzl6bkpSWmwxVkV5cElISmpJaGc3MjJvZEtFVFBWVkgyOU54eHJIeTlGYmFCYkxCLUVPZ2VtRHFRSkRrT3J0ckExY0szeXctRk1z?oc=5,dijital ödeme,2026-10-07T08:14:54.784617+00:00
2026-09-23T07:00:00+00:00,Rakipler,Teknosa Kadın için Teknoloji ile İlham Veren Buluşmalar’a ev sahipliği yaptı,Ekonomim,https://news.google.com/rss/articles/CBMiwgFBVV95cUxPRnhzc043U09tQkl4UEszNVRMMTIwTWthOTctNklPOVdyMG9BcWhIcnBHLTJrTHZfbEtLZ0gwekQ0dG5rTzYwNEk3am9jZ2JHN2xXWHdKbk54ZWFjTVhGXy1BRXdHRVJJQjRVakhLQko3OFB2aVA2ZWNrbWpaUWE4UlhCUTNSQld5T2dscEljMFJMNkxZZWdrc1lyTGxpMEZpNDJuTktQM2tiLS1ZRGZ5dnRvVjN1dmhGMjlJQlBISkNPUdIBxwFBVV95cUxPLUhud0owS2dOMEFDbkVLOW9PUktDTlRJMjRDOGlWTWhYdnpleThXZVB2WlVoclM1Z3pvODZCUjBWUTJOSnNRM0NQSldheTlGUlAxRUIzZWhLcWNmaHR6M2xiMnMwdTVDRm81ZkZMVXY4Qk5ZVVZaSWNQUTdHc2xFZlRmaHlXNC1pcmx0MFl5RWZoQ0Z5SWhRZnBSM1l1SjdaMVpLdmo2V1ZUU2xMTE1GQ0pidGZvX2oyN2JnVHI2QzdLS2tLVVE0?oc=5,Teknosa,2026-10-07T08:14:54.784617+00:00
2026-09-23T07:00:00+00:00,Kartlar & Ödeme,Tesla Türkiye'de araç ödemelerinde kredi kartı dönemini başlattı: 12 taksite kadar seçenek,T24,https://news.google.com/rss/articles/CBMiwAFBVV95cUxPNE5NZXR6LThxM0hIT1pCWEhGLTlMNjlDLXN0VzJKTHJVdU5Jakt6bktMVjhOTXRNc3FjQ0VHN0tvemRrRUVqSF9Ua0JCazdKelllS1B4NWhLQXpVZUp1VnJQTlhhZmw3X0FfMFowQXRERVVqSTJTR0dGQmRVcmJtUWRxUC1hMndPN2o5S19tN1Z2ZE5CWnE3d3pmWUVGYjZVSlBWSmIzOG9mcGw1blNjYUM3ZjVDUWNvZ2UyR2ZJVHA?oc=5,kredi kartı,2026-10-07T08:14:54.784617+00:00
2026-09-23T07:00:00+00:00,Piyasa Göstergeleri,Tüketici güveninde yükseliş eğiliminin sürmesi bekleniyor,Anadolu Ajansı,https://news.google.com/rss/articles/CBMinwFBVV95cUxQZFBWeGdtVTdUb0lmVERHZlQyTmVZZUxjVmNIQjVpOXhyRE5mbGI5ejhaMnotdjhKYTNBaG92UUFSbnByQ0FfNk45bW1ncTFTYVBLX1o3di1EYWlTSzJtTTVwMW50c2Q3LUNpRHRYbmJIUDNTOHhHTkY0V2NGaEhlZ01zb2ZNWVdfdWhwSlRRSmtjMEk2S2N3LUZaYjBCcU0?oc=5,tüketici güven endeksi,2026-10-07T08:14:54.784617+00:00
2026-09-23T07:00:00+00:00,E-ticaret,E-Ticaret rüzgarıyla posta sektöründe çift haneli büyüme,TRT Haber,https://news.google.com/rss/articles/CBMiqwFBVV95cUxOY1lzeDhJRnF2ekx4VU9WZGZOUUh6MGRodEkwT2E4TVZfS0lURklKeDR1NGs5YzU4Umd5N2FickJrdE9OQ0dnYkhmdjVrdFVTQlNWTGpkb0ZZOUFhdGd0cjNsRDY3czZXMWUwQmxRYzAtdU03QUhiaFh4S2JmVTNndjhJZVItQ2MzWGhaOUtlQjNuS0RIc0MwWkp1NnVMY2xxZHMzV0pqSFVTdUk?oc=5,e-ticaret,2026-10-07T08:14:54.784617+00:00
2026-09-23T07:00:00+00:00,Rakipler,MediaMarkt Türkiye 'Kapıda Eski Cihaz Geri Alım Hizmeti'ni 10 ile daha taşıyor,DHA | Demirören Haber Ajansı,https://news.google.com/rss/articles/CBMiuwFBVV95cUxOU2J6QUhWalgzcVVqMmFVS3FYMTFmVjNYTlFlVXFWVm5oVjNtSkNQdVNQemE2R3BtRTJxU3BzTDFiTW1jRUdsUHBPU09vMUEweThBeDhKcTF0UFZ0V2dEQ1ZjaXR6alpETUF5OGRQTXZwNWREZUtUUGpzV0JEcVRySnVBbG50R21STllUczVRSHVMOVVxXy1QMHk2TXdzWnpjOVlBcGVqcmZxcUx5dWtEOV8tLXJ6bFN5ZzlN?oc=5,MediaMarkt Türkiye,2026-10-07T08:14:54.784617+00:00
2026-09-23T05:17:12+00:00,Bankacılık,ABD bankalarında yapay zekâ baskısı: Hisseler sert düştü haberi,Borsanın Gündemi,https://news.google.com/rss/articles/CBMiowFBVV95cUxNRTlraVNPMmp1djVLV2c4eGdRRF9ObGg4SFNGQmFXQ1lOTElTSjhkV0QyQ0JBeXhDLUl1TUgtQnNRTkxHSURyWGg4YjZKcVo3VmNVOFNjS2owbDRwTFh0SUdkWXEwUmVVYTJTcUlZempSbUxGRFJHeWdMdFBmcURnVmRGVWxXYjlYdmlYRzN1NEViRGVwQXFhMVJWOE13b0plTW80?oc=5,bankacılık sektörü,2026-10-07T08:14:54.784617+00:00
2026-09-23T04:00:37+00:00,Piyasa Göstergeleri,Tüketici güveni 8 yılın en yüksek seviyesinde,Bigpara,https://news.google.com/rss/articles/CBMiuAFBVV95cUxOd3o5MXFlS0tVY0Z5cEdPb3VRLWhyR3hZdEp0cWthUC13allRZ2NUR3lvT3VZNjZGQV9IQUNEVjdSUzJmNUw4Rm00UWRLZHRzMWFFT2VoLWg0MTRfZ29mbWIyRnRoY2dEcW9zREhmSHdkekFNTHZWTEMxWW5ZQjVSNEJUOVA4YkFoazFpUW42TmdDRzVxQTZwZFNMQmdyalN5NlphVUN1NGdoTzQ5Ml94RDVReVpwUWdF?oc=5,tüketici güven endeksi,2026-10-07T08:14:54.784617+00:00
2026-09-22T21:08:51+00:00,Bankacılık,En büyük 10 bankada mevduat faizi yüzde 13’ün üzerine çıktı,gazetemru.com,https://news.google.com/rss/articles/CBMimAFBVV95cUxOQkxLQWg3STdTRzgtc0g2dy1kRXhiRl81QWhpZlVmYkp0bnNybGprWnRDeTJQbVlSaFl2YzJHLUUtRC1BNXBwb3lUa0U0S3BoQllVN2poOEloTS1KOEUyUzNMMWdBZU8yNWVtckd6SUxKQ21HUG1iUHhLNTd4aHRZd2tULTRYMmUzN1JaLWU0WW1nNTV3XzhmbA?oc=5,mevduat faizi,2026-10-07T08:14:54.784617+00:00
2026-09-22T14:25:24+00:00,Rakipler,'Kadın için Teknoloji' projesinin 'İlham Veren Buluşmalar' paneli gerçekleşti,DHA | Demirören Haber Ajansı,https://news.google.com/rss/articles/CBMisgFBVV95cUxNczF3N25qRW9mN0o2cXVuclJtWElTNjVBX3NhWWpYRWVvbmh5ZkV6UUhqYnAzbEtLY1NzZ082STB1NHdrV3V3dGoxMzJpUlJ1NVlCTzRvOHkyR1VpcnhMOEt3N1p2cDU0LXhjMlo1d0MxN0ZjV2Z4RFNkVVRRRW1iS2xRSl9xQnhQVnVZZ3hTQVFMVmt3UEZ6eWpoSDhGVkFWSDZ0cUx2WE9XcDNOUmRPNkR3?oc=5,Teknosa,2026-10-07T08:14:54.784617+00:00
2026-09-22T14:14:53+00:00,Piyasa Göstergeleri,Euro Bölgesi'nde tüketici güveni 4 aylık toparlanmanın ardından geriledi,Foreks.com,https://news.google.com/rss/articles/CBMi6AFBVV95cUxQMGJsT1RjV2MydEJVNmViYkZRYlJ0RkRRUXgwNTYzaHVRSm1fbWtBMEl5S3NxcUs0aTB3OTlVbTBhbFdBQlA1QWRYajJKUTZTbUVfSEJodmw0cjltdDdjZV9rMFlMMDBCMFRpV01IYm8wNlp0NnNhOWJudWR0V0NEWmFWU3NGR0VfUTVpRm51aVZDOWRZY2RZRVA5cEc3c3JjSHFZam92MXp4cGYtZDVjSmtjQjVMdUlNN2c2alZxYjlrX1dCVXdYWE5IbEcxd2VkTHprR0diaHJmYk1ELU5Cb25Gei1HYzYt?oc=5,tüketici güven endeksi,2026-10-07T08:14:54.784617+00:00
2026-09-22T13:05:00+00:00,E-ticaret,"Amazon, Meta'nın yeni AI ajanını engelledi: “Sitemizde alışveriş yapamaz”",CHIP Online,https://news.google.com/rss/articles/CBMisAFBVV95cUxPaU1Cdi1vWWczTWJ3LUFaSEMyUlI3TlpKSHhZQklFMXZ0NDlWZnRFT21ZM0htUEM3NGM0UDVpdnc0TE5Sb01nSXY2Q3ZBWDFEMU5DY3pWZVFTZTR0WE9vTUJiYTZ0N0FwZ2p0Wmo1OTlORkJSWUtvV1RRSzhXN0dmS3dlOHNiMDc5VDJRZmhZRDFaVmVnbGtRZE1mTFNKQ2dpM1RoZ2NQNTJuODl2OUo3VQ?oc=5,online alışveriş,2026-10-07T08:14:54.784617+00:00
2026-09-22T11:59:18+00:00,Piyasa Göstergeleri,"Tüketici güveninde yükseliş: Eylül ayında 91,9 seviyesine çıktı",Bmag,https://news.google.com/rss/articles/CBMikAFBVV95cUxPdjlvdUI3S01nV0N6amhPT3ZIcGFFZTNNMFZCNEZvM1BKNXdJYjBSUU0xaHZkY0R1cmlnbEVtT2xSNFN6WGFfcXBWWjFQRWpGcHNWenNTQ0RJT0JqOURPUlEyZGRHbUVDMUs3YmpwZTVtbnpfQks5Y0w0OG40b1NYZ2FfQ3kxamxPRTA1RVJvb3U?oc=5,tüketici güven endeksi,2026-10-07T08:14:54.784617+00:00
2026-09-22T09:25:18+00:00,Piyasa Göstergeleri,"TÜİK: Tüketici güven endeksi yüzde 1,3 arttı",tele1.com.tr,https://news.google.com/rss/articles/CBMidkFVX3lxTFBXdGpqeTlBRkwyZzVidFh3YnlncTlqWDZDQUxiWjJ3Q0J6T2lDZmdfUDY2UW5yNjZoUjl2d0xhQ2UwcU9OYU1DamdrVERHcUVfcVFvQXpiWk1rVDNPd3FoSkZIOURnR2hPSjJtMnZSMmJRVWxRYVE?oc=5,tüketici güven endeksi,2026-10-07T08:14:54.784617+00:00
2026-09-22T09:13:11+00:00,Piyasa Göstergeleri,TÜKETİCİ GÜVENİ EYLÜLDE YÜKSELDİ,Çanakkale TV,https://news.google.com/rss/articles/CBMiekFVX3lxTE5Lc09jS0ZHWGF6d0c0cEtDZWFhaDBGdzBJcGw4eDZKXzJJTjBrX3V5NWVMSFA2am9LWmE1UjVGVWdDcHBFWVhnSkdTdGxMbGJXUTNiX1BTeWVuQ0JPbDBTT21kd2QtZXMzWG9GYmpFN0F3OTZDZXdFSzlR0gGHAUFVX3lxTFA2eGNJU1pLTlBFUEJPb19fNzladWQyRW5hMmJkaXhpbGxNdXRwdmFORE9qUzJPWXRGbGVYUHZudUNtd3hvbGk0RVNTX2Q1YzJORUJRRlUyWGJCc2FQTFdQZk1JSUU0VmRhWkhJOElHTUdEWjJmU0tpcmQ0M0x5VWdoRnd4cmpWQQ?oc=5,tüketici güven endeksi,2026-10-07T08:14:54.784617+00:00
2026-09-22T09:08:07+00:00,Piyasa Göstergeleri,"Tüketici güveninde eylül yükselişi: Endeks yüzde 1,3 artarak 91,9 oldu",A Haber,https://news.google.com/rss/articles/CBMikAFBVV95cUxNV21NRUI0YkZ3dUJUb1BsQmQteFVUSXBiOVd4emdWbm5nYU9uQmF6bTJXYnFYeE1IVWxBMHNWTnhqcE1XclV2X1RMSmpNVmc1a1A5YXczMDlkXzBwSWVwVlRIMzBFT2hXLWJkWHlLVXJmZlRDdEN5ai1kc2hRUUduUldaVVBCVGFnMUdvRVRzWVo?oc=5,tüketici güven endeksi,2026-10-07T08:14:54.784617+00:00
2026-09-22T08:40:50+00:00,Piyasa Göstergeleri,Tüketici güven endeksi kritik sınırın altında,Yurtsever,https://news.google.com/rss/articles/CBMiiwFBVV95cUxOUzJpRGRLbmJvV1B1WVpJT2VyT3AtdVBSQ2RwTlY0YThKTGZ4bWtVSVBYZFljMDdRYVFRSm5xQkNnWjdsQ24yaUtmWldfOEVTQ3BFUzNsTEpjSzhiNWtvVWh5czQ1ZXF5RkkyaFZsMkVZWE5MMExORl9sTkpLaXlXdG5RSmRUZVdZRkxv0gGQAUFVX3lxTE82V1lyWVFDY2xKaUszb0ZLNkdOYlU5dUNndTlld1g0UzFMQjhNQ1V2V01oWEFUNlhYZlU3bzlPNkktNFRKR0F4X3RjYzZqczJXbVF0VzZDdlkweWRZZjhWbGFmclM2cHREZXByTkFKNXlFNDBjS25kNUdaY3U0ZjJQZlZTb2hPZVN6LXNuVGhDVg?oc=5,tüketici güven endeksi,2026-10-07T08:14:54.784617+00:00
2026-09-22T07:53:00+00:00,Piyasa Göstergeleri,Tüketici güveni eylülde 7 yılın zirvesine çıktı,Konhaber,https://news.google.com/rss/articles/CBMikgFBVV95cUxQbWktbDJZSFlHeTRpUHdySTBfNFo1ZUsxNlZoYVhjV3o0M3Z2SFYzbWJIQkFQUzJKZm9RN21PNEJQNHZfaFpEZC16Tl9xbkFqdGQ2OFNmNEFWMVJBa2luNzBOWTlDeU8tV08wQmZ4TkNZZ1d5MHkwOVRlZWRRak9kZDJBOEZRMjBLQWp3d0FxSXliZw?oc=5,tüketici güven endeksi,2026-10-07T08:14:54.784617+00:00
2026-09-22T07:47:29+00:00,Rakipler,Çanakkale 17 Burda AVM'de Teknosa mağazasında çıkan yangın kontrol altına alındı,Aksiyon.com.TR,https://news.google.com/rss/articles/CBMitAFBVV95cUxPOU1CWGR4aHNUZjd0S3B3MGhmQlQxVWJJTnl4RW5CYXd2RUJrZFZUTk1scUJCa0psTTI3aGI3a1hfYW5PelR2ZjE1SDQ2Y1FMaDVwbVNsRU1FTzM5STVVNlBwd1ZTMXVNNjFhR29VVkxNT1MydGN1MWkzNGdvYVJoM1dVWHZSWWxOdDJxTzJWY3UtRTVqbWVSeml0TGRmbEZNYVB2SklVWklNenhRaWdGXzk4VmPSAboBQVVfeXFMUENVMm5ocjJUUHRkRUIzdFg1RUgxODdKMHlsbzVidENYTUpSVEFlUjB4amR1eUdhY2N1cWtBQkkwQnE1bjVOazd5bkxvNTdmSEVSNkpWYWV5dHJiakI4X0Z5eUtiZ2NFMnJQc3FZYUxhS1owcUEwZllWNlM2SnZqcXZtYnNRV2RlOGNQWkFYVnRQaTRTTTZLVmNkSTJ2SUVvVzA1c0ZaVkpvVy1lMmwtRHVuLTctWjNfS1Zn?oc=5,Teknosa,2026-10-07T08:14:54.784617+00:00
2026-09-22T07:38:00+00:00,Piyasa Göstergeleri,"TÜİK: Tüketici güven endeksi yüzde 1,3 arttı",DHA | Demirören Haber Ajansı,https://news.google.com/rss/articles/CBMiogFBVV95cUxNQWNpMkJ5TGJiVzFfUEhSTkV2Y0FWREx1ZjBycWJHNXRGZ1Yzd04zZFNLX2pPazlNcTdiOHZDc2NoWUtHME85dldnLV9naVRVbkNyM0lCX2kwUGsyXzdBMFFoVEFBQTEwaW91UFJDTnF4bC1YQm5BTXNBeXZsX2NYb3dQWlMySE9Ba0NCSzl4a0VNa29HaFgzQThqRDZ4bUpaOVE?oc=5,tüketici güven endeksi,2026-10-07T08:14:54.784617+00:00
2026-09-22T07:35:00+00:00,Piyasa Göstergeleri,"Tüketici güven endeksi eylülde aylık bazda yüzde 1,3 artarak 91,9 oldu",Hatay Asi Gazetesi,https://news.google.com/rss/articles/CBMinAFBVV95cUxNUHByVWJ3Q1VocWQ2ODdTM2x6RElJNVB4bFZuZHJiNnR1SG41cGpQWGJUdGFsNVUzdzRwUlRIMW9aa2ZBSEtSYW5aMjA4aHZTTEYzUXRDcUZlcXJxaW1QUUdhUGVlVmM1cWFxb01RY2FTSmtsMzg2N3EtWkhQU1VqNWdrU2VHbWJ4TmZDczIzcFhOZ3dtX3dzQlJ6d0U?oc=5,tüketici güven endeksi,2026-10-07T08:14:54.784617+00:00
2026-09-22T07:35:00+00:00,Piyasa Göstergeleri,Tüketici Güveni Eylül Ayında Yükseldi,Medya Rota,https://news.google.com/rss/articles/CBMihAFBVV95cUxPVjR5Tmh5Vm1nUTRqTmU0dkUyWHEtSVBiQS1qUzNCeFdpUVpDdXFsSHc3TWxqYndhVUoyb1RBdGkwb3A5WVZJdkhoRmtfOVpZZThJUTdQNUowcUxoc29UeW9vUkJWdlBCcGVUbmFNT2x1YUY1Yzl4dXJyOS1GWENDQlFNRy3SAYoBQVVfeXFMTTZZbzM5NjJVTzJ1Sy1JaGFydE9ZZGtlU0dSS0liUEc1dmFOX0U3QnczaURvaDFvLW5YTU91S0FRcU5fTlJjb0hZQWJwWHNnblpRMVA3OUV4Vkx1SzA1Yy0yQWMxWld1a18xTU5QU0xqT190Zk9TdUs2dmY5eTZzYWYybTNuRloxemxn?oc=5,tüketici güven endeksi,2026-10-07T08:14:54.784617+00:00
2026-09-22T07:34:47+00:00,Piyasa Göstergeleri,Tüketicide toparlanma: Güven endeksi yükseldi,Paratic Haber,https://news.google.com/rss/articles/CBMic0FVX3lxTFBkd1k0ejNQeU9fMEJTSWlXZmdBNnFOMWxEZTJaakw4SHVBWVd2elFQX0N6V0g4QlZ5ZmlPRVdxUzFkTWhVcXVWanFUTl9WTmh2YkZUZkljeWJsQk5KcnFoZ2dBc1YxSEY1N1hBLTdJUjdEVlU?oc=5,tüketici güven endeksi,2026-10-07T08:14:54.784617+00:00
2026-09-22T07:08:00+00:00,Piyasa Göstergeleri,Tüketici Güven Endeksi Eylül 2026'da Yükseldi,Medya Gazete,https://news.google.com/rss/articles/CBMijwFBVV95cUxNNXYyMWg4MTFta1htUFVqbkxTSjdHcC1pLXBrR2lzV2RmclNmV1VnUEdYeEJ3WlNWSnl0QThmTmg5a3l6REJiWWFHbWtkUWJOX1Z4OHFRa2dDOWtfVU16c3pRaW5Ralg5QVlYUUlnV2JPZ3AxX3JsTTZJQkl2OW00RzlEWjR4U245and2eWtjTQ?oc=5,tüketici güven endeksi,2026-10-07T08:14:54.784617+00:00
2026-09-22T07:06:09+00:00,Piyasa Göstergeleri,"TÜİK- Tüketici güven endeksi 91,9 oldu",hibya.com,https://news.google.com/rss/articles/CBMib0FVX3lxTFBVV0FlbFhidUpSUWhfNmNhZ2drejBZcE15OTUyRXFoQUF0c3NYSUl3NWd0TEI5dzhCVzVnMkpIcl9tbzZFUW85SmJ0VFlKWkRsTlJUXzJVN1JqTnFYXzctYnhhLVlBQmo1cDN5WUQ5VQ?oc=5,tüketici güven endeksi,2026-10-07T08:14:54.784617+00:00
2026-09-22T07:04:00+00:00,Piyasa Göstergeleri,TÜİK duyurdu: Tüiketici Güven Endeksi Eylülde son 8 yılın zirvesine yükseldi,CNBC-e,https://news.google.com/rss/articles/CBMisgFBVV95cUxNZENsRmVRLXl4NXJSdWsxUGxtRlZHTGdWd21TZk5vUWlNMTJpTVVqbjRUdzJaeWh4Nk8xb0lZZ05TNjNoejVoZ1hHeC0xWUVaX2pGTTN5VDRfU0hLXzNsaWw5UENQUV9ab2tpTmdIOEZlQ0J0ZDBOejVia1FLemJHV0R2Z2NaQkNocVlCdWRDTVVpYm5oMXBPRDZwNE9BTldtXy1TRE94WmlYX19BU2M5R3B3?oc=5,tüketici güven endeksi,2026-10-07T08:14:54.784617+00:00
2026-09-22T07:00:00+00:00,Piyasa Göstergeleri,"News by Matriks on TradingView, 2026-09-22",TradingView,https://news.google.com/rss/articles/CBMiYEFVX3lxTFA0bHFwR3JZdXdHYkZUU19SYS1zVzVQVW9hRjdZOWJqTGc1UHZGR2FnZkhkTjNGSkxUT3c2UXkycFlSTGNVRElVR3lwY3RFdV92UmVKbi1yM0V0VUxJRVdlYg?oc=5,tüketici güven endeksi,2026-10-07T08:14:54.784617+00:00
2026-09-22T07:00:00+00:00,Piyasa Göstergeleri,Tüketici güveni eylül ayında yükseldi,Haber 7,https://news.google.com/rss/articles/CBMingFBVV95cUxOeGxxaGlWalNFaVZzYXlVdzZ2Nm90Q0hBanVJQk5FQkYwcU9nRGZRYXJlbzBJcXNlQXFYQnp0cFhMdTk2WVJONm5pMU1vTWktREpCRHJkWFpqSlE0cG05d19JSnd4d1V5QmVyN3pHbktsNDFWVC1pYzc0RktOUHBmZUtocWlidjBHVWtKRWt4SGZOWlgxejBmTE02c0tKQdIBkgFBVV95cUxNbWw3NzRBdXJjS1hsSFRwZWRUalJDb3hmUlYyRmIxOGRSUkJvS1l6NTRNdEw2QnhJZFRGQkRJek9XRTNPdkp6bVAwXzVNcWdFeUhuclAyUV9vZmRFeTQ5SU1vcW9QLXNvejh3QmZJTzVSZWNMXzl1WkxObXdJaU5hSExBcjcwbHdOQ0o4VFB3TTA5dw?oc=5,tüketici güven endeksi,2026-10-07T08:14:54.784617+00:00
2026-09-22T07:00:00+00:00,E-ticaret,Apple Store'u yaratan isim AI alışveriş çılgınlığına inanmıyor,CHIP Online,https://news.google.com/rss/articles/CBMipwFBVV95cUxPX0hEWWFheWVFVmJ4eEVFMHdBMGROaTdHVjc4VTM0allJUEJZS0paRGNCVVJtWldBRzl4cFpoRV81UDYzdVhJQ1NHbnZHM0s5S1ZsUjRBNEdsSnpGX1cyYk5YS0lhd3FCTEp6RXY0RnVFbG5JMV9USFI4eDJCbWVFLTFBRl9LU01jNXBmWnBpMUNZUkNWT25jWVpORDdadkVjWmRuSDM2VQ?oc=5,online alışveriş,2026-10-07T08:14:54.784617+00:00
2026-09-22T07:00:00+00:00,Bankacılık,1 milyon TL'nin 32 günlük faiz getirisi hesaplandı: İşte bankaların güncel kazanç tablosu,Cumhuriyet,https://news.google.com/rss/articles/CBMizwFBVV95cUxQaEloSDFacGdxVVlGMUpxS1k0RWUwOHotWHAtbTBPeEdaRUllMHdfNk1xR1hpYk9yb3EwM1I0LUN0cWh4WldDcmZoN0p1OXNVTzB6Z25XSTJUMFowZnoyS1h0TWNabkI0UEs2bVdGeE96eEEtVGFUdllCX1JFVndvZVBsNG1ZMFBWZEh6bmtKcUh1WUFpd1BiQVVyMUkyUTF2SDFJdUwtc2hPV1hwRTF1aDdEX0s2U1UtZlRub01Bb3BxdDRaaVNMdjhmcTJhWE0?oc=5,mevduat faizi,2026-10-07T08:14:54.784617+00:00
2026-09-22T07:00:00+00:00,Piyasa Göstergeleri,Tüketici güveni eylülde yükseldi,Gazete Oksijen,https://news.google.com/rss/articles/CBMifkFVX3lxTE5ZS1UzNERPbkRFR2s0ajBMYU9RbjFQaEdYUmF3ZmlJb1M2LXdsQnBWN2g4RjQ5YjY4cVY4dlhDejltUEtrMGVaeXdReEpHUEJVaTNYOVdhQXF6cjFsYkhMTlpPX29HY2RTM3ZONDJFWjY4Vms1TVNNNS1GaHIwUQ?oc=5,tüketici güven endeksi,2026-10-07T08:14:54.784617+00:00
2026-09-22T07:00:00+00:00,Rakipler,Çanakkale'de 17 Burda AVM'deki Teknosa'da çıkan yangın itfaiye ekiplerince söndürüldü,Haberler,https://news.google.com/rss/articles/CBMingFBVV95cUxQdEthYnE5dGFJeDJrSmpPVkdlNUllM0JILWlOaTB2b3BJNVF4ZVdOWjBPNElobGYtYmNaTTNlT1JpaFRrX21LazRiMmt4YVYyaU5tNUh3UENhZjRtYmZudU1MU2RmYURDbnJNUWZfcG4wWHBiOUlFc0M3bDhUa052cVMxYnNkNVBtTERUOGJmc3pMQTh3UkZ2SUtxVUl5UdIBmAFBVV95cUxOaDQwNXptM3l6U1VfQVExMkJ6ekFlZWdZY2RtUjNYZzFrOU9sb1cxTHdsdm5NZnB5MjhWMUdpN21JaGpTQUxtY3FJOUVXd3VYQV8xZ29CSGEwdU5GSGw2MzlCc1o1amQ4Q09lNDNHbEZ4ZU5zMmhTZEduYy1DZ1B4RkdoaXpPa3lRRzRwRkhnek9FRzNyX1JPSw?oc=5,Teknosa,2026-10-07T08:14:54.784617+00:00
2026-09-22T07:00:00+00:00,Piyasa Göstergeleri,Tüketici güveni eylülde 7 yılın zirvesine çıktı,Haber 7,https://news.google.com/rss/articles/CBMiqwFBVV95cUxNZnZmOWs0WnA0THBxRkUyVENNbUFzeFRMeEdxUDhjLTlET2puV014R0xjaVI4dnlSWUlPeFR3V1lzd3BNczhVNlp3MHBHenBKbUpoMTdDbkFGRmZTUjBVWDFTNGU5b3dHNnNtY0lLamdHTlhHRl9qdFZOaS1jbmJGellCcDBnZ1pRRXVoRjZYTFJqNUd4QlNBWkZ6QzdZU2Z6WW9HMFY0TEZnQWfSAZ8BQVVfeXFMTlpsNDFXY1JFOVB0enJvT3MwejdiR1RSNG9MUXM1R1loaS04UEc4aldEcmJsVWVrQTh0VzdVd1F5M19GU3RqN19LakdZRkMySjUyUDNuLUNGem1UZEFBQ1pjbTc5bm1Lcmo5UWhteWFoOF91VVBObnVPTDRvNXRsZ2FhTmRtTFhYaDFNM2doLTJ3REFBb2hIODhvdm1iQmsw?oc=5,tüketici güven endeksi,2026-10-07T08:14:54.784617+00:00
2026-09-22T07:00:00+00:00,Piyasa Göstergeleri,"Tüketici güven endeksi Eylül'de yüzde 1,3 artışla 91,9 seviyesine çıktı",Haberler,https://news.google.com/rss/articles/CBMioAFBVV95cUxQQkNneUctcGE2bTdpVWNxVkNwTlFzMFp2dFpCQWRxYUZoT0dsOGJPYmJaTmRTZ1pMSFhkTHk1MnBsbjlNZGRTZlNjRy0xQ0gzaWNfNVZSX1VDeXBMMzJuUG9mZnFlX3FVRUlVU2wtekJFeFpTcUo5eUdfbTdKdGc5UjN2aVZSbmJmT05kZU5ydURfRmhfTmNYTkZ4bEhCcFN50gGbAUFVX3lxTE4wQ1hqUlg2YVdkWVJGZmNFZGFQRjg3NFAtQTZhNVBXNXphU3YyZ0VqU1RtcWdNSE5iU3VJdFB4dzlCMUdpSFNuN0tRcEM5R3JrYnpmSktJSV9pWVltbXBBTDl5Y1FWZ3doVWNaeXdCY3NuVkxNS3p0TGkwYXBlQkRScTZBNGFtNkg5d216bTNvVUpYR19iUmpwYkl3?oc=5,tüketici güven endeksi,2026-10-07T08:14:54.784617+00:00
2026-09-22T07:00:00+00:00,Rakipler,"Teknosa'nın ""İlham Veren Buluşmalar""ı Kocaeli'de gerçekleştirildi",Anadolu Ajansı,https://news.google.com/rss/articles/CBMiswFBVV95cUxQV1dXbG5HcG1OSWRlelVORkk3WEF0VWJXTEVZYWtuRy1uNGEzcDZ3NUhsWHNocExhZHFJQ2FycVdwN2dDVUxPOFJzUTloOFJLanZpbmVJOU1HUmNQMmNERm5MZHZEcnBST1FXSzFQcEJNVEtLT1ZXSTFtSUN3dFkwMEYxMkl6OVdaVEd1VDYzOV8yQXN3Tk5WMjNhc1JpbXhYZHlDLXl4WUpSeVZCZXJVdDRscw?oc=5,Teknosa,2026-10-07T08:14:54.784617+00:00
2026-09-22T07:00:00+00:00,Piyasa Göstergeleri,"TÜİK: Tüketici Güven Endeksi eylül ayında 91,9 oldu",Anka Haber,https://news.google.com/rss/articles/CBMikAFBVV95cUxOY3poeGFWdnA0cjctMkJuOGZvTjI3QlBiZmg2bjNYS0tSOXFsOUlMb1hPaDdHVDlDRTRfQkdpY2F2MlI5MkNlYk4yaV9UczRZR2RnNUZQUnZfZnVkZFRseFdLMGdhRXNEZkp6d215elUtSlVOTkRtRklUQmJ5X1pXakZmc2RHVXljclpreS1IX1Y?oc=5,tüketici güven endeksi,2026-10-07T08:14:54.784617+00:00
2026-09-22T07:00:00+00:00,Piyasa Göstergeleri,Tüketici güven endeksi 8 yıl önceki değerlerine yaklaştı,Afyon Şehir,https://news.google.com/rss/articles/CBMihwFBVV95cUxQc3lrTG9Hamo0bG9BY085dmVyUE1STXZOcWF6cTFhVlNRdnlxb2d0bmY1Z3ZpbW1rUGV0TkVqTm4yWXRPRnZGV0ZMNWFYTXM1cnZIczVCa01NRzRuR3pSb0w2OG81QUdSZVpnQWRRUXhhbTNsSjdUcnY1c0JpZ0ZXUzlkT1dCcWM?oc=5,tüketici güven endeksi,2026-10-07T08:14:54.784617+00:00
2026-09-22T07:00:00+00:00,Piyasa Göstergeleri,TÜİK açıkladı: Tüketici güven endeksinde yükseliş,Cumhuriyet,https://news.google.com/rss/articles/CBMimgFBVV95cUxNRFFsMWg2enBMS1NrQnpMOEhNX2VTT3RIRjFWM212amt1eHIwSl92R2FvSHJpVmsycktQbEl1SUxqaFEwMUhsUEx4aXFnVFp6YXJ2Zk5sckF4OWhQLVE1N3hLTk5rcDBPbkg4Q0R6TzlEa3FWOWhjVGFOQUE1aXN5LTh3a0cyV05EZ3Q0NHlfS2g3TUZkZ25JME9R?oc=5,tüketici güven endeksi,2026-10-07T08:14:54.784617+00:00
2026-09-22T07:00:00+00:00,Piyasa Göstergeleri,Tüketici Güveni Eylülde Yükseldi,Alomaliye,https://news.google.com/rss/articles/CBMiekFVX3lxTE1ub2YzRWVVVGFkT1ZGRzZOUThqblBtaktPaG04bUFzc04wdUp4YVNZenk4VHF6ai1oa2syeTlONHc1UkpLTlUtVm4xTkVGZmxhOUJIVklBb3ltLU04QVJTM2pKODRKNGVIQU5YenRjQS03Ym9NZGV2am1B0gF_QVVfeXFMTzlGR0wyYmNpODVHTGxGckNtY3hyRDdLMW44SkxWMGIxLUstamNua2ZuZDhUOGhBcklxWmtKOVhQR28wNWkwTkZPejFaWWZURkJQWXM3b1Z1c3pxenFmbmNZeEVjeXZ1WTlhdk41X2tkeE04UERZWHJBTXlzNHQyRQ?oc=5,tüketici güven endeksi,2026-10-07T08:14:54.784617+00:00
2026-09-22T07:00:00+00:00,Piyasa Göstergeleri,Tüketici güven endeksi Eylül'de %1.3 artışla 91.9'a yükseldi-TÜİK,TradingView,https://news.google.com/rss/articles/CBMieEFVX3lxTE9vX0M5X3NUYVBzYzZHcXg2Ulk3V24wVXYxNlVNaEQ4VGtJaWZSWXpGVjhZY050aFZvb0ZTVWZITkdFcjNSaDJWOFJRWjA1bTFnUHNlR3dKc0U4OWZhcUJuNUhUeFQ2YVZvd1dxbTQxU3UxNEp5RVlFcQ?oc=5,tüketici güven endeksi,2026-10-07T08:14:54.784617+00:00
2026-09-22T07:00:00+00:00,Piyasa Göstergeleri,"Tüketici güveni eylülde yükseldi: Endeks 91,9 oldu",Yeniçağ Gazetesi,https://news.google.com/rss/articles/CBMimAFBVV95cUxPeGZydHUwTGt5eW1USGpTMVBzdzQxOWtCdkdYSE45QzhrTTNTYkE4RjEzWFBMRkxEc0ltTE5sajhkd1ZDWEFzZFpEVW1tcGNIbmgzSTVPclFDczN4T2V0NkpKZGdTUnFlcnVmV1Z2VllGUXpwZ3dPenczZDJfeTRwZmpiLWlpeDRHbVdGY0tSNzlSRUJLR1V5bQ?oc=5,tüketici güven endeksi,2026-10-07T08:14:54.784617+00:00
2026-09-22T07:00:00+00:00,Piyasa Göstergeleri,Tüketicinin Güveni Yükseldi Ama Kötümserlik Aşılamadı: İşte Eylül 2026 Verileri!,Akdeniz Gerçek,https://news.google.com/rss/articles/CBMixAFBVV95cUxOS2Z2a1BYTHZaYlJBbjNYa3ZnZjVYUl9hdGVPVS1zb2FRYnltMmxzclpqU2llQjRnQlhFcXo3MVRCQUlMQmRrUTUtX0VqZ1lRRDhONW4wNDQ1bHBCLUxQQUJwbnpucUZMLW02anhqbGRTSl8wNUVNVWlGVTRpeHlPNWJVSGF5Z2JKSWJheWJmSmVtTXZDWmVVYW1Kd0xGUUpkX3FnVFVGLVVKUkQ2TlR5U3ZtQ05TX1lrLS1kSWZmdV90MEdh?oc=5,tüketici güven endeksi,2026-10-07T08:14:54.784617+00:00
2026-09-22T07:00:00+00:00,Piyasa Göstergeleri,"Tüketici güven endeksi yüzde 1,3 arttı: Harcama yapma eğiliminde yükseliş var",Haberton,https://news.google.com/rss/articles/CBMingFBVV95cUxOZmJiemk5NFBsVlNiMHFLZjNuSUg4MlhEaE9hZ3RhVFhKN0c0c2hNVjhMa0didFc4YnpOZFVEVmxfZ1NwVjI0WkdpVXVGRUVWVEFxVTBuNmFjNFFiZV9OaE9DSzZPd0gwQnRzSVhKMFdSSmVFUHVfWXR6bHM1Y1NkM0FlYTN0QW54V0xCMjZSRXlQVjl1cG5YTUJlUWJOQQ?oc=5,tüketici güven endeksi,2026-10-07T08:14:54.784617+00:00
2026-09-22T07:00:00+00:00,Piyasa Göstergeleri,"Tüketici güven endeksi Eylül ayında 91,9'a yükseldi, artış yüzde 1,3 oldu",Son Dakika,https://news.google.com/rss/articles/CBMiogFBVV95cUxNZ0VIQmM0a2ZwNXhPS1BLWkFXd1p6MjR4VHVPN3JqRG16NGY4X0ZuOHVRUkhPRy1aNlRSaTRLd3pwRjlUdDMzVXdMRmNNS21YbnNJMEVnbER2ZGFRckM0dTQyWm1ISUpCSDhwQWFXT3lrbFo5ak5SMWF0ZzFfcE81Sk42UjdDSVg5QWc3RlBfMVNLa0N6a24tYXBDVU1JamdnOEHSAZwBQVVfeXFMTVhxN2dlVUo4ZlczNnZJRklKU2R5Y0QtV2xJVHJQdC12ZnBJT2RFMmY0dlpRMTVkb2VRS3UxWmVnOHo0YnNGa0wtZTNlWWRBUVAyaWNINHUwRVBEWXF4aEw4a0tGYzkwd3JNUU80QXlkVmIzR1VOUm1tNHRVWWhxNVhqS1RISVFLek9UNDF5ODNWak1qUTFZY2pING1m?oc=5,tüketici güven endeksi,2026-10-07T08:14:54.784617+00:00
2026-09-22T07:00:00+00:00,Piyasa Göstergeleri,Tüketici güveninde tablo kötümser: Endeks bir kez daha kritik sınırın altında,birgun.net,https://news.google.com/rss/articles/CBMisgFBVV95cUxOR3FEZmpzRzlSZkdBQXgtSWVrangyTmpkQ3RGQzBVbUdXc2ViTHc0OEkxTWlMVjY5TThOaW9VZk9UQlVvTmsxVVUtZVVKS2JtdmZKX3E2YXhEdEJHQmhFMHJPcV9yVk10VDM3OVN0X2xyX0wxQXBSdDRKazJyMUV5LVdISmtIUzR4ZjQyUEh0cnBNeWg5SnpHMEFtZS1ELW4xeE5pZHVtYWRsdTVqd0hPVkZR?oc=5,tüketici güven endeksi,2026-10-07T08:14:54.784617+00:00
2026-09-22T07:00:00+00:00,Piyasa Göstergeleri,Tüketici güveni 8 yılın zirvesinde,Bloomberght,https://news.google.com/rss/articles/CBMiekFVX3lxTFBkX0dlQ2thZWs0OTN4RzVHeFhhejN1TFpRaUtnei1UeGNzTkZ3VS1YVDFjUWxaaUNwTVppMnM0Nll3TmRCcllQM3lKVGdLUnVWejRESm9EMXFoX0FPZHFnVVp4Y1pJZGRBSUc4WklnZEQ4RVhUaHlScGlR?oc=5,tüketici güven endeksi,2026-10-07T08:14:54.784617+00:00
2026-09-22T07:00:00+00:00,Piyasa Göstergeleri,TÜİK tüketici güvenini açıkladı: Eylül ayındaki artışa rağmen kötümserlik sürüyor,Evrensel.net,https://news.google.com/rss/articles/CBMiuwFBVV95cUxOTnl2aXQtU2VfUXA4bUpGdjdsdmRyTEhTUjFUcFZQcTdfQUFJTktBN2sxVDN6RGhMb2dQX1dYT1V4YTZMWjkzRjZ6SHBISTNJUThHd1BVQ19TOHlXeHVMWEdqeTRBcXg1NVZ5TVMyVnhsRC1WNnJyYmdYbjJvX1prYy14WGFwV19tQ1J0aUZKNUV5WDg5UldTV2J0ZE9hZFhZV1kwamV1SVd5a2pTcGtJSFhxbXdiclN3YXhz?oc=5,tüketici güven endeksi,2026-10-07T08:14:54.784617+00:00
2026-09-22T07:00:00+00:00,Piyasa Göstergeleri,Tüketici güveninde eylül artışı: Ekonomiye ve hane bütçesine ilişkin beklentiler yükseldi,24 Saat Gazetesi,https://news.google.com/rss/articles/CBMiuwFBVV95cUxNa05GVlBQbTRYdjZYdDdyRVhBcTkyZUE3bFhVS2lzc2thdWJkWDhfY2xVelFNY0JwY1ZGZVJPdUJ4LW9GUGF2Rmh6Z1NiY25ScF8tTExBTXhfMk15NWZwLWx6NzdTZWRsTlBOMlJsNkdLVUxXb3BjUU5iWFEzX0VJNXZ0YmUycGJ0c25OSjk5WGQ4TDVHR0hCUkxoVkt6b2dGcXUtRjNFb0t3MHRJVm5jOThIN0tGMERLb3V3?oc=5,tüketici güven endeksi,2026-10-07T08:14:54.784617+00:00
2026-09-22T07:00:00+00:00,Kredi & Faiz,Sosyal Hayatı Destek Kredisi,Hangikredi.com,https://news.google.com/rss/articles/CBMiekFVX3lxTE5faHM3djYzQmNLb2c1NzUwWldGMVFSdXYzTGZSMDl5MGtzc3JjcUJjalZ6cHJTWUtEenlzUkp6WXhuaWcwSFlXWG83UXVlNndmQmI2UXhGNVBwSDhad24ta2N1bTVab0FWMU84aUIzQXBqbU5lVEJDcTF3?oc=5,tüketici kredisi,2026-10-07T08:14:54.784617+00:00
2026-09-22T07:00:00+00:00,Piyasa Göstergeleri,"TÜİK: Tüketici güven endeksi 91,9 oldu",TV5 Haber,https://news.google.com/rss/articles/CBMia0FVX3lxTE1tTkwwMWNQRUtHUk9uVXFnNVN6cFQ0UmxCX24wc0R6dFhtSFFxNjVGd1BRcWxid0I4aHpPQlhZeFE2MnpSRUlTYUxMdzB6eWFwb0hONVl6OVMwQ1o0TUpMbTVqSXhhY3BfZnFV?oc=5,tüketici güven endeksi,2026-10-07T08:14:54.784617+00:00
2026-09-22T07:00:00+00:00,Piyasa Göstergeleri,TÜİK son dakika verilerini paylaştı! Tüketici güveninde kritik yükseliş: İşte Eylül ayı rakamları,GZT,https://news.google.com/rss/articles/CBMiggJBVV95cUxOaWZnMDhaS0FxV1oydGtJY01FMUNfWWtLN0UyMEtQaVg0YzMzZ0JfU1Y5dU5vV29YSGFvcmZWR2w4SFNfN01MSDlEekF1MzNNd3prb1phWUlLdTVXYlRUQWFsNHAwWC1uNzhJOXJ2V1JLdGhMd3M2cGZpZVBFSFJHaTFMY1JNNXpBRUE0WkxMajdRdDItNm5MTG91TVUtWFA0dXRSTHZxQy1QMjJJTWlmSVcwRVdQLUU3c0dUR3p1dnN1X0NQcnY2UmNxZ1JNdl8wQjBSRktzdHZEdVF2c09La3RaZVEzRFRxWjN6UlFLRTl2MTJYRkFRbUd5LWtHczhpNEE?oc=5,tüketici güven endeksi,2026-10-07T08:14:54.784617+00:00
2026-09-22T07:00:00+00:00,Piyasa Göstergeleri,"Eylül ayında tüketici güven endeksi 91,9 oldu - Finans haberlerinin doğru adresi - Mynet Finans Haber",Mynet Finans,https://news.google.com/rss/articles/CBMinwFBVV95cUxQZHhVOHFQdlNDenYwMGVuckZOcGk2OXV3dEtNNkZqMUJtajVzT04tOXJ5QXNnNmxGRTBrOG1ZbGhoeFJpcUczU0pnakNpVHNJaU8tSU9kaDJWNUJFMjdSVHVfUUdzbU5MTExENHVHQlVPYkU1QTh4ckNVX2R3UTVQWDh2WTBZSUpnbHFMbGJ2Z19VX0t5cXFMT2hvcXBIZnPSAY4BQVVfeXFMTTRYR3RtZGpfMk5RdTBqM2o2WXJKcVFvXzJYREhqOUR6TVNoUEMyamlWaHo5TnVDY2Fwb0h3UHktRVF3amZkXy1uRTg2NXZ0d1E0R2QwZDFwVDFOeUdzNWp0cFlzcFVyRmdFUW4xYTFQZnhpWDcwRzRkdWlOcmkwUHJ3QnZwaHRtRUhzc29PUQ?oc=5,tüketici güven endeksi,2026-10-07T08:14:54.784617+00:00
2026-09-22T07:00:00+00:00,Piyasa Göstergeleri,"Tüketici Güven Endeksi eylülde 91,9 oldu",Habertürk,https://news.google.com/rss/articles/CBMiigFBVV95cUxNN2VJVFIwZUFOZWExcS13ZUJRbnJCSzZ2OVhqSUpKX25XeXRkeE8ydDdBSklMZ3ZsRTV5N0hkeEpXbnhpRW9mVFR5Zjl2dVFRMDBsTGdEeXkxcmtWR195YW1aNXB2ZG1aTV90ZFpoU0V1SDUwQ1JueHVCQXlqLWFmT2pFOW1PVDF5enc?oc=5,tüketici güven endeksi,2026-10-07T08:14:54.784617+00:00
2026-09-22T07:00:00+00:00,Piyasa Göstergeleri,Tüketici güveni eylül ayında yükseldi,Ekonomim,https://news.google.com/rss/articles/CBMijAFBVV95cUxPUEU5N1p4MlRXTUNRTzRuSVBhZ0cyd3F3NWdCamtWWlgxc3BLOEVxQ2J6MUcwclV5dm0xZ2czV3hBZEhqREhCbnBQTGZtZUlnd3lFWVo2WmozcFItRUpWeGg2NzNtUHVBMUgzUHdEMWREbjRlcUZGSHJxYTJWSTNmaVBUQ3ZHb0tCRTlDTNIBkgFBVV95cUxOZGozMEotckdhcy1kWHhDMVA0RnhodmtJTXVhNkRPcV9VWFpNRDk3ZXpUOVVacGtTQW1YYm5TRFJqYThDRWppYVY4MTlkekhJT0ZBZGxmWWlZc1JrSV9mbUlVejZ0X0tuZGF0bjZ5cnNFZGdUak9Td0k1cUptQnBRNVlhZlZCcnNuQnAyN05ITzJhUQ?oc=5,tüketici güven endeksi,2026-10-07T08:14:54.784617+00:00
2026-09-22T07:00:00+00:00,Piyasa Göstergeleri,"Tüketici güven endeksi eylülde aylık bazda yüzde 1,3 artarak 91,9 oldu",Anadolu Ajansı,https://news.google.com/rss/articles/CBMisAFBVV95cUxPek8yZW1YMTRkTFh4aWwxNFk4V1dRbHQ2b0pLNHNIZUh0YWNDOEVOUDdSM05zOFpvdFNYUWlFd20yV2h4SWx3MmY0MkZTZy14dXZfY0JOc3Q4dGY1RkZLYlNvM2prUkJYazlFOHBjODVqM0FGZlBPQVRTYWZrU2tGazRQV0kxTFROYlJCR2otanpYanJDUThqTWV2SjMtZ25qNkM1ZGoydVJvUzFxUHdsZQ?oc=5,tüketici güven endeksi,2026-10-07T08:14:54.784617+00:00
2026-09-22T07:00:00+00:00,Piyasa Göstergeleri,"Tüketici güveninde 8 yılın zirvesi! Endeks 91,9'a çıktı",CNN Türk,https://news.google.com/rss/articles/CBMimAFBVV95cUxOUERUOUpFVW9WYXF1VFR1YUM1cnFCM1lETGtIZWp4UGprRHMwa3V5Y1ZwRlJjV2RHVjBteHpFMDRnZnJ0dGJFYVhsTGdFTEtWQlJMSkxJeHRvOGM4czkxb0hNajVtc3l2RDVEWkFQelF0ZkczNXl3cDd2SWlrX1ljVVMzY2RzZ0FGQUthOEhzSVl3RWdRdUNfRw?oc=5,tüketici güven endeksi,2026-10-07T08:14:54.784617+00:00
2026-09-22T04:31:24+00:00,Kredi & Faiz,Fonlamada haftalığa dönüş ve reel sektörün faiz beklentisi,Ekonomi Gazetesi,https://news.google.com/rss/articles/CBMirAFBVV95cUxNWG0tdVFOZ2JqVWpDTlBxejJJUktRenRndThrbGVUNFAzSTFLQ3BVdEdfSDF3RGh1ejhBVE5xSjFWS2dYNXc0dVI3a2lTeGVVYXhKRlc0OEV0MnpXTUhWQm0wdkZyREVaTG0yUGVBVjE0V0dGUEpWZzZHZVZOWDk3dXlCOURVNXJWYUlyWEpnbFQtaEs5SkhVTXB0MTlMTFloMWgyTVRqbno1WWhC?oc=5,kredi faizi,2026-10-07T08:14:54.784617+00:00
2026-09-21T07:55:11+00:00,Rakipler,MediaMarkt Türkiye kendi markalarıyla monitör seçeneklerini genişletti,Anadolu Ajansı,https://news.google.com/rss/articles/CBMivwFBVV95cUxOYThndWdnUlJhNXE3NW1zXzZaaEl3Y0lqdzM2dGNaOWdjVC03dEFfNUlPY2xHMXZyZzJJdzFuakdIMEdrY2FteXRHRFFEdzRHYXZlcUNaYTRwWW9xX0lZU04yVkx1NTVUQjA1clVUR3dSS25BbHgyTUVrd0RfdXI4RnlSM1VTZDhhR1dJb3FBOWVNY0N5R19lcXg3ODNHaGVIMUoyTG45WW1udlhjTnlJaEZWSTZfR3M2T1dYM1dQUQ?oc=5,MediaMarkt Türkiye,2026-10-07T08:14:54.784617+00:00
2026-09-21T07:22:24+00:00,Bankacılık,"TL mevduat faizi 11 Eylül haftasında yüzde 43,90’a geriledi",hibya.com,https://news.google.com/rss/articles/CBMiigFBVV95cUxPNFBTX2xfeGY3YVcwY21hbW5IVkRONVZTaE82enBROGJPTVdWVUtQYVkwbmFfaExybEljZmgwQjVvNjdJbDVRNHRqQVZuRlJjUk55aFBmZm1jT0FoMWJpMmdQUUQ0c0JmRlVsanREX0FVRXJSeDZON3YyVXdHMTZFUDNxNTJXNzJST1E?oc=5,mevduat faizi,2026-10-07T08:14:54.784617+00:00
2026-09-21T07:00:00+00:00,E-ticaret,"E-ticaret devinden kurye ve filolara büyük destek: 1,9 milyar dolar yatırıldı",Ekonomim,https://news.google.com/rss/articles/CBMivAFBVV95cUxQWDRFcUw1ZDBqNzBaR3pkYWZnZEFBYzNHWHpFSWFscHdzTkIyOGFabWtOc1VieERJVjl6NjJYQkd6MEcyYktQbXBPVld6RHV0RkRSUDNfNFY5YV9mUEhQZUFBaWdXS2dkaFNTSnBEWFI1UXFkTkhTX2ZuajU5VlNqenBvallMbjFPSnlWS01Ja1VXMnN1UnlrS0lvRE5oMEtISmo3bWh2dGVuT3lpSF9WT0hsbTZhMTRsc0lYV9IBwgFBVV95cUxNMlkwNW0xcHo2VW9vNzJwUzJuZmhBODdkMW5CTHZyQTJkMk40TzhQd0pQbHZ3WGFrMllhWXZLSHNmZnloSlNFR0hCakEyalA3QmtUSnpvTXllTUpHNjFRLUxXUzluYm5Zb2hHYlYzSmthUFQwLW02UnFycVIwdXEzVElqbjJ6YXpvR2hFUXh6ZllNNXFvT1FJSGhCOGxldE9sLXIyS3BUbUNDVVBNMXdpc1B3OWU4NTN1LUlZZWdtRkdDdw?oc=5,e-ticaret,2026-10-07T08:14:54.784617+00:00
2026-09-21T07:00:00+00:00,Kredi & Faiz,Çin’de kredi faizleri neden değişmedi? Gözler ekim kararında!,Ekonomim,https://news.google.com/rss/articles/CBMiswFBVV95cUxNTHJhamppcmE0b2RRZjJsUlI2UDNaNFpUdzZtMU5VN3VLeDZMR19ybjNzR2MwMm5DOHhKS1ZMUGhHSTVfNkplZUZzOEVuQ0c0LUdSbWtfRlpwdU44WlVNdEExTWF4NU5NYXo2ak1tUHV3WDlRR3lPRTNlU2tzQXpHMmxxbS01am9Ucmsya0M2OWZoUmt4M2JaS1Z1TDdSOVZ3cGZKNGdXcVV1QXZzM1hnUGNxUdIBuAFBVV95cUxQNGt0ZGttbXROdE83dGZLV1NmSmZNV3V1WTJDY0Ribk8zbVJzN0FROUk2QV9xRTZZMFNWVUJUQks1a2xBSThaUnZiMWRFMXA3eU9ST3hDcHdvV24wem9IWjZScXNicl9LUWRuczRBeXl5NlhrMk9jdFJSaTh0NEd6RThwY09KVHhYWTMxeVZfZ0FNZmdiNXdDQ3FWNi1MeE8xY0R3RW1JTGZ2U01Ha2h4U1FVSFozdTdD?oc=5,kredi faizi,2026-10-07T08:14:54.784617+00:00
2026-09-21T07:00:00+00:00,E-ticaret,Yapay zekâ Türkiye'de hangi e-ticaret markalarını öneriyor?,Haber 7,https://news.google.com/rss/articles/CBMiqgFBVV95cUxQOE5TaUdCcTRVRHB5SlI5T1lza25MUHhRN3BkamtOYmNTNEFVQkU0SG84N3hpZkxMRVBFVkxWLXJLQjdPeVRBSEV6N3lOX2NpWXJKOWFnZlN0akZDNUFEMlljTGl5a0ZCa0tMd1VERmNGa0FrZ3RkdDJzMVFYSUEtbEdOemFCSGNQTUlDdmJMQXFJTE9jdEVlRUNtMEVJdXJUUDNEamt1c0VEd9IBrAFBVV95cUxPNkh4SjRrcEo4UXlFNUhVY0dFYTZZck5rMGdzV2VEVmpsckp6eXhzYl9uUkZSaF96VDBDWXU3bl9iUmQ4RlQ0dW53Z3REQzhuMVl1eXFfUzFvdUstVHBOTW1fYUZkR1J5MUJGTWFxdms5UWpGSEt6Y1R0SFhrYUxkV1FUdlRva21iR2E2UWl2UmdkSkxjb2ZRak9lelZHSzdFdHk3VTVQV0JRbFBa?oc=5,e-ticaret,2026-10-07T08:14:54.784617+00:00
2026-09-21T07:00:00+00:00,Kartlar & Ödeme,"Sınır ötesi QR kodları, turistler için dijital yolculukların önünü açıyor.",Vietnam.vn,https://news.google.com/rss/articles/CBMikAFBVV95cUxNWW9qZ19pQXNmckgySHdnZ0VIU1BtZmN1dy1iOUxfR2F3am1sQ2JhSFdiVDU2eFFDRDlzT1phbmFqOHZhNjhydm52NmJHSjJ0WDNndHY4eGFqTDB6akZEV2FEQTZZOEc1Wm5TVXd5RUtDaUFJUlBBOUg5b2ZpLTJmSElsNTZ6dnRkd1Yyd3FJUnY?oc=5,dijital ödeme,2026-10-07T08:14:54.784617+00:00
2026-09-21T07:00:00+00:00,E-ticaret,AB'de gümrük devrimi: E-ticaret şirketleri için yeni dönem başlıyor,CNBC-e,https://news.google.com/rss/articles/CBMipgFBVV95cUxPaDFVOWhOZl9mR01nYldfMUZJaWVrMVpMWm1aT2dGSmktclJsRkVKeF84eEx2S3FLMUNOMXBvekQ0eExrR1c0Y1l2MjQtZDhVNWNHcVg2YU5YcjZYOWgwa0tXcG1najZaVzJnOVhobUdLX0hDSGlXc2FIUmpEMHlQSU5odmdTVTB5RGNza0xwUUl0alNHd2ptbVczTFNJaVdab2otdEJn?oc=5,e-ticaret,2026-10-07T08:14:54.784617+00:00
2026-09-21T07:00:00+00:00,Bankacılık,"MB'nin vadeli mevduat hesaplarına uyguladığı faiz oranları, 21 Eylül 2026 tarihinde 0,1 ila 1,3 puan aşağı yönlü olarak revize edildi.",Vietnam.vn,https://news.google.com/rss/articles/CBMiuAFBVV95cUxNR09MVWtFdzU4NkZKRE5GbGlBUEpETnNCT2x3SDBleW5pXzFjOFRaRV9xd09IYURPQnBtSGU4cl94MUp2OXVrdDZPcXo1V1dSc1l1bkVHaDBqdTI5UUl3aS1wNlJMUlZSaVBQektaYlprUkpWV2wyZTl6bW5zMUZnbDdfVHJLeFFDYmU0azFmNDNTaEM4dml1ajcyZnRiWi1wdkZEa1B6U04xX25icGFFSTQ1ajhiMlVz?oc=5,mevduat faizi,2026-10-07T08:14:54.784617+00:00
2026-09-21T07:00:00+00:00,Kredi & Faiz,"Çin’de kredi faizleri 16 aydır değişmiyor, gözler ekimde",Ekonomi Dünya,https://news.google.com/rss/articles/CBMilAFBVV95cUxQVWVuQXRwbHhsVWM2eWlwcnJOOXVXdmxtSUFKdUxLaWEtVmQ2OGsySVNNcXJJRVg3WWhmeUtxcmpkUmhvSVNsQmROclNWV2dCZG9BU1NyYjZzYmxYT2t6d3J4Y1lSejhDNlgyNWRtZFAtdmFmeDZSYnFfMC1kelJlQ0J4MEg2ZUpvek9IOUpsTU9rMnIt?oc=5,kredi faizi,2026-10-07T08:14:54.784617+00:00
2026-09-21T07:00:00+00:00,E-ticaret,Yapay zekâ Türkiye’de hangi e-ticaret markalarını öneriyor?,Ekonomim,https://news.google.com/rss/articles/CBMipwFBVV95cUxPdC10ZW40d1NCRW5NVEpRMm5yc01XWkZzZVBZN2p1dTVRaXZ5LTVDSkl1RWRqMm5hZlNaejB1WC12d2xUSFk2aGhTZlRRMG90bU5ZdVFZZmV0d0phZmc3S0xMaXY5U3hLSTdoMzd6Q1V1azd4M0tiV2ZtaTJ2UzRaYTJjWVpDTjV6SzY0MEVEMjVxaEloWVkwUC1sM3hjZHU1ekJmcEU5Y9IBrAFBVV95cUxNTF84RElVMFZ3YkNQNkkxNEcybWMxTEZJcm9uRXUzZjc1NTQ0R2ktNGY4UjZ0T1pBZkJMNkY5MWRPTDlRVm9OR0RRWEVxaURjQ25KQjQ0QWF5SGlZR1M1MG5USjVLN2N5Q3RoX2VhM0xnRERGaVZVVlV5dEE2XzhtVThpa3R3ckMzYkwySFJNdzFYeFUyU09iTkFzaGExTjRreUNDa2wxZlRTaDZC?oc=5,e-ticaret,2026-10-07T08:14:54.784617+00:00
2026-09-21T07:00:00+00:00,Kredi & Faiz,"Artan sermaye maliyetlerinin baskısı, Vietnam Dongu'nun ortalama kredi faiz oranını %10,7'ye kadar yükseltti.",Vietnam.vn,https://news.google.com/rss/articles/CBMimgFBVV95cUxPOER2RlQwN0hiV3JaWTFNQm1rUTJXTURYTlJtbXVzczBfVENtTmktdnNZT1lYVVFrUUozUDFKM0ZVOUtXaUwwcDdnQ1IyQ1pQaVZVUG1iVUNCOFc0ODJOVGdBYzkyaGpvc0p0dE90WkU3aXFwOVZaM3dNOHk2bmhsRFdPQU9WTjhNR05ILURTN2RYTW5aXzBPOXlB?oc=5,kredi faizi,2026-10-07T08:14:54.784617+00:00
2026-09-21T07:00:00+00:00,E-ticaret,AB gümrüklerinde yeni dönem: E-ticaret paketlerine ek ücret geliyor,Haber 7,https://news.google.com/rss/articles/CBMitgFBVV95cUxQbEhwRFBEM2ZXSVFtbmFucmNVZElqNHlWNkY0cVdOeUdlMmtKNVhEenA0UVRteTRQclpxS1BSc2V4N1JlQ3FWd1JiYU1sUHRvbW0zam5idkdIY2JJMXAxNHVNMVJXaTZuRlMzN1UxOWY5TVVDLWgwR2xUSzVybUY4Y0NqSVRES1lnYXJ5UGV1UnhjLTBtTWNacnRjRU1nd3ZIMVhmV3JXYUtaOEpPcWxPR1RGZGRYQdIBuAFBVV95cUxOUndZdVRocUQ1bldiOE9hY1dRMWkyOXFZdXF2RjF0QTJtNUpJYUljMUlpYktnMWJ6S0lfaFR6N2FQdk5HZVhCeFl3X0NXWkplUmpod2FSN1NwdGpiNURJTVRGNTV4UzdKekZZaTFGVmZzVUZxX1lPbXJERDFfU2ExN2hIWkJic2hiZndsNXRuRU9BODNmb3ZGOXV1MU8zdXpRRTRwV0d3b1FzVmZXdVp1c3BLUWs0WUda?oc=5,e-ticaret,2026-10-07T08:14:54.784617+00:00
2026-09-20T07:00:00+00:00,Kredi & Faiz,Çin faiz kararını açıkladı,Yeniçağ Gazetesi,https://news.google.com/rss/articles/CBMie0FVX3lxTE9yQUtLVkVxYXJiQnlyLW9DcFIzTDEyM3JGUFRVWWxPLU9HdGVnRDZJb1FaM2xJRWlwa3VaZWFHWFVMRUdhcndaczlZYUN1VlhXelBRQUtJOXdxVThxamV0dXlxVENfd1VGc0hCT3p1ZURXVE5UaEdmRTNwNA?oc=5,kredi faizi,2026-10-07T08:14:54.784617+00:00
2026-09-20T07:00:00+00:00,E-ticaret,Kocaeli'de en çok e-ticaret siparişi veren ilçe hangisi?,Kocaeli Barış Gazetesi,https://news.google.com/rss/articles/CBMiqgFBVV95cUxPbDl6clFYUUxCUHdRMjMwZ0RzN2FYd01RZ3VDcTdad1E4X2EyUjFHdDdkWExBdGQ4ZHdsZ3d3S09EMHBwYlBpdDdMTjk2bHVXNHRFcFNobG1XYS1XRnhoeGFDQmMxOWFnN3liZk5EVk1DS24tREZBbTJMOE1NQnpjNlhzeUhnc3JkN0hPbS1raTZGS2FqQ1E5OEN5NmJBLXJONHlTNUhqZjhjQdIBrwFBVV95cUxPMnBsX0IwYWVrUWZXMFRUX0RYQll6YVdiRHQ5T2lRNFlZTm41bG9tcHdhbFIxaEQwV0dPS2NOdjdNYlM1a2lDZkU0YWd3ZmNGeDFQZGdkZ0hUV1NONlUxUUlRTU5PcTZkYV95NnN6TzJfR0R6dnFIcGNxQ3BEemJ1QkhHSWZiSlBRWjJlZGt0Ul9mVjFEQlRyN0xrc1VVSnp4VjVudUR0RWdWd0VSRFA4?oc=5,e-ticaret,2026-10-07T08:14:54.784617+00:00
2026-09-20T07:00:00+00:00,Rakipler,iPhone 18 Pro mu iPhone 18 Pro Max mi?,MediaMarkt,https://news.google.com/rss/articles/CBMiqwFBVV95cUxNT3dzUWtqTmNRNmhZS25UU0c5V3ZwRy1XZDR1R00wM1pteVZlYjM2VHhwNkxHY2ZXb2FwdUpEcVF4WWcyNTV0UFpBblB0MzBSRV9ER1BLRXBZYXZMalBzako1OGNKMDNWTm9jall4cWRjcU9ZclR2WVIyRkhGODZGc1p2QnRBWFlXZm5HdUpzVkFxYWdEaXdDRUROOW5Hbi1uUmhaM0cxVXdfNkE?oc=5,MediaMarkt Türkiye,2026-10-07T08:14:54.784617+00:00
2026-09-20T07:00:00+00:00,Kartlar & Ödeme,"FT'ye göre Suudi Arabistan, mBridge dijital ödeme platformundan ayrıldı",Haberler,https://news.google.com/rss/articles/CBMinAFBVV95cUxNQVk0RF9HUUNseDd6N1RwbmE0bk5pbTRmNFlIUE5HUDN2eGRiNHFlVHV0UW9DMV9ERTZIMUppMDU2X1JGbUx3cWZEdm82bmJQdzZwMkpHZVFXR2NZTWJRQVpnOVNVUDM3ejlFV044dmVmZEpPWFRVVmg4blU4MXpKdVlzdzJFaXN5OWlJTlRMVEJjZFA1OG1hZHRQd3jSAZoBQVVfeXFMTjVfclRYU21BSERWaFN5UEllRHlVaXI5MzAyYTlIMERycW1BWUYtNThvSkdweHIwUzdSRVlaendSOUh4WlJCQU5mNjhIREZFbXNYTHNsQ2dqVVlGUzZJRlZyMlBQTEJzV0VLV1BtaUk4U1lBUmV4VFQwbHBBOEt3cGNpMzJNeFp0RVE4eFRPMmkzNVZ6cmpDQVVHUQ?oc=5,dijital ödeme,2026-10-07T08:14:54.784617+00:00
2026-09-20T07:00:00+00:00,Kredi & Faiz,Çin'de kredi faiz oranları sabit bırakıldı,Ekonomim,https://news.google.com/rss/articles/CBMinAFBVV95cUxNaVVLVFF3VlpEOHk2MEVhUkZ6NGZxWUZ0emFVNkJWUHI1UnhITmZua0pIV29JeU0yUUVSdlM5ekV2aUFjdGhsbHprSGhhTnFmNmhvNW5TaFVvZzN5U182OFVaVDcycjkyZnRtQi01eFVvSDNiUXdSZ25wcjJ4TXJRVmp4ckpYTkJBdmE2amRqY0VRTEdNZVdOMHJhSjXSAaIBQVVfeXFMT2dRQlZKa2JjaDRvdjkwZHdYQ2xVcGZTZkN1Mm80ZFZremNPUlJ0RWlGNG5ib1BINjhTZnNtQ3QtQW9tbHI2QWppZG5KWU9TNXFpU1oyOHY3S2s1UC1tUmtsZHQyQlE1S2NwTHZGY1ZvZXRRZFRhYTZqd2JzN0g2VUtKMnZnWVlLRWVDQ3Jib2FHcHRSN0Q1ZnI1SG1UMWFHQm5B?oc=5,kredi faizi,2026-10-07T08:14:54.784617+00:00
2026-09-20T07:00:00+00:00,Kartlar & Ödeme,"Suudi Arabistan, Çin öncülüğündeki dijital ödeme platformundan çekildi",Sözcü,https://news.google.com/rss/articles/CBMipAFBVV95cUxQR2s1WHI3UWZHSk40RndDTTU3ckpJS1lYbVlKVjVLc2l0SlRVbXI1MVVFTURnVVNjekt2YlJYUWI2TU13U2dtUHlDU2ZYY3h1YzNtcXExRFljdWZHbURtN3NvR1BlanpMZlNwVDNuZ3BCWXVvbEo4TUwyX1RqNHRkaHNIVU9rZWhYa0FMVm5ldWhpY2xEaVFMbzZoRU9SUkxZTVQ1aQ?oc=5,dijital ödeme,2026-10-07T08:14:54.784617+00:00
2026-09-20T07:00:00+00:00,Bankacılık,Eylül ayı mevduat faizi oranları belli oldu! 1 milyon TL’nin 32 günlük kazancı,Takvim,https://news.google.com/rss/articles/CBMivgFBVV95cUxPb2NIOFhNVldxbEdIZnB4T3V2cXJMaGdUY1U1NnFhdXgybzVRTWJMc2pfWDZtTDVOWEtPcURGd1RjOWg3eGdCOEZ3THgtc2RaUldzZlNzUEN2TlBGalFNWkNBQUVRQTZiWDN5eXhFUnJuc2VWVWxXY0pVUXpJZEo4VU9rNnpIYmgwaWJLbE9fSG1YYWlNN1o5YVdneHpXeFEwdFQ0TXRmUmFhV216Mk4tbklLa24zTmxLZUR3VUZn?oc=5,mevduat faizi,2026-10-07T08:14:54.784617+00:00
2026-09-19T18:40:28+00:00,Perakende,Coğrafi işaretli Osmaneli ayva lokumu zincir market raflarında,Medya Midas,https://news.google.com/rss/articles/CBMipgFBVV95cUxQTWVUY3JFdGwyWUdYUF9GcndBQm4yckRFV2l3aFZwVmtsSUtMQjRmT3E3S1FiR01rMG5MMXQwOHJ1dk02eXlvRmNwRHhGMURHSE1UZXhXaFBReGhpR0dXNng0X3ZnTHkwZ3ZfUlJWR09Qd3JaajVGU0lVNzdWVlNCNzAxUmdQT3RFOHdmWFd2cFdvSFlHWUVCUFBzT0otV01OaW5VbGNn?oc=5,zincir market,2026-10-07T08:21:55.564991+00:00
2026-09-19T07:00:00+00:00,Kartlar & Ödeme,Küresel Finansta Dolar Baskısı: Alternatif Sistem Arayışı Hız Kazanıyor,Para Analiz,https://news.google.com/rss/articles/CBMiqgFBVV95cUxNU1lZWEdRcHZTcXFvNUtwdWZ3dVpKcXFfbzY2T3dnQzZYSEZrb1Z0Tl9zLVQyTElNWVBFOXNfcjRTclgxZHBUa21VZGhtMndhdXctMGZNcm5PdXRROU9mZXZwV0JBMlNfcGlPVkFLS21ycXdtMm90d2JneV9jU2lGa1NHdUladmUteWVla1FPVUJkWGwzXzRaLUloOVRGLW5qRmVqd1p5R04wdw?oc=5,dijital ödeme,2026-10-07T08:14:54.784617+00:00
2026-09-19T07:00:00+00:00,Bankacılık,"BDDK, Bank Mellat'ın İstanbul şubesinin faaliyet iznini kaldırdı",Anadolu Ajansı,https://news.google.com/rss/articles/CBMipgFBVV95cUxQa0k0cHFPYUZtMHVKTTBzOXM0LWt0ZEZmb28wQlZRWXN3TGxLUFR0SkZZbVlCYXFfUkFBTm9QaHdjZUFoN1lkWmRVZ1A3UlVHVldaQTFGSzhsVEdIb2FYZUpuNW1MaFNQNFY5X3BqQUFyRzVSQk9XUFpSV3FuX0xBLWJTXzBBRTNwUUZFVGtWYUp1ekxvRi1LRnc4U3g0YllLbjVXWW9n?oc=5,BDDK,2026-10-07T08:14:54.784617+00:00
2026-09-19T07:00:00+00:00,Bankacılık,44 yıllık banka için kritik karar! BDDK faaliyet iznini iptal etti,Uzmanpara,https://news.google.com/rss/articles/CBMiuAFBVV95cUxOR0FOSWVPVDB4STBuZGh0d2RIYnpXMlNZdk5QNF94MXBQN01TOFQ2TFBFT014bHRIN1VVdGJSYkctSEwzZXdZSDJMaC1jdEM1RUpaUlNUMnd4UGlEV3JHMF93TmRuRU93MlRzcFd0S3VzbHpiTmF6amcwMWs4cWNJVzBTaUUyRXJZOXBXYUNWRUR6QVJwQjdWckh4UUlQVU5ldlZ4SFJRU2tUWFFMQ3NWWlRhb2pXSjBL?oc=5,BDDK,2026-10-07T08:14:54.784617+00:00
2026-09-19T07:00:00+00:00,Bankacılık,BDDK İran bankasının faaliyet iznini kaldırdı,DW.com,https://news.google.com/rss/articles/CBMipwFBVV95cUxOWDZtVGFyWDgzMnNsVHZvQUhscjA1WEdMXzA3UmlEcWtpOFhfNllsRks4SThFUEdqamhaeVY1VWU1cnFwMlJ5a0M5TW5MMmM2UFJ6Y090OTQzWXJJeG1oeUtsT05uQ0ZKczNTbGpCclRuYXEyRzAwVkZxaU45ay11NkJaVng3aVQydFpndWk3amxiNnlma3dsRjZtVUl5Z2pkYmdwSVVjSdIBpwFBVV95cUxNdkd1WEJjcVFwTF8wekJhdWkxZ0NNVXkyN1dNT0hWYlFUS1ZfVEt4Zk9YNTM4SkpmWWk5SE43d3YwX1VoUFlyd2lVMXpidFB4NElSWnA4eDR1UVI1YmZmMHdSbDl2OHVEb2xxVW82YTNRbmV2TVNDQmcyMDNKdGJiOHVjaTJVUTctOC1WRGdqdWFrd0s1M3plZVVsWm13dWNPLTRGYXFDaw?oc=5,BDDK,2026-10-07T08:14:54.784617+00:00
2026-09-19T07:00:00+00:00,Bankacılık,"BDDK, İran bankası Bank Mellat'ın Türkiye'deki faaliyet iznini kaldırdı",Cumhuriyet,https://news.google.com/rss/articles/CBMitwFBVV95cUxPMDM5UTh0cUdrcEJnOVBoa3FPS2tsYXd4dXpKUTZ5N3RodjBRLTBDZ2wzV3gzdWhmNVUwZDd4LUc1ZlFNb3U5Ym85aGpzcGNHRjIyOWRQZHNQbWhSYjNVMm9kSXJlTU1UM3pMLXhlT2VIM3FfY2NqWkx2V2NtN3RoME85YWhIT25aZGFjRmY4M0lwZEU1VUY5RDZ2QTJSN2dQY015RmNQSGt5S3hjTWdxYTBpaG5wd1E?oc=5,BDDK,2026-10-07T08:14:54.784617+00:00
2026-09-19T07:00:00+00:00,E-ticaret,"Mozaik Design Shop, İstanbul Kuruçeşme’de kapılarını açtı",Gazete Oksijen,https://news.google.com/rss/articles/CBMioAFBVV95cUxPSUJZRnRlZV9rMmtmOG5LalNZd0NURmIwc2xzNW5tTDVjZEFCWEI5NWhiTFQ5WVZEYjM5WmZxM1ZVdmtyay1OSEgydVVtYkxqNkw2cHlITFU3clhSYWd3clhyZXhNdWJEWjVNOWsyeU5BakZRUFFVZFdMS182UXBlSktlYWRMQzg5aUNFcG9hTU84TkRWMl9XOVNpNEM0bVl5?oc=5,online alışveriş,2026-10-07T08:14:54.784617+00:00
2026-09-19T07:00:00+00:00,Perakende,Osmaneli'nin ayva lokumu 829 şubeli zincir market raflarında yer alıyor,Aksiyon.com.TR,https://news.google.com/rss/articles/CBMiqAFBVV95cUxQbXF2R2JfRWpCUnJXQTBydm9VOTg3QllZSWJyYWExQk5XSkc3NV85UHktX002ek9yWjcxM1BMeWRlMFQ3RkRzZTQyQzZQMzRlXzNSMFM3STZxczRxRnJua1RnNjdnNzVvMVYxWFR6TmRlaXJJNnE0V01XaWsyYXp2WTJFV2RHRHJ2djlFZWREZFA1MjQxdmlYTUFYRWNpaGRxb1JaSG5GWE7SAa4BQVVfeXFMT0M1VC1neWZvcnV6ZnlrZzlqekg4OWhBc3lTdXV1b0IwbGFMUk1FUjB6WlJqNE00VUtaVlA5QjNqNGZ3UUZGaDZwQ1d4OEtsMjRwX1dydkdIRk9NeGltVkNENTdFenlHRTRPNmpPSUJnWHNtdUZKWnlwRWk0ZzZEelQyd3dGUW5YZWo5Sl9jcjZlMmg1RndUTEV1ZVR2N2ljWjdvR0lKemdSd1F6T3d3?oc=5,zincir market,2026-10-07T08:14:54.784617+00:00
2026-09-19T07:00:00+00:00,Bankacılık,BDDK'dan bir banka için faaliyet izni kaldırma kararı,Bloomberght,https://news.google.com/rss/articles/CBMikwFBVV95cUxPVmliVU9SNFZiVkN2UVBWMVRVRFRmUGxLTFlrX1ZFTHROOHktXzAtYk9CTzNuS2xHZGRnU2tIOF9YZFo2MUR4LVgwS0xmVjVsZy1WRTJnTkFnVDNsOEFwOU9za0t1NWd5LUxWR1VCUFpDYU45YXBsWTZFS0M5dXRQQjlfRVB6NXR5SGc1dTVCOEY4bDg?oc=5,BDDK,2026-10-07T08:14:54.784617+00:00
2026-09-19T07:00:00+00:00,Bankacılık,"BDDK, bir bankanın İstanbul şubesinin faaliyet iznini kaldırdı",TRT Haber,https://news.google.com/rss/articles/CBMisgFBVV95cUxPNXAtUkhuWFd3eXh1RTdpWUtmaGFreHZpNDhabTVoQUxUeDhSaDIyTl9fVGFmNWVESEpSWkYxVHNZWFkyb0NGTnlmMFhtMEZKVnFJRE82RTNWYy11UVpyX3dpUExuZnZUWEtZV18wNXY5aUluTld2Q2NVTHNiZklxb3h6V0Y4YzU4cXJKZXM0M3Q1dG5wMzVhYmlkUWFjUWhZQWFMYWdUOFpjeHZBYlczN1J3?oc=5,BDDK,2026-10-07T08:14:54.784617+00:00
2026-09-19T07:00:00+00:00,Perakende,Coğrafi işaretli Osmaneli ayva lokumu zincir market raflarında İhlas Haber Ajansı,İhlas Haber Ajansı,https://news.google.com/rss/articles/CBMiswFBVV95cUxNLThndk9IVDUxRmh1MW9wS0FBNzh5anJ3TkdHa19TWXdFSzFQMzNOQkdCXzdQN2I2SVdjOXlnOVhta0M2OUxFZWozRmw4dUFMdkt3ajFKTGJ6RkZjOC05VlEyMmFQOEx6aUctSjNsN1k3MTAxWmc2VFJiaTFBRUpaZDFvQjQtRVF1SzZUOWlvZ0FGRUZqTkRCdWlMRkxWcFl4c3pHbFlnUU9hanZCM05wUkJtWQ?oc=5,zincir market,2026-10-07T08:14:54.784617+00:00
2026-09-18T12:27:07+00:00,Rakipler,"Teknosa'dan alışveriş tutarına göre artan ""Anında İndirim"" kampanyası",Anadolu Ajansı,https://news.google.com/rss/articles/CBMiugFBVV95cUxQOE02SElvaE9IdGV2cDFNNjJkWVpuT25fekNmX25sV0RUYjAzRXluMmRKRUkycU1SRmllaVhOZ2V0VzZpU1IzQ0tES1lqdHMyazFLMjlFNE4wdWFDZU9JSXVLaFZjWF9felJZSmotM2U1TE5BUUM0dXI2bktSRF9kQjlQWW5sMXczMjltLVAwZjk4bXVPTUgwSVJLaG96NUFGd3Q5V1o4MmVUZ2E5enhaaXdCUV9XTjBJSHc?oc=5,Teknosa,2026-10-07T08:14:54.784617+00:00
2026-09-18T11:45:47+00:00,Rakipler,Teknosa'dan 'Anında İndirim' kampanyası! 18-22 Eylül'de geçerli olacak,CNBC-e,https://news.google.com/rss/articles/CBMisAFBVV95cUxQMUlMd1F2YmZuU2tqdHRJVmg3TFYwc21KbFRCYW5Gb3ZGMG03VXhQeVh4MUZMSGJEYnh5MVZTVlhfMFFrNU0xVG5CWXRacmhRQmxRakw4SDVSODBIVHJ4Rk9TOVV5RDl5RzlnU0tJVnNoT1k3SGU3Ylh5bWtvQzBIMVdEMlJJRGZpcTJlMWM1Q0pDTE9PVldkYTlpLU5ZZnVlTG1rYmdRczBfV0dSTzV4bg?oc=5,Teknosa,2026-10-07T08:14:54.784617+00:00
2026-09-18T11:44:28+00:00,Rakipler,Teknosa’dan ‘anında indirim’ kampanyası: 5 bin TL ve üzerine 400 TL indirim,Haberton,https://news.google.com/rss/articles/CBMimAFBVV95cUxPSmxTQVZ6U01vY0VGNUVObGszYnpraGdieVgtTFhhQ0tidXhHWnJKV2dackZITWF5U0hUaFNIbzc3eDFZcldHd1laMXk5aXh4Qms0TC1yV1lkdDFsVEgyUFJsME1TYmtBd0NWVjR2Y0ZJeW04T3RYbWt6Sm1fQlVTSG9uR1c1Y3pGN1F0dmVsY1JkUWk3ZGpKQw?oc=5,Teknosa,2026-10-07T08:14:54.784617+00:00
2026-09-18T10:52:49+00:00,Kartlar & Ödeme,Türk Dünyasında Dijital Sınırlar Kalkıyor,www.turizmdays.com,https://news.google.com/rss/articles/CBMihgFBVV95cUxNUTZFME04d1hEbElFVFN3RXJJNUw5WWc2ZElQeFRjT1dKb3lJMVBHdFpQRTdWcUVUZHlxS09CVmZWTDRMM1VXN29HRk9lQ0Z1SGIxd0cxQ3lTZUtNWHVLLU1yOUVqdDlLeF9aMUJsMHpPRklUcFhCUHBGSUtXaHpZbWVyU0tVUQ?oc=5,dijital ödeme,2026-10-07T08:14:54.784617+00:00
2026-09-18T07:55:00+00:00,Rakipler,Teknosa’dan ‘anında indirim’ kampanyası,DHA | Demirören Haber Ajansı,https://news.google.com/rss/articles/CBMiggFBVV95cUxOdjFxWVVuX1F2Y213QXpNX3lnZll3cjZPc2g5cDhZTEFIamYxbk1vQUV1S2pHVjhsOHNLdlBVdlBNNEM4Y24yRFlROTFDNFNTU1B4UG0tbW5DTHUxRmYxVTBOYVRJVGRmQS1VSnRreGRQQWVUZFhHODNheHA2cXZ2T05R?oc=5,Teknosa,2026-10-07T08:14:54.784617+00:00
2026-09-18T07:16:12+00:00,Rakipler,Teknosa’da anında indirim fırsatı,hibya.com,https://news.google.com/rss/articles/CBMiaEFVX3lxTE0tNUVabUNZZXBqSFRyOUJOU0JUYkFLTWQwd2pjZDFzQnFZc3pta1RTRlUzU1BkLUtuTmxmSjk3T3lzY3R6SWR0aTdwcHRWaTk0RV9kSGNVQTRudkd4c1pHVGM0cUQxLUt6?oc=5,Teknosa,2026-10-07T08:14:54.784617+00:00
2026-09-18T07:00:00+00:00,Perakende,İngiltere’de perakende satışlar Ağustos’ta toparlandı,Investing.com Türkiye,https://news.google.com/rss/articles/CBMiqwFBVV95cUxOZTBjN2NaTnJBYl9hMDRjVW90dWV5NUVNVDNtZTNvLTI5SXhhXzdJRkJzVXNjN3VMWWtheWQyWkE0cVJUYWo4WEpOUVVSSngwNHItUml5YnlZX1RxWTVxaTNFZWh1X3p5UnAyYjNIYmFBQ19Ea3prbUJUMm90MHJOeDdubXlvWjhvbC1qNzRoSHB4T0dianNSRTh5Rl9sT05heWNOM1NmSTlhdUE?oc=5,perakende satışlar,2026-10-07T08:14:54.784617+00:00
2026-09-18T07:00:00+00:00,Perakende,"İngiltere'de perakende satışlar ağustosta %0,5 yükseldi",Ekonomim,https://news.google.com/rss/articles/CBMiqwFBVV95cUxQRTNuOTRLUXJFMVA0UU5sNGRiUExJdVZ5cElob2hFTUdpVzM3Yk9pRXRfRC11ajZZZmVpZFVjcGIxTmlKRXU5MzlkNXpETnBTNmducnF0cDV5UUQxSTJ3ZzUxcFhidEFOUWhHUDJFVWlSOWZseHl6VVFLNjJnSEJHS0QwMUN0LTAwMmFOeGJ0cFlYQzJUU2drNVNwWG92N1FtS2pPOFFodTJOV2vSAbABQVVfeXFMT3RaZ3F0a3g4THN5bGFEeXJ2dE0yTG82ejFLMmFUOVhPYjNhOF9sUXFsSXhscjIybFkyVVZuODduQXRjY2tyeVpXVXBTWU1UYmJKenpjM3pyS29SNGotMFdPeXNTdmJoeTd6OEo1dThrbVhjVXBXMzJCSFlxQTVScWF4dlM0d2tzQzEwMHplRjgybzdtUmVZY2xiZUZTZUJkRXhYM1BHNVNIN0hMVjFELV8?oc=5,perakende satışlar,2026-10-07T08:14:54.784617+00:00
2026-09-18T07:00:00+00:00,Rakipler,"Teknosa, Yatırımcı İlişkileri Müdürü Sibel Turhan’ın ayrılışını duyurdu",Investing.com Türkiye,https://news.google.com/rss/articles/CBMiuwFBVV95cUxPVDZCOTJwQ2Z5U25lRzJ6WTMxMzVXcndUOVJIb2gydERvMm9ZTnRKMUpvcVpDTUllYXFEaXVEOEhQVVM3S2lCYmF3VE1PTnhKWWhkQXNwX0xEQ0dIcUVvY2Y5NnRZZkZ4MExqWE1nRzJNUnRPZE4tUTdpMUhmVG0tYzRjc2FtT2VwRXhORG42Uy1RM3NueF9POVZwZ0VZRThVNGt3YUhMcjItWFlIYlNfU05iVmtwWlE2Qndr?oc=5,Teknosa,2026-10-07T08:14:54.784617+00:00
2026-09-18T07:00:00+00:00,Perakende,"Sterlin bugün: Perakende satışlar beklentiyi geçti, dolar sakinleşti",Investing.com Türkiye,https://news.google.com/rss/articles/CBMitAFBVV95cUxQOE45a253dGd6TmNDRXpWLUNOeWpUeHpYdnVfUEMxcjhrVlZwVGJXUjJlb0x4VFhTVzRRYlVMN3ViYlFnQ1lTX0x4R0FvSnU1eHBqUnh4MkYtY29DNGNmTGRKODRjeFlhNVQ0WFotNktzcVBPZTBLc3RiQ011aDBzSTFJX1VNZ2FSa2JHWjMyYmxCOS05REpXbDBVWFlUbW9aYkdGVUNIZjdSNzI0S0J6T25NRVg?oc=5,perakende satışlar,2026-10-07T08:14:54.784617+00:00
2026-09-18T07:00:00+00:00,Perakende,İngiltere'de perakende satışlarda toparlanma,Bloomberght,https://news.google.com/rss/articles/CBMihwFBVV95cUxOMUJXWV9KODVyVGx0aFgzeWNrclRqemtwZlNrRkZ2NVVpQ2E3bmhqU0hQV1E2UktzZnhOZG5GWDNTdHFtT3NTa0VlWDI1MkdyNkZsMkN6WHJmd3E4a2FNazhDWDdyOWN3QXR1VHl3TVFDaGJrVTd2YnJra3FyLVA0MFV2dGZNblU?oc=5,perakende satışlar,2026-10-07T08:14:54.784617+00:00
2026-09-18T07:00:00+00:00,Kartlar & Ödeme,Polislere konut müjdesi! Uzun vadeli ve uygun taksit imkânı,61SAAT,https://news.google.com/rss/articles/CBMiiAFBVV95cUxPSUR2aW53LTVXbUNlYnZQbEVtUEZtdnRyVzA3NmtmZGx4M1QtTUNQVklmZTdRMndVdEU2RVoweV96RDNEOG5PYTZfZFl1aUd3UTR4UlJKZ0F4blhIMF84WE9KLWZ1SXBfODFtMnViZHJWX05tQ29rZ2ZBMnp4bkpVbVZBajhnUTlv?oc=5,taksit,2026-10-07T08:14:54.784617+00:00
2026-09-18T07:00:00+00:00,E-ticaret,Yeni iPhone modelleri Türk Telekom mağazaları ve online satış kanallarında,Ekonomim,https://news.google.com/rss/articles/CBMiwAFBVV95cUxORmRkUm9UYzNLYmlTVlp6dDhiRFdLOG9pN0piZjhyQzJOQmcydF9MVWY3RUg4Z2t2OUxCVmpNQU5BZWQ0b20zTHU2ajFNcTZCM01TSlBObUI2SzNzejhQMmNCaXBaQ014NlZJWjFXNkRaS1FyXzNMcUlEYzVZYkVKZ25xeDh1WlhjNHhKUHJHbDZudGpHbEwxdVJyUFpRVEhvTHpYdDJOZ1FRcjlzazFleGE4TkxuVTlKVmlQMDNJOUrSAcYBQVVfeXFMT0pudS1kcW01c2pXX09IYjExcU0yS0pLYXpiWnVFbUxfX29mYWRCZS01aWFUZTJSRGs2bDJKSk9iQUkwUkRNdDlKcXYwbW10Y0dRbnlKZ1dCSEpIUlZON2I2eFI4X3ZYeGcwb3FWeXBIUU8xNWRYWkFqOFMzeENVN2xfMjdVTVZfeVFLUmJ5TjFGSmJUTnRyUFdjamJVc0pJbjgyRTZsLVlOX3NQd3d3Ynpfd2ZSU2hXVzIzQVZVM1kzbzFqbmlR?oc=5,online alışveriş,2026-10-07T08:14:54.784617+00:00
2026-09-18T07:00:00+00:00,Perakende,"İngiliz Sterlini, parlak İngiltere Perakende Satışlar verilerine rağmen yedi haftanın en düşük seviyelerinde seyrediyor",FXStreet,https://news.google.com/rss/articles/CBMi9wFBVV95cUxPeGFOejUyMFVlSHJ2akdTbjRTYy1LcUJLTUh2SWZmU3JwcGJwYURsbmgtUXhqZzNxNkEtZHQyeW9ueHZpMzhScURHM1VHM1Q2WEtZODNicktVSGRGZ2R6Y0c0RkFmRTdINmFnY09LeG5pRDBKUUlteWI5YTMxVlBKX0NrZFQ1VGFYMWQwUEc4eGJ0bElLNlg5SU1iNWI3SUFSRGFBNURWclFLU3BoNi1YYUY3dkVmR3V0Z0QzeUNVaXRCTnMxMWtOSUpvdjdJcWJQdU8yX2daWU8wWUpTZGFlbElYd3dRcWF2ZFZBc2dnZUhfNEtMQzIw0gH8AUFVX3lxTFBoSG9TWFdTQWxCY0VmMUVscXpXdF9DVldxMDB2NV9VUnc3T2FLQTNrOXB0dDlXYm5MRE1VMmV2SEd6WFNfeHBOQVhMM3NuNzdqbUZYeFlpR2ZKT3RCRXNkVEhEZDN0ZDBPWnQtcHJiUlBiMHIzbjdBWW11RkV0QWhCT0dVa1hvS2lSQ0FqNW9odzJOX016bzdTbERVNmo5UERUdGR2M3JfVEV4T0FjU2MtM0RCRFFqbzlQa0VGcVdzOWtSNUxMVVZYZ3VKMldPazNPVV9BWTE4cDRybnZ5VnJ4MlFpdENobGFKQ1dMZW9ITHVvcDMzRVFCaUxlSg?oc=5,perakende satışlar,2026-10-07T08:14:54.784617+00:00
2026-09-18T07:00:00+00:00,Kredi & Faiz,"İlk evim konut kampanya kredisi başvurusu başladı mı, son durum nedir, şartlar neler?",Yeni Şafak,https://news.google.com/rss/articles/CBMizwJBVV95cUxOVFA4enV5RmpMXy1jc1pTQ2dWNVdSaGRuY28wdTBEeVZRNWhzc1FVQTRIaklzWERlZ19OLW8xeDZhdHJTQU0xOUZrQXBDTW5lQTk4VkZDQzF2aURlZGd6U05MZHdPNTY2blU1c1pXaHprOXpibEE1VWRnWURjZ0lEMHVGd0RsdUtOU0pFQXgxdHN5WGtKOHgtZUN4M1RZR1pMSFNnTENlZEp1SlNheFQzR3cybERTS1RTd2piQTNORmpFSnZhS2tjajJIb0wzN1l3QXR4RHVONnNMYnlsZ2kwbGZCTHVWSmpyTWVnaFVBOWRzRTZfWnNFdWU2a0ozOE1tV2oxbmk0bGlMTHBSOF91MjNVRWdXWkE5T2RWVTlFRnVzYS13NDhoemdyVjMydTRNalNRQ08tN0NIWm1XM1VETWVsTFlEa0hDa29WZXlqaw?oc=5,kredi faizi,2026-10-07T08:14:54.784617+00:00
2026-09-18T07:00:00+00:00,Perakende,Perakende Satışlar Haberleri,Bloomberght,https://news.google.com/rss/articles/CBMiZ0FVX3lxTE1RRTdoeTk3X09hZXNKal93OXhnbGkxcHVsazh6MDVJN2RrZnlDUkFMMEFlOG9JV0FOUjJKT2ZEd2FvRTNLVUhSNmszRENvOElPR2FkNWktYXM5M3dwZFRPTTJGMWlXcVU?oc=5,perakende satışlar,2026-10-07T08:21:55.564991+00:00
2026-09-17T23:00:00+00:00,Perakende,TARİHİ GEÇMİŞ ÜRÜN SATAN ZİNCİR MARKET ŞUBESİ MÜHÜRLENDİ,Çağdaş Burdur Gazetesi,https://news.google.com/rss/articles/CBMilgFBVV95cUxQRG5fSGlhX3hhd2syR2J4dk9POUVOUWNGQVBLd2hQVkpGSGRKcUN2MzhaSFJfZm9wcEs2MXNHbTZoZFpIVmtyOEpJdVJqRzRJU1gzN2VGVGdBd0hjc0tLMWFDeV9DcUJBY1dhc000UjZ0MjZqa0QwQjlXOS12UjFlRGhEaEh3TTFLSEFnRk5RMFRlZXRlakE?oc=5,zincir market,2026-10-07T08:14:54.784617+00:00
2026-09-17T12:50:34+00:00,Kartlar & Ödeme,"Teknoloji, Pluxee’de işimizin ve değer önermemizin ayrılmaz bir parçası",Ekonomist,https://news.google.com/rss/articles/CBMitAFBVV95cUxPSktNeXVaNnlhcXVPdjNReklZLTJjNmp0OWJPbnNkS2U4Wk41OTdmXzQwa2haSTJTX0dEc0NQZElTWWVNX2NSekJDUjFpUlZ2bWdpLXdSMnJFZnpBakNOV2JKMXRlaUlkSGZ4WjdQT2kxclBCNU9tMkg4ZVdhTzg2V01EblZUNWhsWG9ybkZsN2E0eVlUaVY5TWhnRzZXTHZRWTc3a0JDYlRwcXZTVzFzVUptcnE?oc=5,dijital ödeme,2026-10-07T08:14:54.784617+00:00
2026-09-17T10:18:00+00:00,Piyasa Göstergeleri,Kartlı ödemelerde dikkat çeken tablo! Ağustosta 3 trilyon TL’lik harcama yapıldı,Ekovitrin Haber,https://news.google.com/rss/articles/CBMipwFBVV95cUxNQlZoeXUxdkFIdWY3bWVCY2Y4clItaGRhMkh1M2RablBuaVp2U3VCbkhVRFZuNlIzZXBTOVR2c3ZjVS1WYVN1QVN2bC1DRWM1Z1Bod2dSalVkSHFVWTRqTHhVMHVwMWU0bXNldVVfajN2YW5UNDk0VEl0WGxDejRBYTMtbExqU0QwdWlkNkI3dDVXblV1VWdPVXpzTTNmVmRCX2ZiVzdmUQ?oc=5,kartlı harcamalar,2026-10-07T08:14:54.784617+00:00
2026-09-17T09:35:17+00:00,Rakipler,"MediaMarkt Türkiye'den ""Kahve Festivali"" kampanyası",Anadolu Ajansı,https://news.google.com/rss/articles/CBMiogFBVV95cUxNRk5PZk4yTlE3dXU5cU9GdGNWdFREaHhpRlp1dVhLSW9mOW00dExMSjcxcElHdEpqOHFXaEhaZXhyOWc1T2Vuby04T2RTVjU5QUJodVEwV3lBX3lfS09JQng5QzVBVjh6TUdZVEpZaUlDMTVUeWRSUWItZTVZZG5iVDFNWklRbjJaaHpDNXJxa3cyMmdfNzRNWEl0UVhfeVFJNkE?oc=5,MediaMarkt Türkiye,2026-10-07T08:14:54.784617+00:00
2026-09-17T09:35:00+00:00,Piyasa Göstergeleri,Kartlı ödemelerde ağustos rekoru: Harcamalar 3 trilyon liraya yaklaştı,Manşet Haber,https://news.google.com/rss/articles/CBMiowFBVV95cUxOd1BPUDREOFJzYUN6bHdWbUo2TWtibVVfZ3E5aldtdlpSM1JmUDB0aUNDZkNrRm1tVU05YTlyQnFhREJFVDdiU08wUV9LaGR6MGtydW9YMjhHckd5SHR1OEZ3RENLcUcyLUxtcEFpMnJRQTVzN1Z1RGFqRlROUi13blhlWDJ0LXN4RFhiLWpLdmVUWi1TU1d2ZmgzUkx4ZnhTY1hF?oc=5,kartlı harcamalar,2026-10-07T08:14:54.784617+00:00
2026-09-17T09:04:00+00:00,Kartlar & Ödeme,Hatay’da KOSGEB Desteklerinde Yeni Dijital Ödeme Dönemi,Sondakika Hatay Haberleri,https://news.google.com/rss/articles/CBMihgFBVV95cUxOQ2N1eENZaF8yZWlWM2VlMlFzYi0tRkc1RUtSZWZ2cGJWYUdVLUZwb3pPd3ZIQ3k5Q1N3eGlrODVxQzVmUnFSc096YzdHMHNSTlBNTnhCRC0tcUwyam1qdjVOcXpMZWRlQ2U3YUVXaFVTenVjREM0Ym9mNWlDZC05OWpoMjlfUdIBiwFBVV95cUxOSnFyUnhaQnA2clRXc2VoV1RocW1LRnJhaTlIZ2Jqak5JanVMQ3k2R3J6d3VUblVTZmE5TTc3S1hTX0RpeEQxcUJjdnF6Wk44ZXBMN3k3THJWSFRQOWQ2UVIxdUV2RDZrTEdmaUVzcnprT0xwaFF6VFh3eF9VY1dnakVHZlBBeEt1czRB?oc=5,dijital ödeme,2026-10-07T08:14:54.784617+00:00
2026-09-17T08:47:23+00:00,Piyasa Göstergeleri,Cepte nakit olmayınca kartlı harcamalar ağustosta 3 trilyon liraya dayandı,Gazete Pencere,https://news.google.com/rss/articles/CBMivAFBVV95cUxPZzhFX1A5MFZTV1dmR1EyaXd1YXpnLXVmN3AyU0pfa3ZIa3J5QlZnZklxb3pydXowbHA0eHl1eWM0ZElsS3RyVmhOZTlmTUpNdWM0Zk1aYmxBY255OGFEby1HUGZNTTZxM1F0Y1F4eElyQmUwQ3J3WGgxQlBUdjhjYi0zaGhRendSSThMU0FhdTZKaG1NT2tKNWQ5U1hxaGhldDRCUTRvU0poUDJtcWdNdEx6aVBnUXZHLWtSMA?oc=5,kartlı harcamalar,2026-10-07T08:14:54.784617+00:00
2026-09-17T07:00:00+00:00,E-ticaret,İngiltere'den İsrail'e ticaret yasağı,CNN Türk,https://news.google.com/rss/articles/CBMihgFBVV95cUxQNDNtd055LXlNeGZRbGxMcEIwckppdFFWZ1lCSlBnb3B1b3JDd1VDQ214RUpwVHgyXzdLQjU5bHpDUDZPQXlNQUg3MWJRSU10U0FvcG1xZFpTNzVHa3RrYV9NLXFaSzNsZW1xMXZLY0xPY2ExRXI1dmZBMHY4UWtSY1JObi1fUQ?oc=5,e-ticaret,2026-10-07T08:14:54.784617+00:00
2026-09-17T07:00:00+00:00,Kartlar & Ödeme,Alışverişte kartla ödeme imkanı sunulmak zorunda,Hürriyet,https://news.google.com/rss/articles/CBMilwFBVV95cUxPYTdXQTJpdDRRNl9FS1lFcGlzU3BPUUJSNFZWZ2kyZmgySnA1U0lheGdvX3llT0RPcHpKZ0ZGdXVsWTJOVFRSNThCVnEtRmVWaUFyb0pIdkdzYUhzZVZROTYtVmd3NXJsMWhTRS1aMEM4RDRhUGZ0UFQ4dTZDblFhYmF6UVVMQi0teEVrV2p3YmdrbXZkZ3pv?oc=5,dijital ödeme,2026-10-07T08:14:54.784617+00:00
2026-09-17T07:00:00+00:00,Bankacılık,BDDK'dan bankaların hisse geri alımlarına yönelik karar,TRT Haber,https://news.google.com/rss/articles/CBMiqAFBVV95cUxNZWVleUdnbk16Z0hNZ08zV0NoeGJTSUNOZlNNY1l3bTg1Qk4xdFZEOXV4X3N3dENMS2VaUzBtang3LXM1LThXNDBTWUFuWVV0dVNIdl9ybEM5eGl3WUhVTHkyTnRZRGFfU0xwbHZSdC0zTjVuWnZfa05PSEpkM19RSm9Dc3VEMWM1b3d5ZWZFdm12LVFxd2QzeC1qVHFWSWFlaDNWb2tiQjg?oc=5,BDDK,2026-10-07T08:14:54.784617+00:00
2026-09-17T07:00:00+00:00,Kredi & Faiz,"Yüzde 1,20 konut faizi geldi mi? İlk Evim Konut Kredisi kampanyası başladı mı, ne zaman başlayacak?",Dünya Gazetesi,https://news.google.com/rss/articles/CBMi1AFBVV95cUxNdTZFM2M4SHpTZmdEQ1VTbTFGVGQ4NmJjdVlwRHkya0JFYnhIeDhrQ09wQURvOHBuQ0s2YU9aTzZDUkdOR2l3cEFzZUlKUkJHNFFROHYyV0FRSExFMmtyanZIOE5SNV80U2JqYzNkTVhWM29mZTRtYm9obnotejJQYWUyRW9VR1kwTU5CSlRLQWdoNllwX2MxVXhQWmhaVmlFNXZBN0lwLWxPN2VGQ1pXbkU1WkRfZUJpSXNuaVA3X3NNOHdIUHMyRGxXWmxSaDZ5VllxRQ?oc=5,kredi faizi,2026-10-07T08:14:54.784617+00:00
2026-09-17T07:00:00+00:00,E-ticaret,E-ticaret hacmi 4.5 trilyon lirayı geçti,Posta,https://news.google.com/rss/articles/CBMiiAFBVV95cUxPRnUyOUtoNjdkMUVkQnZNQXJja0VPS3NsZ3d6TFFFZWwwRWNiOXlaQU42LWk3cHF1b0I4TWhndXhiTERGaFZWNFMtOWtxdGY3SngzRktiNGM2azJQaElWcWVOTGhsTlJROUUyYjdwVzBYSVlTWkRERDhwSjkxSmFFcTlua0pVWVAy?oc=5,e-ticaret,2026-10-07T08:14:54.784617+00:00
2026-09-17T07:00:00+00:00,Piyasa Göstergeleri,Kartlı harcamalar hız kesmedi: Ağustosta 3 trilyon TL’ye yaklaştı,drttv.com,https://news.google.com/rss/articles/CBMijgFBVV95cUxNaFlJbGFycG1zdkR6UGhGams2Wmx6OE5lUHFuQUpRam15YVlNbDN4ZkNuSWc4UjA5WlBSZzRWQXFyX0lpMy1MSEdxbzE5Nkc4UU4tU0Z6cURYUlVmWDlQM1I2QWJ2MkNOQzB3N1dPQWV0cDR4cmhKVkFxN2hEcldKeEczMVdQNE9jUGltR3ZR?oc=5,kartlı harcamalar,2026-10-07T08:14:54.784617+00:00
2026-09-17T07:00:00+00:00,Bankacılık,BDDK'dan Borsa İstanbul önlemi: Bankalara esneklik sağlanacak,Euronews.com,https://news.google.com/rss/articles/CBMimgFBVV95cUxOMldGOEJpc09scTRfenZIWTNPVDc5WnlocWdiVk5QMGpnbjZZN3VPVno3SEtCenhJZndsMDQxYnNnU3JnS3NJbU1BRVFSekYtT1ctZ0w5cTA1TG1sTUFES2xncmZNM01lMzc3TTl2akVVVktpT1NfMnAwQTQ0R0FnVEdBTWJndXJwdGJySDRtamxOaW5tNEs1b2lB?oc=5,BDDK,2026-10-07T08:14:54.784617+00:00
2026-09-17T07:00:00+00:00,Perakende,Tarihi geçmiş ürün satan zincir market şubesi mühürlendi,haber antalya,https://news.google.com/rss/articles/CBMilwFBVV95cUxNSDlzalpUSUJxaDV1ODFEc3FZb2RIWHN3U25sYzEzVXNwallJTjg0Q3dtT05xZFpUUG5HNFJweHJ4N29rQ1JYekEzUDRlSVZBX1RjaVBFX1d1THkzd0RLNlgzd3lmeG1xdS1kNXVjT2xiUVJrWFhQalpqbExLQTRzdjFva2NFeHQ3S3kwUHA3QUtoRnpVOEQ00gGcAUFVX3lxTE80MTNhdmNHRVBYVE9pTGFiWkNxVUxwLWR2cUhrRnVNNEl6VDZicVFLZTgwN09JOU5fUHZQRFFtVm1adXp3NktRemp3ajJEMTZGbzY2MXNKSGdTZWVjZVU4RDZMbzZzekc3NWFab1pZcjJEdzZEd3BLTHFnbWlQOXhmd0drSVBvT1VUZzNLeDRxVDZLRFU5TDBkTWpZaQ?oc=5,zincir market,2026-10-07T08:14:54.784617+00:00
2026-09-17T07:00:00+00:00,Piyasa Göstergeleri,Kartlı harcamalarda rekor! Ağustosta harcanan dev rakam ortaya çıktı,Bursada Bugün,https://news.google.com/rss/articles/CBMitgFBVV95cUxNN2dyZkJxNzZob080NlBjZEI0c2hYRkZpYXhobkMxc05HSkU1Z1Y2Tk8wMWhEYXFMNE1kcmQ4TzhNcTdubmVadTQ0SG80dHZwWmZsdjMyUnVMS1pGdnBlOGJpT3pHSGdFcDFUSEl5eENFaDhWb245ZVBRbDFmWG12S1FQWlhWMGpBa2VjLWpueTNiX3JDaUJyUUUyb3NxVG9hUVpxS3dBX0xuWk9sc1p5SnlsX1FWZ9IBuAFBVV95cUxOT3pRbmtiNWZZUTFrVkFyN2VyT3B4MjZFYnU0UHluek9PNmhiamNPSklLV2MzSllFN2UxdU8tS3ppUzFMT3RaZl80N2U0eGtBZWdGYU5iOG84N1hHWFdibkd5TllXOXkyaGViV2ZndmlsdkxSX0M0a0RyUTZvenNyaHVkdm1qZHBoby02cUJQQ3gzUFo1dFBVYjFCR2REU1RIWnFQcFk5OHUySGRqWTB5a2czbVNkdUF2?oc=5,kartlı harcamalar,2026-10-07T08:14:54.784617+00:00
2026-09-17T07:00:00+00:00,Bankacılık,BDDK'dan bankalara hisse geri alımları için esneklik,Bloomberght,https://news.google.com/rss/articles/CBMikgFBVV95cUxOUHNTd3kzTUpTTE1JeFBjYTdkdWRkdUk5UlMtZXF4RUM2am9UYW1jbV9GdWR2QlpiVkRLby1jZWtjSVhUOWRHdDdJTFEzVl9OVEhjX3Zhc2ltYU5yU3FDT1lDbEhfSkVjekRuQVJBaXVMbGZubS1uMFVWa211M0hjaElMZDZiTHlHdmRQSmV3QjM0Zw?oc=5,BDDK,2026-10-07T08:14:54.784617+00:00
2026-09-17T07:00:00+00:00,Bankacılık,"BDDK, 135 personel alacak",TRT Haber,https://news.google.com/rss/articles/CBMigAFBVV95cUxNTldyTjI3Qnhxd1dvanRiQktpTTBmYVJGZHU4UTFVWHozWXlrSU0tY20wbW11TmoxTjNESHF1V2VHXzVGZjVud01ZOW9Hb3F6MzNGM3diOE8wa1ZESGZrY01tSFkycDJnVXhFMFhvcEtvbkVLMWE4V2gyYnQzSkVrWA?oc=5,BDDK,2026-10-07T08:14:54.784617+00:00
2026-09-17T07:00:00+00:00,E-ticaret,"Bakan Göktaş: Kadın girişimcilerimize markalaşma, dijitalleşme ve e-ticaret alanlarında eğitim veriyoruz",Anadolu Ajansı,https://news.google.com/rss/articles/CBMi2gFBVV95cUxNc29lYTNyZ3J5MENpVl9xclNPWmFsQ2lnSWVVX05IalNSaC1SNDZQY2F6SV9UTmNIaU1Sc2VWSUN3M2w4cXpkVmNHMWNOVTZuUnZ6OU9JLTVFV2hwY1hkVEdVVzhtcHEzNFhtQzJRVlBrd0RaZmhYWERKWGhGaDJpVXUwSXdvZ0hySzJJaHZ5RFVpMVZTU1RCWWxtNHByYzk5OVpCLXF6b2ttY1VCVFMzLVZZQkVzdEoycDU5YlRpRzZJVnhLN1dPemxicWdJVXlaLW94X1A1aFp4QQ?oc=5,e-ticaret,2026-10-07T08:14:54.784617+00:00
2026-09-17T07:00:00+00:00,Perakende,Tarihi geçmiş ürün satan zincir market şubesi mühürlendi,Memleket,https://news.google.com/rss/articles/CBMioAFBVV95cUxNcGdINFVkYXRWUDE2ZElkcnJDMV9Fb2VydjRPVU1XY1VzYnBReGh0bVBRbnJvNS1DMjl5ekdXR1hhWWM0YXFLUXQxYWRUeUNFNE1SdGxrQ0FWRHU1M2ZEY3gyRVh0ektRcjdPNW1iSG9aR2JweEd0Zmg2RGNTSWJZM2lwVnNJOGIzT2RxM3lITVJfYThuSHFVTnVnT3A5Zzl1?oc=5,zincir market,2026-10-07T08:14:54.784617+00:00
2026-09-17T07:00:00+00:00,Piyasa Göstergeleri,Kartlı ödemeler ağustosta coştu! Temassız harcamalar 1 trilyon lirayı aştı,Haber 7,https://news.google.com/rss/articles/CBMivwFBVV95cUxPQnpsQ1I0VjAzYk9yVzZUTEQyVXVNMS1lWXBTeXlyV0lpNHFZWUltV1lFSGxTUmd3eGpfUlZQdWhaVkdEUGtXX0VnRmpJZngwTFdOZFI0UjhObEpibTJSRUthaVdnd0ItTmNVV1RYVG9lNUN1S0NSMFNCTV8tMVA3eTJxMnhtdlFYeV9tY2NxOUNFQ1dWQm1KbW9Eei1oeU5BMVhwb0ExdEU5NnZ6TWR1YXQ1aTc3Ml8wcVFhaFV3UdIBwgFBVV95cUxQWmNialNGS0RJaWpIYko2WmZXckRKcHRuWnZ5aERxV3ZELW01bHBoeFVoSkI0UnMteTBPcjVBdm5GbG8xcXVvVFNGTVJlWno2cVlieER4THByTlo3WW5sVC1Ba1l6WjBlVllaN09HbXBSZzR5U2o3MnQyeTZBdGlZbmYxalVVQmItZ2x1UjJJN2FfLVY5MlNDRV9XNy1EZk5ZcjQyRW5vdjB1Wm0ybGwzYUlxVVJPaXNQTW05UnFwVkpXUQ?oc=5,kartlı harcamalar,2026-10-07T08:14:54.784617+00:00
2026-09-17T07:00:00+00:00,Perakende,Antalya’da tarihi geçmiş ürün satan zincir market 3 gün mühürlendi,Yeniçağ Gazetesi,https://news.google.com/rss/articles/CBMirwFBVV95cUxNZnoxcUpIaUFxUndJUzgwN2VpTkJiZWVUU1AzUWg3bE9lcUxVUF9hZmdIRVFxc1JuZENCLUgtbVdDbF9ocXI2X3U0NUZvY3RxNDl0OUZUWEZsaUpJQUNENFJMbi1keTFnbVVhaGo2SS1tTkR1WmFOUC15MXh6M3NCSDFrVlo1cG9JcFVBX0V5cWpjUVo1eUs0VXpRUGRDcDhLVURTYjB1T3RxMUNXQld3?oc=5,zincir market,2026-10-07T08:14:54.784617+00:00
2026-09-17T07:00:00+00:00,Piyasa Göstergeleri,Kartlı harcamalar hız kesmedi: Ağustosta 3 trilyon TL’ye yaklaştı,Sözcü,https://news.google.com/rss/articles/CBMingFBVV95cUxNNUJMNFNjZC0tUFNfQnkyd3huVHFVaGtLX2VGV1gtR0pNRU9za0ZlSEZTTm51LUFVM0V3RUJVQU9xSWtjd1NvRENTcGdHS1ZSVDNqSXRjSWlHUG0tc3JSTEg5MXU5SDE1c2owLTlDRk02UlpKcDU1WnFMaFg0UEotMDRPUFFBT0NHREItNm1CYmhLX194cElhS0pNX1BkUQ?oc=5,kartlı harcamalar,2026-10-07T08:14:54.784617+00:00
2026-09-17T07:00:00+00:00,Bankacılık,Bankacılık sektörünün mevduatı arttı,Yeniçağ Gazetesi,https://news.google.com/rss/articles/CBMiiAFBVV95cUxNeXBDQWFLczVOblEyQlJXaC16dDFydjh2QUR1SkpDUVFDT0ZSakJ0VVpwcjdhRDY2WFJXN3gxUlg5TXRqZDVQQU1ySXFxWEUxamcwNWQyanYySDNXZFp1UnpVV1BtOUVfMDByNWxfYmw0ZnJLbXNzZGZYcDVYZVZTVXpDX2ZmQkZZ?oc=5,bankacılık sektörü,2026-10-07T08:14:54.784617+00:00
2026-09-17T07:00:00+00:00,Bankacılık,BDDK'dan bankalar için yeni karar,Sözcü,https://news.google.com/rss/articles/CBMidEFVX3lxTE9wUkd0TVN0WkxpTDZ5aFJpXzhFcjNWcEg3ekhfaHdTVk5FbDZhSmZkYVphWGF6NkJaT0ZvM3B4bEQ2MzJHQmpvMUh6TmZUWXFVTS1rRTFXZVRIWmxJQ21pQUYwcjNQTm1MQkNNSmdkTENHRHZC?oc=5,BDDK,2026-10-07T08:14:54.784617+00:00
2026-09-17T06:24:00+00:00,Perakende,Raflarda tarihi geçmiş gıda tespit edildi: Antalya'da zincir market şubesi mühürlendi,Manşet Haber,https://news.google.com/rss/articles/CBMitAFBVV95cUxONlF6UDgxZFh2XzNRbGIxTXgxNElLWVBVOE1saVZLb1VNaFhwWmdCX1g3YUNLMXRhaC1ja1M3UDlDdkE4UkF0czNEMk9sYXB6RTZkNW5MS2QwSDJyeEsxX0w5OGtQYVg0WnYtYkhxR3g4VVVhN2Y2ZEllWFduNUZYcmwzNjlIek5yek5QYUVMN3hielZaWVBycWUxQy1mbE02TmJjei1MNWRwUUZxQ1RtTDFYeWg?oc=5,zincir market,2026-10-07T08:14:54.784617+00:00
2026-09-17T04:20:28+00:00,Bankacılık,Mevduat faizleri düşüyor: 1 milyon TL'nin 32 günlük getirisi ne kadar oldu?,Ekonomim,https://news.google.com/rss/articles/CBMiywFBVV95cUxPTVUzUTBfZ29qNEpNaHhONF9SMnNBdEdzbTN6TlhMcjd0Y1hPemYySVh1eERPZS1ETmJDUWdLbGxpZWxCM3YxbE9mRVBYOTJPekFxcVlxYURmWEd5eHV0bUU0RFhGOHhKTjEtVXlESFVKWmxEOUtyOFF1QURVVG93c0Uydms4MU4xVDdIRGpFbHNuZXdkbXExQ1NaRmh1a21DbDBwbXJDNkdIWUFoLWdzR2VSV1lMMzZZUWY3eFB1YmNhd0d6c09IVFVMY9IB0AFBVV95cUxNQUJHNWx6ODJiRXg2RkFVaTJfS2taaVdwdFRPcWtPb3JhMEVaalVRN1JTY096cjlBc0NCYzJqZ0FWUGZzUUNONmt1T1A1QkQtOUhmV3YxU0NzSUlTcm5Sb3V6ZkotOU5fTkQ1aVF4YmJ1a3pFRUdzVXFoeDNNZ1p5ZWYxTTZqeFhZV0hBeWxjZ25fd1NLaTFuemFETDVGWERBejlPVVFnNGlJaFpxVGpnVDBQTzZMckVoSmtYcnE3SmJZYXVRck1qX0o0N19DOHhy?oc=5,mevduat faizi,2026-10-07T08:14:54.784617+00:00
2026-09-16T18:35:37+00:00,E-ticaret,Watsons Online 11.11 Alışveriş Festivali başladı!,Mall Report,https://news.google.com/rss/articles/CBMigAFBVV95cUxOamUxUmY3T2U5d0pDbXlZVzdjUTItbktKeWdSTEo5NnhwY2pOeGpiV0QtcXE4d3dRaU0zdjVEUktLUllpOGpsY3dCM0tkSlcwdHVreGlfem85MHBUTTZpckVkWlpCZHZTeDNfNkd1cVU0bGdjdGwxN1FURkpqVVh1dw?oc=5,online alışveriş,2026-10-07T08:14:54.784617+00:00
2026-09-16T18:16:59+00:00,Perakende,"ABD’de perakende satışlar yüzde 5,0 arttı",Mall Report,https://news.google.com/rss/articles/CBMidEFVX3lxTFB2cHNsNHM2NG9GYl8wRUtiT3V0d2RycnI0YzBkN3I3SlRuLWJTSDBsR2NMVkxhT0Fyb2VYcGgxcm03UWNkQ05MdW5nU3h3RUZWVHJLVjVXRXNKQXE0RG1HRlFRRkZTRGJKc2E1b29GdmY4Zno4?oc=5,perakende satışlar,2026-10-07T08:14:54.784617+00:00
2026-09-16T17:19:47+00:00,Perakende,Antalya’da son tüketim tarihi geçmiş gıda satan zincir market mühürlendi,İlke TV,https://news.google.com/rss/articles/CBMimgFBVV95cUxPYUduMUlkeXl1M21RWnBwTHdOdjVzaEM2d0JOY3JmaTl0TC1KX09EUUdodUZSb1h2OXRZaXBKMURsVENhYWpPV3M4VmNQZGRaWVZBdXA4X1U4cGF1M2pwNWg4Sk1iUHlscl9obTVKekxQSFZvV0F2aVhNSHUzNXdsTWxoY1dFQW14RG5GLTU2V3IyV0hsWTJPN2NR?oc=5,zincir market,2026-10-07T08:14:54.784617+00:00
2026-09-16T15:05:30+00:00,Perakende,"2025’te en fazla firma toptan-perakende ticarette, en yüksek kâr imalatta - GÜNCEL - Ankara'nın Ekonomi Sitesi",Üreten Ankara,https://news.google.com/rss/articles/CBMirAFBVV95cUxQYlRUNUxjam54ZzJYYW0wTFZpTXhoTkdVbTBmcF9uMnBBWWNlbTRFZkVsc2sxNkpqRE5Hc2hKVEY4b1JKQlNxdzFrODMzMmd3czNfQTk4cXlBNGtfbU9JZG81LUtLT1FwRDJzajZXanBBZmVXaWhSTmcyYjZvTl9TQzBiQ3VuMFVSQUZPUVlsMjVGLU5hd2FOUFR2RlAxOVlsMFhmRnhQRGJPU0JO?oc=5,perakende sektörü,2026-10-07T08:14:54.784617+00:00
2026-09-16T14:01:35+00:00,Kredi & Faiz,ABD'de mortgage faizleri yüzde 7'ye dayandı: Kredi başvuruları düşüşte,İstanbul Ticaret Gazetesi,https://news.google.com/rss/articles/CBMipgFBVV95cUxNbHdZbW4zVUNMQTRoRF83YUVWaWQ3bGJnWHFCamtfYjFzRV91S3pPUE1wY1hOTGNIRWN3WmlnOVJST0d1SzdBNTdfMDFZcHVTVmRTMDZTZFFWQzFnNFA3Y1llOU9ZT0l4U3YwU0Y1emtkT29GajVCT3hYUFB4NG9CUjV5aDl6bWphNnlOcHJJZW5MUm4tYnl1eDNUcEVFcTVjTDIzT3ln?oc=5,kredi faizi,2026-10-07T08:14:54.784617+00:00
2026-09-16T12:55:00+00:00,E-ticaret,Malatya'da Esenlik sanal market açıldı,Toplumsal Haber,https://news.google.com/rss/articles/CBMihwFBVV95cUxQR3d6dHBMVGUxU1Q5Z0o0WnlycFFjSDdJRzEtOTI5MklPai1TcXh0RkNQbm1zTnZsTWtsTjhNUjZnY2tJNFduQWJ3LXBxWlE2bEhKcWZOSHp4Y0RUalJGcUI4ZHQyZWt6ZVE5b1A2eS1IMlhWM0pXRjc4elNOUzdzN2t4MGlUeGc?oc=5,online alışveriş,2026-10-07T08:14:54.784617+00:00
2026-09-16T11:26:15+00:00,Bankacılık,"Mevduat faizleri 3 yılın dibinde, kredi maliyetleri fırladı",Ekonomi Manşet,https://news.google.com/rss/articles/CBMikgFBVV95cUxNa0RFSFIwaFRTZU9rSU1FMktVa25ZZ0xxU2hrY0NUSjZuaEdvVnlXRHN3cWwtVVllUFlYUjlxUm90Mm5RTnRMV3Z6Nks0RHRRTjJlTmhUS19iNWpTVUE3S3FhNVVwMzRJWGg3N3Z3ZTI5SlN3azVlSHQ2TWEwemxKNFhFLUFWUlFtRkZCaDRVZ2ttZw?oc=5,mevduat faizi,2026-10-07T08:14:54.784617+00:00
2026-09-16T09:02:42+00:00,Perakende,"Türkiye'de Şirketlerin Bilançosu Belli Oldu: 2025'te Hangi Sektör Ne Kadar Kazandı, Zarar Etti?",Bisektör,https://news.google.com/rss/articles/CBMid0FVX3lxTE1KYkU1TXk1bm1lZUJsRVhib0k5SzdLWTJWZWFCaUtfTnBYWmN1VGF1cVNWeVBYTjNzbWxCWjFRS0RIZzVvazludDlkTjd0SzhVZ21Fay1Rb2RhLUY2RklXV05YMjRLWVMyWjgyX1ZkanU0amJUMkl3?oc=5,perakende sektörü,2026-10-07T08:14:54.784617+00:00
2026-09-16T08:22:58+00:00,Kartlar & Ödeme,Denizcilikte Tek Tıkla ödeme,Analiz Gazetesi,https://news.google.com/rss/articles/CBMiekFVX3lxTFAzcE95RHR0bDVqZHQ4bWdCelN3UnQyRlJqTGdsdFNjYnAzbHRQdXJMeF9OQl9MX3RNX3NZY2tCMlhManlVbHJCYldiZXI5QkltUS1ERTRCQTNVbExGdVVrMEc5STNQYUE2SU9wY0c4T1Y1YXp4RHVVYUJ3?oc=5,dijital ödeme,2026-10-07T08:14:54.784617+00:00
2026-09-16T07:00:00+00:00,Perakende,ABD’de tüketim hızlandı: Perakende satışlar güçlü geldi,ekotürk,https://news.google.com/rss/articles/CBMimwFBVV95cUxPMjFvbXlLLW5tbGdHNmt6cU9qSEJDeDZ5XzR3Mm1WTjBweWZIRDAtZjRKVFI4bTFkaHdkdEJyd2RmTXNGWExGTzJsUWFfenA4TnFyam1LaGNDajAycl9JbUlJREtpckxwN0s3Y2Jrcm53Q0c3M09Tb3JnWkpPZmh0bmVoN1BIMm1lNmZqTEFfUEp2MkMxb1lQQV85MA?oc=5,perakende satışlar,2026-10-07T08:14:54.784617+00:00
2026-09-16T07:00:00+00:00,Perakende,"ABD'de Perakende Satışlar ağustos ayında aylık bazda %1,2 arttı",TradingView,https://news.google.com/rss/articles/CBMiakFVX3lxTE42OWFJdThGRVNwWXJhMGhpUG5SNlpwMnpHSkFnUVJsVkRPdHdpVmtNSmNRbThPbktZTS1ISnFmMlZKMzBjRDBHd0ZUNjJudF9XRHhFQ19WSjZDYk1rOEd3TFpycUZwU0tES0E?oc=5,perakende satışlar,2026-10-07T08:14:54.784617+00:00
2026-09-16T07:00:00+00:00,Perakende,ABD'de perakende satışlar ağustosta beklentileri aştı,Haberler,https://news.google.com/rss/articles/CBMinwFBVV95cUxNaG1yLWFiT3lVVW9jOVdJUjV3WGVCNFRKMjFaY1BDbjRCUFFOck85MHFrZ3FNUzFibHZSQVdLQXlsVGZYeWlwSzROWkJlclIzRUFDMWJLMVZWeDVuZ09kbkEzcWNuVmpiVlp3dEUwSV93ZjhqWVBMVDlQZmZpMFVMTVhsSlVPYXZHZ1JDSWduN1FnaS1ITk9hNGFJOGVvc0nSAZoBQVVfeXFMT1JDalRac2RMQWVZUkRHSVRXanEtUXpvMFA5T1oxR2RCb3M0NGRKTS1uVENKRXlTU0Nud3JaR3RJTmFScU1DUWF0T2pmWUUtRUZCd2N2dUN2NmQ3T0ZQYzlSTzJreHFsNGZvVXpFVGYzc0tUOXlrRE5VelVnR0FpVFlSVW1qcWoxa1JIOXQzT3Y5dGQ2ZXBtbWtSZw?oc=5,perakende satışlar,2026-10-07T08:14:54.784617+00:00
2026-09-16T07:00:00+00:00,Perakende,ABD'de perakende satışlarda beklentilerin üzerinde artış,Bloomberght,https://news.google.com/rss/articles/CBMilwFBVV95cUxOVkJnX3AtY3AzZGF0NnluREV1dzNON2dJTlVrc0ZOeWdfd0xRclZSSEZReWx3NUdfZzY2dXJfUUdPR0NEcWJKOWNZQ2t3b0tUQlZPYk9oS3Rfd0gzYXd4TmlVdmRvTlh0dTVhLWtnQlJPZEFEN0JwaXc0akFlQWo2NGJLVm5sLU83aXZBcVlPd0V1cWNPbE9N?oc=5,perakende satışlar,2026-10-07T08:14:54.784617+00:00
2026-09-16T07:00:00+00:00,Perakende,ABD’de perakende satışlar beklentiyi aştı: Ekonomi gücünü koruyor,Paratic Haber,https://news.google.com/rss/articles/CBMijAFBVV95cUxQb3VUa05heURuYXVHXzNYY0Q1cE1pN2trdW1lT2UzVmtFOU05VFZkLVJLYVduN0NBMGhoNTI5Tnh6NVRjLU1tTkp6T3l5YndveXVDMTN0cEs0ek5SVzE4TzRmZU4ydUZiUU5YNGd6MDBHOHhMaVpxejRWVjhKLWFXOHRkX2t4S0UyUGxOTQ?oc=5,perakende satışlar,2026-10-07T08:14:54.784617+00:00
2026-09-16T07:00:00+00:00,Perakende,ABD'de perakende satışlar ağustosta beklentileri aştı,Ekonomim,https://news.google.com/rss/articles/CBMiqwFBVV95cUxOUDRJRVlCLVFuSTR4LURNY1MyZ0s1U21IeFUycFhIaFNoa3BGSXEzaXk1WDhyX1pCdTFFQWt6VGFjaXlERjU4Z1YxTkp6V3Fxb0FZNS16LWM3R1QyX0ZTUzh2bi13ZjVkeW1nc0wxRVc4eE5OUkhxeG4xekQ1UGZEMFZIUnpNTXQ4aGNseGZha3l6X25kUkRLeFpLdU14amREQy1aX1Etb1RVUVHSAbABQVVfeXFMTnFITG0zQUVjZVNmUGlQZGJGb0EwZGFiaXpLRVNVWVpRaEtYZU9ZSl95bjVLazhwU01GRFFjWHpoOHRCSzczSExaTmprVXMyRm41R2wxQW9PQnYzMnFlVER1ajA3T2xJUlE4LWtXZ3ZIODNOd0RPQkU2Nk84OFRaSW0zZ1laU21FTENjUU5fTnA4QXl0YWFtZXloQUJ3eml6VmdCUk1ndFhfN1ZxZnptN3c?oc=5,perakende satışlar,2026-10-07T08:14:54.784617+00:00
2026-09-16T07:00:00+00:00,Bankacılık,BDDK bankaların hisse geri alımlarını düzenledi,Anadolu Ajansı,https://news.google.com/rss/articles/CBMikgFBVV95cUxONWVzSTg1NmtobV8wMWNPVGtabURvaUNwZ2tDNFllRzUxaGpLdzBVTWhqUDVOWWdPUGtFaGFqdE82TUhMZzZnbVFPQTFkZVFNd0N3SjNtMzY0dXcweFJpcllOVmlqZFNrT3dYNGJhQ292TXRfMjRQUXl2VFhHdGRzc1NCY1N4RmxCS0xmRXk4QkFrZw?oc=5,BDDK,2026-10-07T08:14:54.784617+00:00
2026-09-16T07:00:00+00:00,Perakende,TÜİK: En fazla firma toptan ve perakende ticaret sektöründe yer aldı,DHA | Demirören Haber Ajansı,https://news.google.com/rss/articles/CBMiqgFBVV95cUxNbFRZRlc1UXI1dVBVZnpsNHNDLVpCcjhTT1RVWVpSTXMzM1kxVTZUZk1zM1oxVXFVUTVjeVd1NjVqRFIzU3pFRThYZ29admxQYktsVUdLR1NoeTJqaGdTUFpGaEVnQnVMOG84ZEpFMUtIYVhtTmpQdHBmbzAyTWJ6U1p3SEJ3NlJzTzFmVG5IMjBnZndCaHRNb295VGsyZjQxQ1hNTmxQanNSZw?oc=5,perakende sektörü,2026-10-07T08:14:54.784617+00:00
2026-09-16T07:00:00+00:00,Bankacılık,Halka açık bankalara hisse geri alımında BDDK desteği,Paratic Haber,https://news.google.com/rss/articles/CBMif0FVX3lxTE1fN0w5MTdLckpIemxYT21mNmoxTFlheS1rSnFZbExYaEtpSkMybkxEM2FxSXZ4cDhLUFphUFY5cHMzVm5KLWxKeGhSUW1MZzBXd0xrR3Uwek0zZWZQTjVJVEdIU2IzX29MWnRaaWxTTkh4bUFfak03N2dCSGxRcEU?oc=5,BDDK,2026-10-07T08:14:54.784617+00:00
2026-09-16T07:00:00+00:00,Bankacılık,1 milyon TL'nin 32 günlük getirisi belli oldu: İşte en yüksek mevduat faizi veren bankalar,Cumhuriyet,https://news.google.com/rss/articles/CBMi0AFBVV95cUxObFZBajhZckNPUXZnSDVaTEE4a3RwUTBzaWI4NWZPQ2FjbHRUUVk4S1lvTW5FdWxFNm1oUUpOX0U5UkM4UVg4X0JGRzdqb0hWcVVlX2tFTGxLX2dXa1pwQ3lWWE9ac1dhb0ZDVHJlbnNLS2NXOEhGQ0tBc2d1V0VId2ZkWGV1enU2QTZkbnF1Tl8ycXViVk9LU1lxNTd1NzlzWnJ2dkZCc0dubTR5NjRnYzFZYXp2MV9YVHRzUFBhaGhmcWsxaDA0VUN4SGVyYlJY?oc=5,mevduat faizi,2026-10-07T08:14:54.784617+00:00
2026-09-16T07:00:00+00:00,Bankacılık,"Mevduat faizi 3 yılın dibinde, kredi faizleri uçtu: Bankalarda tüm dengeler değişti",Sözcü,https://news.google.com/rss/articles/CBMitAFBVV95cUxNUnpGcVpWMkpaeVl3Wkl4Ym95Nk5zbks5NjNwQ0tuRUt5elhDTjRkTERPZ1JPUzZUWVNhNGRsWkFzeDFKRkF3b3NYc2xXbUNtTG5uV0dDeVBZazdFb3ZEN01JMVFZS184N0pWUjdROElhRUJxU1Q4WEVUVk1OeHJKOGphbDYzVUtXZEpaczYyN090MEc1S3ViOGtxNWRjc0ppcktjQUtCT1oxUHNOaE11ZTNMeDY?oc=5,mevduat faizi,2026-10-07T08:14:54.784617+00:00
2026-09-16T07:00:00+00:00,Bankacılık,BDDK'dan Golden Global Yatırım Bankası kararı | Son dakika ekonomi haberleri,Bloomberght,https://news.google.com/rss/articles/CBMiiAFBVV95cUxPVUxfZGNCOW9FY2c0WTk5VWdkMUtrUXNyR1plbWpmazdpcXhVNnVYQnhzMzVKM0hYdlQ0QXI1OUYwbmVGdXY4WUFFd3dqWlNlRWJDWVVJZFMtOXB0dXBWZ1U3YlBPQWdsRzJnRUtvUXA2N3BxX3F0QWE2UWt6eHh3YUQzVXJDd3gx?oc=5,BDDK,2026-10-07T08:14:54.784617+00:00
2026-09-16T07:00:00+00:00,Bankacılık,BDDK'dan Golden Global Bankası kararı,TRT Haber,https://news.google.com/rss/articles/CBMikAFBVV95cUxPYjcxMGZONm9fb3JDZldTX0sweWZNMFJvYktNRUtFSTBkQjdta2pkVHRBTnBKTmRkMXFobHN5UEVMNDV5V1RONDJIM2NZNHlUenRpeGIzLUJDaFVQRzl5MUlremlRMkxJNklMU0NfRGFjblZMN3FobWVtNG1fRFViUE91REtoZDYxN2hvczVIci0?oc=5,BDDK,2026-10-07T08:14:54.784617+00:00
2026-09-16T07:00:00+00:00,Piyasa Göstergeleri,Bloomberg HT Tüketici Güven Ön Endeksi geriledi,Bloomberght,https://news.google.com/rss/articles/CBMiiwFBVV95cUxPaE1iY1JDb2otZUpIUjZLa0xHUktoaGtIaEItQTcxZUVyakdvUzhiYTVQVFNaaWRvRkhXT2I0NXczZFBEc1NuWVlWamJWM2ZDcndNV3pGLV80bjkza0JZUU4wXzBuMVFqejNVVWtiakx4SzhIVFJKM3FHcXQtVGxaR0tNV2lBNm9vcjVj?oc=5,tüketici güven endeksi,2026-10-07T08:14:54.784617+00:00
2026-09-16T07:00:00+00:00,Perakende,En fazla firma toptan ve perakende ticaret sektöründe yer aldı,Kars Manşet,https://news.google.com/rss/articles/CBMiqwFBVV95cUxNZ0FZSS1UbkNFX01wWWszVHhZWlZxRG1lbVFfQXBnN1ZKaG1pZmdNUUZJaHV2bzRabjFYN0Y0T0RDSkxGSl8yRGt0WG41S250Qi1kc01iYnE2ajN6M2U4N0dBSjktZm51WlRBZnE1dFVuQ3VEbk9uX1FydjBuNFdaamNxaUpocEdicGY4cm1XUks5TVpFVzFMSXNwamlFNU1FcG1uSVIzVkREQ2PSAbsBQVVfeXFMTlU3dmQxNzd0a0NTQlZFdnVnekx3Y0o4akw3dVQ4anVFUUFPM3QyR3Q2TFNER3ZzWXVMczRRc2Y5UDNRSndEWjktTHMzN0NER2lwbmh6d1Y5WGI1X3JnMXpBR3NXemRQbGcxVnBBMkZ2dXpNYUNrZmM4b3FlQUJnQ3FsajU4NTczdFlaTVZZWlptaWo5RWQ5WFlJTFJMNmdqRlZfNmxSdVNsLXdhc21TWi1BLTlJMU1HSWtkbw?oc=5,perakende sektörü,2026-10-07T08:14:54.784617+00:00
2026-09-16T07:00:00+00:00,Perakende,Son Kullanma Tarihi Geçmiş Ürünler Satan Zincir Market Mühürlendi,Onedio,https://news.google.com/rss/articles/CBMinwFBVV95cUxPZHJiNWZZMi1WTTdWRTdXdXd3OWhrQjBrRWh1Vm14RHgwcWRKbnRsU18xZ1pjSWxIWEF1YU56cFdycW9TV281Qy1hRmRPaUhFNUQ1MWdBZUZkMXptUTBleUtfbEZCTmoyQUFMTFNneFVnLU5PUjJxaDlrWndkbkU0bEV2YjFqOFVwTHFzX3o5Q3VtU1NzcDBHLXZaRGlWbnM?oc=5,zincir market,2026-10-07T08:14:54.784617+00:00
2026-09-16T07:00:00+00:00,Rakipler,"Teknosa, Ebru Sayılan Nebol’un bağımsız üyeliği için SPK’ya başvurdu",Investing.com Türkiye,https://news.google.com/rss/articles/CBMivAFBVV95cUxQQ1FuMi1mLWJlampQZHYzTjdpcHZyR2xEejJjMi1fQXJHNlRldmhUQ2Q3ZzRQbGc2QXlsSWdrUW5tLTF6RENnUWljMHVKZ21JSHNHM28zdml0SnB6YW9QT1dkZy0yakpnT2xzWmpDX2ZRUTMzZ25fRThqS0Y3dkdiM0tkeXJfM002dlN6V0dHQi1LZFBxakRoamZfdU0yWUxpZEUtdlZDckZXNEJlMUJqNTNfMkhGSm11R010RA?oc=5,Teknosa,2026-10-07T08:14:54.784617+00:00
2026-09-16T07:00:00+00:00,Perakende,"ABD’de ithalat fiyatları yükseldi, perakende satışlar Ağustos’ta toparlandı",Investing.com Türkiye,https://news.google.com/rss/articles/CBMivgFBVV95cUxPY3RrZWg3eFBwR2ZBU0JxeDVKdUN2R0RmS3JWN0l4OWJCZ052V2FFbmFmX0xpdVB5eUhSTVlBTl84d2hweDMzWHg2N2NPWmhkU0xXd2tlQndudkxNMkhaWDRLbm1SMkM2OGVmcEIydW1IZlhFdmhRMHRSY3ozaUtQem9ManJ4TzVfWVVERnB4WjBNc0pqSEhUUU81eUdnTDA5bkpSRFZWV3REdkxWSEVCY1dacURLLUJHQ2VWSVJR?oc=5,perakende satışlar,2026-10-07T08:14:54.784617+00:00
2026-09-16T07:00:00+00:00,Perakende,"TÜİK 2025 bilançosunu açıkladı, en fazla firma toptan ve perakende ticarette",Son Dakika,https://news.google.com/rss/articles/CBMiogFBVV95cUxNV3Z6S0N2alZFWGk5TkNDSGs4N3VqdFVpYlF5bUxQZEgzODNzbjdid1pZV2lxMVBmMmppTWMxX2h3SzRQMjU2bGw1amtBVEd3TWpEOW1oTHNkeGNUTmRDRGZwdWJRVjhoWnBJWG9BTjM2Tk8tOWFLcDNJVzFrTjU5R3p4R0pmNmc2TTRPNTJ6WTQtTjcwWS1wUGZJc3RBVm8yc0HSAZwBQVVfeXFMUEdNZmtEc1RnYkZrUEV5V2FzRWRreVIyN2ktcXp2RnZ1QzFNeE5qNzlwNGJRQVFmb2MtaHZSeXZIZWo0OXFhblAybWc2dHZvSV82QXhEMXhPSXVwU0tUR1hxWGpKa2dLbE5YOFV0RDFGS242RW55WHdtNFI0ZVZESXlXT0laZS1YQjJ2dWt0eFNUZlV3NTBKd1NlOUZS?oc=5,perakende sektörü,2026-10-07T08:14:54.784617+00:00
2026-09-16T07:00:00+00:00,Perakende,En fazla firma toptan ve perakende ticaret sektöründe yer aldı İhlas Haber Ajansı,İhlas Haber Ajansı,https://news.google.com/rss/articles/CBMitAFBVV95cUxPWjl6VmVXU1VlNHVNZ09mYXBESXhFeDl4SXRxbW9xQnhDd0JsQUY2QlhTY1EwLTMxY2RTaTc5azI2ZE1CWFpUcURHUEVvRXRJbVNfSW5MUzZYYkZOWmwxNC1HYXhWMjNmU1YxTHlFNEJjbllGblBUNTRWUThyRHlsa3kxcVJYZXFUSDV0MzFBX3BhVldhZS1KbVN4dVhvcFBIZ0pMMzJNVFFpZHN6Uk80N1B6Y2U?oc=5,perakende sektörü,2026-10-07T08:14:54.784617+00:00
2026-09-15T10:00:53+00:00,E-ticaret,E-Ticaret ve perakendenin geleceğine yön veren zirve,platinonline.com,https://news.google.com/rss/articles/CBMinwFBVV95cUxPTlhmMWlXTVZBOE9MR2pnejJ3S294aWpiZGxNX1hSNFFsZjlBUVJIOFYtZDUxMmdGLTdWcWpzNVE4LUFCa0RRdkVkR0lUbldhYkxiZTBMZ1RpZ0N4Ujh2dDgzdFhVeVRSNVFFc3JpM3dlaXQtRDJWOVdXMXJFSkpuVnNNQmotWFJmS0xCTDdvMURabUpSbVd2cThNZnhBem8?oc=5,e-ticaret,2026-10-07T08:14:54.784617+00:00
2026-09-15T09:14:22+00:00,Rakipler,Teknosa'da üst düzey atamalar,Anadolu Ajansı,https://news.google.com/rss/articles/CBMihwFBVV95cUxPcHliTkVtdGtHa0JMWE1WS24xV0JJMjFLQng1U3FEYmxKU1pNSXg1YUFQQnRoTHZ6TDNjR2pRZ2s1VkxyTl9GTTVoQ3gxTDItdVI0Y3AwU1A3OUhtRTNUbmZWMWVLOGw5SU52RG1vNXRWTE9JU1BJbjcwM3A0bjY0VGo4R2c2bjg?oc=5,Teknosa,2026-10-07T08:14:54.784617+00:00
2026-09-15T07:00:00+00:00,E-ticaret,"Bakan Bolat, 'E-Ticaret ve Perakende Zirvesi'nde konuştu",DHA | Demirören Haber Ajansı,https://news.google.com/rss/articles/CBMimAFBVV95cUxPUVlOODlzVDlBNUduTmcwSWZRWkVLOUZZdVg0TTdGd3hKLVpXUzRXa2Y0dU5JaWVMcTNyTlM5eUFyeW9YY2JBZzZiX0hfNURJQmxxRGYzMVFaV2R6TWtpaHZqNkxZN0tGdUFGYnJiQjN5V0JrbjRpLWJfdUd6N1BKZ0d0YktNc09VNmdVOVVGRnhjRzdhRXFnYQ?oc=5,e-ticaret,2026-10-07T08:14:54.784617+00:00
2026-09-15T07:00:00+00:00,Bankacılık,"İdris Şahin: ""Bankacılık sektörü 596 milyar lirayı aşan net kar elde ederken üretici yüzde 50’ye dayanan ticari kredi faizleriyle boğuşuyor""",Anka Haber,https://news.google.com/rss/articles/CBMihAJBVV95cUxNRTV1ck9xSThiNVMyYnY4b0dEQTVCeVBKMlVPNXdvbUxvOHN4NEt0YzV4MXZGOEszbndaNV9BNzZvZGloeFVPaDQyWnYzdW5qdG92Z3RKc254U1paMVVWeXlia1NqTjV3ZGx5WnBkMy1nYmVLN2g1Tm5ncG9kUmlCb2VBT3IzZ0pGTmc2b0tHUjBCVFdrYnJfVVJoZGIxZ3I5cFVkd3dmYW5scjBxNGpiYjcxWmZILVJGQ0FuaFVUcmZ6N09sN2JYeEo3R0JzMEV2X2txTUJMbVhlVldhOHQtbGpSU0tDT1J4R2JWbEZya1FmdmRmRTllTUlKTmJqM2UyOHBnaA?oc=5,bankacılık sektörü,2026-10-07T08:14:54.784617+00:00
2026-09-15T07:00:00+00:00,Bankacılık,Mevduat faizi 3 yılın dibinde: Fark 7 bin TL,Kamudanhaber,https://news.google.com/rss/articles/CBMifEFVX3lxTE5YY0NaVkZ2cUpYRnJ6SlBYTC03aEJ1S3ZoOFNEZnR6T0ZBMHAzRExaR2JXalQ2b3BDMExQVG9ZNElEc3pxcS1XZ085ZmI1QW9GUTgwNlQ0N29VT2E4OVRvYkhiWklnN0pSeUlGRVhxTVdjQXk4SjlCZWYtdno?oc=5,mevduat faizi,2026-10-07T08:14:54.784617+00:00
2026-09-15T07:00:00+00:00,Perakende,"Çin'de sanayi üretimi ağustosta yükseldi, perakende satışlar yüzde 0,4 arttı",Son Dakika,https://news.google.com/rss/articles/CBMiogFBVV95cUxObG40bm9rLUUzY3B4VHc2cFJ3OEtUMGxrLXdMX0VtWUttdWpmRGUwcUpIMWZhdnhqby02Z1Zra2c0ZXItRm80aFJ3OVhheXkzYzNnZl9ac2doUUdGcm9sZV9acFpjcUtRWFBxWDJyb3hHMlhNTzE0OW5WRjM4cVZBM3IxdmttanYzdERKVlJtOUs2YzZJS3FKeTQwLVRzQ2hBWXfSAZwBQVVfeXFMUG1RZ1Q3SFE3eG1FTzNPRWltV3JpaEVoTWFwaFhQV19UaS1TY01qaHBGT2RiRDFXdS1Ldy0xZ0hwc3VCWlJ1YlhGb3BNQmdRdUJZVVk3OExsa1dwZGI1a0dveGExR2lDNmxkcTJsTUtrMVVqWnNYY0NkR2x6YWI1WlQtVUY0MWYwODBwTjkzcGM3ZnFWZjhPMkR2bVo4?oc=5,perakende satışlar,2026-10-07T08:14:54.784617+00:00
2026-09-15T07:00:00+00:00,Perakende,"Çin'de iç talep zayıf, perakende satışlar ağustosta beklentiyi karşılamadı",Son Dakika,https://news.google.com/rss/articles/CBMiogFBVV95cUxNN0FUMm95a1FnUWppSXhxZzROSmh0elQ1VG8zRWQwTF9WSWNPcG9VWl9qOHJ4OE1MN1pyQWtjcTRibUU2VTVoQjhuX0VJNVppbWhLN1FTNlhXOEhRQnNrbEJORVRVVUZ4Zk9mQ2NtUnE2WHpaRDNjby00VHZJbE1PS1VwUWJSQVZPNmd2TDU4a01ROG9GckhCV2Z2bVhBRWJkRkHSAZwBQVVfeXFMTUU2NWxPZ0h2QmhSM0JsLUNBVmlRYUhwRkNhN0RrWUxpX1gtX3hUMi05eGNiWjZRWjlKREc5ajBtRWNiQUpLeWp2SEhLQ0JqUXFDRlU3MDRvMzhLbWk3bjFjZldzejdIWTRhQ2MxSlRMOEJVbUpBYVE3T3pHVVY1QUJHOVAtSlNVSjUxdnlTYUw1ZHJRRjVKRzhqZVRZ?oc=5,perakende satışlar,2026-10-07T08:14:54.784617+00:00
2026-09-15T07:00:00+00:00,E-ticaret,"Türkiye'de e-ticaret hacmi 4,5 trilyon lirayı geçti",TRT Haber,https://news.google.com/rss/articles/CBMiogFBVV95cUxQRGI5cndSVHdfdnp3YnR4N3ZYRUZLbmctWjh0Q0FUaFBHX2I1dG9FRTUzZjlGSG9hV1hfclcwVlc3bGFrMEszVF8ta2NGUFJJOF94eFhYb3Y3clB6WDdoM2VIX3QyM3VweVN0Y01XSTlsTUQ1NDRWdTdzbkNNYlpWLW1ETnp0OTJUTUtCc0tqUTBsVGNBOTltVVRaSGIycjJ0TXc?oc=5,e-ticaret,2026-10-07T08:14:54.784617+00:00
2026-09-15T07:00:00+00:00,E-ticaret,"Türkiye'de e-ticaret hacmi 4,5 trilyon lirayı geçti",Ege'de Sonsöz,https://news.google.com/rss/articles/CBMigwFBVV95cUxQSzJZN0FVU3d3M3U2Z3ZHM0VodkhtVC1OSG5kaUxLOUdET3pnbS1GTjN1dHRBSDFlZTJOV0pLYjVtNmJtV21MbGFTbGkzUmRxbzhoQXlZRjdmWnZFY0N5aWw1VU42NTdHbVJzRGRGOUtkTjJqakdzdmNhSXF2R0FkaHJpYw?oc=5,e-ticaret,2026-10-07T08:14:54.784617+00:00
2026-09-15T07:00:00+00:00,E-ticaret,Robom’dan Defter Beyan Sistemi ve e-ticaret entegrasyonu,Habertürk,https://news.google.com/rss/articles/CBMingFBVV95cUxNQjBBUXNVMXJPNE43VGsyNnRQN25YVUZXWFg1VTFQZEQ1RTM0QXhDbVZteGlHNy1XSmtySHYxa1BzWGFFLXpxSDBqVjhwOUhFaHRodTFDMzEwel93dHZBLThTaG9qUkpBLVFscE1hODE4bGNvSExITlI3c0VkZjlNOVBmMjhKY1RITWsxZ3g5eV9TTC1NVk9jY0UtVFpLZw?oc=5,e-ticaret,2026-10-07T08:14:54.784617+00:00
2026-09-15T07:00:00+00:00,Rakipler,Kompakt ve Küçük Ekranlı Telefon Tavsiyeleri (2026),MediaMarkt,https://news.google.com/rss/articles/CBMirAFBVV95cUxQR05KZUtXZlBwd3VlajRPeThBOWR5YlFieUZJekFBZXdhQmRWdE0tV1ZpNVNlbXAyNXdZTVc5NkZ4R0lvcUFwVGIwUXJyM1VJZW8zbldmM0U2RnVPbGVRaVhQQUpzYnFEVDZIbFhlckxNbWlUZHlsQ1JmQ0tpMktoVkY0UTNNVm5NRXJqTlBDWnEtTnVnd1hyUEVEanVMZXhfa1RHcE1VcUFibml4?oc=5,MediaMarkt Türkiye,2026-10-07T08:14:54.784617+00:00
2026-09-15T07:00:00+00:00,Perakende,"Çin'de perakende satışlar ilk sekiz ayda yüzde 2,5 arttı, hizmet satışları öne çıktı",Son Dakika,https://news.google.com/rss/articles/CBMioAFBVV95cUxPeUVhOHkxWEUtVHI0amhGSVR0dU8xVmxrVWFfZnlqb1ZmUjBrX0xWT1JkUUJGdEdEN21iX3ZKckpMc0pwd0ZaLUswSkpRNFlxQjJJWEdiTy1YRU4wdzA3c0hKenFvUF9XTm1pVUgzME1nWEcxTHVKZ29mcFVQVTlJYjB0M0VEcGd2QlM1M01iQ2FNa3FwYW42ZkM5a2FvOTJt0gGcAUFVX3lxTE9YSnIwSTUzWGxVdzJhMl8xajNDV2U5bjRUZjk2SkhocnJ4Z2J3aUIxdFNOakt5MGdhOERRTTNTU3ZycjdxTGtXOTdEZmpOWF9RSVc2cWx1QU04alNRY2h3eERkZkxwXzA3T1JKbkFWbFAzaDBzekY5WjlsLVgyOGhVOGROdlY0dC1vNVdZa2JRdGx3UzRSdEd6OU9yQQ?oc=5,perakende satışlar,2026-10-07T08:14:54.784617+00:00
2026-09-15T07:00:00+00:00,Kartlar & Ödeme,Kredi kartı olanlar dikkat: Sizde de varsa kullanmayın! Acilen yenileyin,Haber 7,https://news.google.com/rss/articles/CBMiuwFBVV95cUxQendPUEYtZHdBMkZMZ2RiaE8wTTRPMGJqZ0NnV3ZEdlRhR2QyX1BHRUNTeGZxUTg5bG5SZVdBRzNXcDNISFRYZi1Gc084UXZQZGJOVldQRTNBVm9OTm9Id0VwSG56cmJKdFRVRVFYU1M1anNneUV2ejVYVWo0TEFubFNnVnU1NmVqdmQ3TE9QaV81elYxdkdqRXBVSTROMFZIcDAxR2w2NkNUX2VOTDZqMjFYVi0tYUZWTjNR0gG-AUFVX3lxTE9rVTN4Yl9BY1FDTDBZRXBDRzZ4X0NEaV9qWE9teTNNWDlzMndUXzVNS3NIX0ZSQzg4YmRVM00tNEVHUXBpYkdDNmNBaXVPUXZnZFRRUG40RGsxVHAza2N2WGQ0ODM3RzlCVERuREdMdnV1eXNfOFRITVlCMkhwU1duZ1NQQXRRbUlyeWYtLWt4bS1ZN0N4MTl5b3I1YlpWTFlRN04xQmhKbVhvLWpob19YTUxmcE5kUWdTX0JyUGc?oc=5,kredi kartı,2026-10-07T08:14:54.784617+00:00
2026-09-15T07:00:00+00:00,Perakende,TürkMedya E-Ticaret ve Perakende Zirvesi... Halkbank Genel Müdürü Özdil: E-Ticaret'in finansal altyapısını inşa ediyoruz,gunes.com,https://news.google.com/rss/articles/CBMixwFBVV95cUxQUndOZjNNU1I1dUgxdThXWmhuNXdkR0R0cWNUS3hmVjl2THBKa0VtTkpmNVcyQ1dqSEFqZVJEUDdyODMtcGRzYzVkR0hXYUZubnhPRDBfUmJKUTlSRlRFRHhZRTFOV1BWMEl5dDc2VFpXMU9IM2J4TDJ5SWFvX01SeVVEWGlqMk9wUC01RHFHOE1ZQ1Z6VHR6eFFGcTJtbG1FbFFoZkl4OEpUNllrWlRGYXJwWm9LQ1h5aUpsM1c5MWdjY3hFcXVj?oc=5,perakende sektörü,2026-10-07T08:14:54.784617+00:00
2026-09-15T07:00:00+00:00,Rakipler,Ticaret ve finans dünyası TürkMedya E-Ticaret ve Perakende Zirvesi'nde buluştu,Yirmidort.tv,https://news.google.com/rss/articles/CBMiuAFBVV95cUxQUmJSN3RzT1BubENJMDhFdUNEUmFVVFZyaXpfdm1EM3JvZ1FjMVRnLWJvcnRGWXRCWGt5WVZENU1oRlJLSUdWMFkxOEcwMHl6RlV6RDJyR0JjYnkwUks2clN6X0g2a3RIdll5d0xoX2pPYkZPWHRYNENNY3BUZUgxSHRMXy1tM21nUk04UHV0LTZOWkVzcVhVb0t3UFRYYVhac0IxSVFkRUt5RU1vZ1NyMldCNU9BTDM2?oc=5,elektronik perakende,2026-10-07T08:14:54.784617+00:00
2026-09-15T07:00:00+00:00,Perakende,Çin'de perakende satışlar yine yavaş: Pekin tüketimi canlandırmakta zorlanıyor,Euronews.com,https://news.google.com/rss/articles/CBMisAFBVV95cUxPLXdVZEhXT2lGcUNtTmZNd3VJa3VSQno2MzIwN0hKSHIzSDM4Vk5qVXlOdE9DUUJzalg3d2NsNnh2c011bno2NS0zMHBJMllaMFRidXZmWnNEdFhkc3dna3V6MzlKYVluR0d6TG9hY05JUGNTZTA2bXZxTEt4S013cVQ4UkowdzFYZllzR0pjRk1GNEJLMXFjMDFxc0ZiZkNNOHF4cEQ1MXJKSlZFeUg1Nw?oc=5,perakende satışlar,2026-10-07T08:14:54.784617+00:00
2026-09-15T07:00:00+00:00,Kartlar & Ödeme,Kredi Kartı Kullananlara 10 Altın Uyarı,Memurlar.Net,https://news.google.com/rss/articles/CBMiiwFBVV95cUxOQnNuU0c3cDMySmEwQXYyaXJtQXlMSVVpYWhRMjgtTHpYdXVGdEtPbU01d0dpV1pfbWpReFBjVmwtX1ZCRkQtQUg0VTBQaUQ3NUh0RlQ2ekVqdDI2ME56aTJVM0JUUUxwQVRHQmtvQUNOME1TQ1p5OHctWHBpQXZReVR0NjN6VmVtQWNv0gGTAUFVX3lxTE9YSlBfUnFsOXlXVG91YVBXbU1oUy1pSmVNMUgxa2ItN2ItMjl2b0NCQVRaRVZWQ2R4OHYtYk9vZHBiRGk3SjloT3h2T2RNaHdLamNnUzBkRmRHRVhQS0g4TjlpQzZ5elp6ZGRtamZDOG5pbVZDTks2akpxR2k3VXJhd2trbWo0TVZlZ2FTc28yRy1iNA?oc=5,kredi kartı,2026-10-07T08:14:54.784617+00:00
2026-09-15T07:00:00+00:00,Perakende,"Halkbank Genel Müdürü Özdil, perakende sektörünün en büyük destekçisi olduklarını söyledi",Son Dakika,https://news.google.com/rss/articles/CBMiogFBVV95cUxQMVJCYnN1UEhYRWhhckV5RWtiX0djaXQ1UkNQRzRrLTVrMVBFV29YN3I5eGU0TWlmTUpBR3NSVEw3dmY5UzVOMUdzSmRMcVpVVWpsamFhWkxodEtNNHZJUkp6emhUeFkxUVFxQXdPUG9PTWpYUXlJd0dUOWp4dGRwUkVlUFJremNfOS00U1VoMmhjNDJzVjlPQk1ETENfSVQwaFHSAZwBQVVfeXFMUENWc3hBYUZFNGEwYmhWWXgyRTZlR3RFWVdSRDEyc3l5T1lQZ3FjMDEwRU41djZrUnQ1aVlzaEhaSzJBb1hULW8tLXpweWo4TlRubGdUNDR2bFpFUVQwMlpOTndXbEJfU092Y1BuWHVscHhycTZhTTRWb1lfMEZhb3JQR0hmTHFRZEdUNlJWa09PV04wTE9XaS1CVGhj?oc=5,perakende sektörü,2026-10-07T08:14:54.784617+00:00
2026-09-15T07:00:00+00:00,E-ticaret,"Türkiye'de e-ticaret hacmi 2025 itibarıyla 4,5 trilyon lirayı aştı",Bengü Türk,https://news.google.com/rss/articles/CBMiqgFBVV95cUxQakFKeU1GMDMtZks2Q19GWVBBeHhjeWstdllzRjBJR1lLSmplVllfRnV0R0NGZUN2VVBUdkVJRFhxRXlhN2puS2NxSzJyVDByQndvdWNEVV81dDNOeXRjSWQyeWZvcE5fTm02RVJtZkZzNWF5ZlRvS3hxcjZEZVNZeU54aUw2d2E1dXU2TFpjRmFEa0VZTXczOTA2ckVXNzktbXFvcFhJQktxd9IBrwFBVV95cUxQZ1BkWVA3UlZnOHk2RTZjbjdxYWRiRzlhNVZQamdtUkFEVnROYUVKOW5TU1RaTGFrdDhQUjBydkZ6V1QyZnN6MGVNc002Z2NLamVTd0d0dWJZN3p5Rzl6dWgzejZtTVo1YnZ5T2JyclFkaWVjNEM4UVdvT3dySnpkMkFzb0JFMUpHQzZaTXVtMW8zY29kV0xtdHRjOF9KQ3lXWExKV05CaGM1YUdiaUdV?oc=5,e-ticaret,2026-10-07T08:14:54.784617+00:00
2026-09-15T07:00:00+00:00,Rakipler,Bakan Bolat: Perakende e-ticaret hacmi 2025'te arttı,Uzmanpara,https://news.google.com/rss/articles/CBMipAFBVV95cUxQUUowUGFzVl9yd0tUVWN2amxoWEY2dWxWV2htZDkyWFhscVhwUHVXU3BFdmJ3ZGZaQjN6WFNnUC0zUXhPZVQ5WE9yZFZPUXI5S2dPSzZHX2ZJanJpX1NIRmFQc3NlREtlRTNqalY4T2xRS2dwdHBPR05YQTRlOTRMQUVDYlh4TGFocXJxOVRkQUJTYlNfelFobU56T2lUbURZZ2RkNA?oc=5,elektronik perakende,2026-10-07T08:14:54.784617+00:00
2026-09-15T07:00:00+00:00,Perakende,"Çin’de yatırım düşüşü hızlandı, perakende satışlar yavaşladı",Bloomberght,https://news.google.com/rss/articles/CBMimgFBVV95cUxPTFQtQjFGejJtNEpiQ25wbWJ4eWswS3EyVUdveElMbnVibnZtR240ZFZxZ0xUcUVEMGdCZl9UMHQtdjdmdUVJakpmYVZxdnpaaEpvWTIwdEFkdm5vMHZFQ2NnQWtXLXVVWXV0LXFrRU41MDZDU3ByNDBNVlVnSllzX25OYTdEa3NxWndnM2p1MHBsbXc4b2ZycHZB?oc=5,perakende satışlar,2026-10-07T08:14:54.784617+00:00
2026-09-14T14:38:24+00:00,Rakipler,TEKNOSA'DA İKİ ÜST DÜZEY ATAMA,Analiz Gazetesi,https://news.google.com/rss/articles/CBMie0FVX3lxTE5oRVVsZkFIS0xBQ0piem9FMDk1d05ic216MUdPU0JSUDNFeldRQ0ZTcUxSczFyZlJnaFh0NkE0bW12d0laeTBTbmZkSmdWQTl3Yjh5SFJfQnJ4Y0tvQXYyeVVUa2w2Z0dsRWU3Z2lVZjdsdlZtbTZ6X0RQTQ?oc=5,Teknosa,2026-10-07T08:14:54.784617+00:00
2026-09-14T13:51:21+00:00,Rakipler,Teknosa’nın organizasyon yapısında değişim,hibya.com,https://news.google.com/rss/articles/CBMidEFVX3lxTE51VGt5UVRTZEl2cy1PMmVPN0NhY19vNHFZR3BOV1l4aTJWa2o4WXd4VW9FM3p2NHZTODhjYjZyU0dtTy1FNjYtWHJ6QWxFQlZUX1NOUjdDc2tUcWdjTk5CdWp1TkZsWTBLcnpMdmozVlkwMEI0?oc=5,Teknosa,2026-10-07T08:14:54.784617+00:00
2026-09-14T08:01:47+00:00,Rakipler,MediaMarkt Türkiye yaz sezonuna ilişkin dijital arama verilerini paylaştı,Anadolu Ajansı,https://news.google.com/rss/articles/CBMiwwFBVV95cUxNc0NPZ2lCbFgwUm1Lc3BuRkxid1hGVmtmZzNSWGZUZkREQ0JNTmtjejNXT3FSTWlXQlhYaTlQMDVLV3Z3cVdOUUVMVjdZMWZZMHJNUzF1bTh4NDl4MmZJQnYxSUNia0kxWnpQcXVWV19ULVV5V1I4U1dtVDFyb2FISUdqOWViWVhtaGZHY2F4Z3gyYmxMaTJrZWhKZEV6cGNCelAySWJUbk42bFhOQ3dNc2oyU2g1WDFGVjdDVlUwVEQ4bk0?oc=5,MediaMarkt Türkiye,2026-10-07T08:14:54.784617+00:00
2026-09-14T07:00:00+00:00,Kartlar & Ödeme,Denizcilikte dijital kolaylık! Ödemelerin yüzde 80’i internet üzerinden yapılabilecek,Sabah,https://news.google.com/rss/articles/CBMiwgFBVV95cUxQNXZjS1pPQ1VPaFhhR0hHbmpJWEJwbVp2QTB3VURfWlE4bXJsOER1TkpiWXVrdy1yMU1veVF1YVY1WnVkZ1N6N0lTS2pweDdRZW85QVdyNGc3dTNfZ09zb0dsVHk5alliMUlGMXlrN3BuZTRVTm5CVEJzQ2ZJMmFfSWdQelFQLTB6UzZHYldORTNhOFg2cUJlWkNlSURWVkF2dHJtaDFLRl9KQ1NLTmphOUJzZzVxMFRjbVNhVDlXYTMwZ9IBxAFBVV95cUxQalY3eGRtaDJhamtQV1hqLWlBUWZzaW9qdU9WdUlKSnc0Q0lUX21nNHJQdTVkcGdzSGJkYkVTMjdwM0VrdzhtREhsMU9nR216NHRjbzNkeTFVLWQ1TDNBRV93TG9SVXVoeXFJTVpvNUF6SlJ3WkR3NHJ6VklxRlNqYk90cTBSWE9YSjVGOFdSaXJvZ2ZRaWpSSTVVb0steDBSUjNjS2UzVlA0ZlR0UlNfQjFIQWxoLVVicW0wMzA5Z3BMWHVt?oc=5,dijital ödeme,2026-10-07T08:14:54.784617+00:00
2026-09-14T07:00:00+00:00,Rakipler,TürkMedya E-Ticaret ve Perakende Zirvesi yarın düzenlenecek,Yirmidort.tv,https://news.google.com/rss/articles/CBMioAFBVV95cUxOLUVNWFV1djFwWGFrakZKejBLeE5BZnh2V3h6YnU4RjNJRDlfVWwxbnhCN29jNHZVQ1ZQZklVcGt1Umg2M2dpajRRanRmMU9vNjZHS2RpdDJONVBxdUhpQkpjLS1NdHg0R19rUW1MU3F4QVFrdzNmOGl2Zkh3M29XLW9rZXNmaXkzdGpwMWNueWg3eE1qSGpOWGlDX0JZUzFE?oc=5,elektronik perakende,2026-10-07T08:14:54.784617+00:00
2026-09-14T07:00:00+00:00,Rakipler,Teknosa’da ticari yönetim tek çatı altında birleşiyor,Paratic Haber,https://news.google.com/rss/articles/CBMifkFVX3lxTFBlbklha1hvdGNqMUNaZmFJWGE0WGJjZ3Y0UHEzc2VHQlpBdXJ5NEFtRHg1OUNNNXVHOC11NkhJSnN4bFJQT3drWGo1TEcxQnR3SWIwOWtIUlNabkM3Zi1xT2JhQ2wyODVLZFdMVnFIN2x1aHdzV0JQaklsRTFxUQ?oc=5,Teknosa,2026-10-07T08:14:54.784617+00:00
2026-09-14T07:00:00+00:00,Kartlar & Ödeme,Denizcilik ödemelerinde yeni dönem! C kodu al bankaya git yok: İşte yeni sistem,Takvim,https://news.google.com/rss/articles/CBMisAFBVV95cUxQTkdjazZUNkNCdnp4ZUYzQzF4SjNIdm4yWFozUFhRZm9zRWhIWm1IUExQSTBCNldtT3RqaVNod0htaDJNVWxNTXI5WUZ3cDRIQ0RHb19RLURjQnBIdFcyUlBiVEJkd0R0Q01kcVdYOEJIdUowTFpsRUQyMy1KNGtZMlZGWkt1bUI3UkxiWDVSQ1REV0tlNXJXVTJFYlNlNDZaNjJJbmtRNUxybVZ3SXlNTQ?oc=5,dijital ödeme,2026-10-07T08:14:54.784617+00:00
2026-09-14T07:00:00+00:00,Rakipler,Teknosa’da iki üst düzey atama,DHA | Demirören Haber Ajansı,https://news.google.com/rss/articles/CBMikgFBVV95cUxNanFQV1E2cUdDWXJMeVpBejZXWkEtY3FMVVg1WjdvT20zRGlmSDhYOWI2bUxYZGEzeVltRVo3NVM2UXhaWXF2SkJweTAwSERkR0QwbnR5QnBxOGhXNjItVTFRN1BXMGtUNEY2cEs2anhINXZqekV6bWo5TFVIMTM1QTNxSVR4TlEteGsyUE5VbDFadw?oc=5,Teknosa,2026-10-07T08:14:54.784617+00:00
2026-09-14T07:00:00+00:00,Perakende,"Efor Yatırım'dan organize perakende kanalında 3,3 milyar TL’lik iş birliği",DHA | Demirören Haber Ajansı,https://news.google.com/rss/articles/CBMisAFBVV95cUxObkdhMFgwNzNOUVhsdmo5NFhrS3VMRE16dkhiZkcwdUdUTE5yb19vX2RoUGpXMU80YmdRek9xc3pKTVlSb1pKSVhrTlJuQXdxUDJmU3FtelB2ckJTTUdUZGIyUm55eDRwUXFqdVJWdHVvcENQaWlBc2VZal96Z05TazZKNGhzQmZTTVctZ1BoVjl0cTk0VllVelJSWFpMdEdNWEpHN2d2RHpNUU1CQzhxcw?oc=5,perakende sektörü,2026-10-07T08:14:54.784617+00:00
2026-09-14T07:00:00+00:00,Rakipler,Teknosa’da üst yönetim değişikliği: İki yeni atama,Haber Ege,https://news.google.com/rss/articles/CBMiggFBVV95cUxNNTVPQzdGbDBlcjRCTUgtMmdNcEJYWFFQTk91dVFQNnJtNXE3UE1DMHdBOTZsLWhWdjdYX0lXMGRrQW94Qkx0LS1lVTdTYnZlbHpYS2ZRaE16ZDZTWGRNR1BTY3RTVFU5Q2xsYkhFUVBhMllCc2tYVTZ0YjViVGNwWTBR?oc=5,Teknosa,2026-10-07T08:14:54.784617+00:00
2026-09-14T07:00:00+00:00,E-ticaret,TürkMedya E-Ticaret ve Perakende Zirvesi yarın düzenlenecek,gunes.com,https://news.google.com/rss/articles/CBMingFBVV95cUxONGR2RUNId2VvQlMtSi1rdEowQUowQ2UyZVZSalJrVmZyVTdCSG1xemRyMWZ1OG85TW5VQ25YaGlDNXFKbHNLYzhzdDdXS3MtXzFNZWNPbjQtQ1RndzZqLVVQUUJGaXVra2duLVNxZUdTVVNvWGxuYWhua0pvUHI2MW5HQjdEWlBjNkZINW9oQ3FJeFEzWllEdmZNWExtZw?oc=5,e-ticaret,2026-10-07T08:14:54.784617+00:00
2026-09-14T07:00:00+00:00,Kartlar & Ödeme,Denizcilikte dijital kolaylık: Artık internet üzerinden yapılabilecek!,Haber 7,https://news.google.com/rss/articles/CBMixwFBVV95cUxPY1F4X2dreEwxYlF2OTZKSFdDSmJfUW1LTWdORklieVB4WmNITk5Kdnp5S0s3Uk9TVzBMYWxhRmxpYzd4R3JaVVJuZFlMSHFlZXVoWEVpVGFVSkhoRER4Y05XOWFPUndjVlFLVDRwVWVfRy1tUl9Ua0hDekpHYmVKbm5ycllNSlhJWS1zYmJZNDNSRV82MnRNei1vSE4ybi1zVnFDaTVOOGU2NTBRN25JLUpaakxweGVwaExTOWhtRkF5M2ZqeTZF0gG7AUFVX3lxTE8xQVg1LVFyU1pjUkdNMW5lNEtBS2NpXy1QTlNSMjc5cVd2Yk9DaE85cmRKZWFESjUzMFZ3cTJFeWU0c0k0Y2pQTUFCRkRoTUFlYlZyUWdxVG9pQmRFWDJ4X3hTY0R5T2JFMkdDbWxIS1ltZjJWSnlqNWNHM3hfakpjc0ZuRGJJZHB1ZFFDZkdfTjg4dy1zSHIyVDNNbTAxMFNHa2ptbjdURlFKakp4SnlMMkg2dnkzcVg5YjA?oc=5,dijital ödeme,2026-10-07T08:14:54.784617+00:00
2026-09-14T07:00:00+00:00,Rakipler,Teknosa'da Üst Düzey Atamalar,Başak Gazetesi,https://news.google.com/rss/articles/CBMidkFVX3lxTFBydzlPSy03Tjk2bVNhc1F5V1pGWmpDczZCWk1ENjVYYnljZHJaY2hwZzFtb2hnZWJ2cF9YRjRvM2k4SVo0NUVmREE4SnBvWERDalRSZklzWWdxOHJ5SXRpdzlxb0lsaVBEMmhtVXV4YnRaNnZsRkHSAXtBVV95cUxPN29jYzBJTUwwUWRETEdmRGI3d1QxY1k2VlVzOHl6MDFZQ1hrZjI2eElOMmI5UUE3NTJ3bGF6ME53MHZ1bHNjVEdBclZtelQwVkk2MG1ISFZ3ZnNEOVljRWpTeWhpbzZhd1NIdnNTQjhnYXlQMnkyNk92WEE?oc=5,Teknosa,2026-10-07T08:14:54.784617+00:00
2026-09-14T07:00:00+00:00,Rakipler,Teknosa’da üst düzey yönetim değişikliği: 3 GMY ayrılıyor,Investing.com Türkiye,https://news.google.com/rss/articles/CBMisAFBVV95cUxPSW9xVWdvUktDcGo5SUM0ZUdMMklxc1BVdzdNMlRhaUEwMVFFUUdoMTFsZEJJX190aFNnSlJoSzFUSHo0TmZzVG9JQWtGX2VGUV9MZTBlOGpmaEVKYWxZUnlTRjN4TXRxLVQtdkRUaFh5aHN4Q0E2bHF0am12S2hxVHpDd205RmJ4eUVCY2sxVDNUV0k2dXRPMi1XVm5taWNzTS1VejJ3SFU1bG8yWWdudw?oc=5,Teknosa,2026-10-07T08:21:55.564991+00:00
2026-09-14T07:00:00+00:00,Rakipler,Teknosa’da yönetim kurulu değişikliği: Ebru Sayılan Nebol atandı,Investing.com Türkiye,https://news.google.com/rss/articles/CBMiugFBVV95cUxPXzFYbVlnQVEyWnVIT2M2UDFuUTVSUzZlR3FqczZfMDdtSlhmYzM1YjF6NUk5bWM4cHBIYW5tTXBVY3VGcmdTUEhSZVFVYUp4UHozdHllUjhGWGw0UVZ4cXYxM2RDM3FfR2dLTXNJam5pdGJVR3NoYUxYRHlwUVFqc2FwOXN2cXNVVTQ2OG9mczZuR01lX2ozYzBIby02Nm9NdFAyMnE1MjlTLUpfM3BHU2NmcC13N0RGSGc?oc=5,Teknosa,2026-10-07T08:21:55.564991+00:00
2026-09-13T08:35:59+00:00,Bankacılık,Bankalarda mevduat faiz oranları geriledi: 2 milyon TL'nin 32 günlük getirisi ne kadar oldu?,Ekonomim,https://news.google.com/rss/articles/CBMi4gFBVV95cUxNaHVUa1hnWHQ3R3FBQnZZSTVpZm1BQkVoX2EyYmxSaDZ1SVdmOEJlLXB6R1JHUUtXcS0tZFlTMlNtcWN6TkhQTHI5enRsY1hGQmVkRjdSSnpkMW9yc2E0aDd5M2RSMmtiOHIzU3F1NGh1ZF9nc2QtQkREVXozejRvaHFxWWFTX0lHZU5lMlFRSHhQTUljdnNtNEwzc1htRXhqamY5Yi1QY2F3VjE0eWU1SXBWekhXMkV6TmxUblFpQlMxdnVMVHd3TTZ2dVUtRTVkYndTdWxKMDBSbG5yeUZQLWV30gHnAUFVX3lxTE9xT0E2ZDhaQ1VPdHZLMjh1T0J4YVk1Q09wQ2dIeXpwOG9uUU9Tb2k1U0Fna0ZUUTM3SnR3ZHBoUlBzWllPVkpkOVQ5bTd5U2c0RE5hYUZTQ2hYdVl2QzVQaHBHVnpjekpPREVyRFJaY0paVEl5ekxtRXRrWDRhbjFhLVo5Wm1TNkNJVFRaNnBVVTBSbU9VTmsxMnU3RG5VemdGeFNDZlVTVWxOVVhFTHc4NDRMSGdjQXVYTmNfQjF1cFhEbGFUVXVVTEs0MC10ZmZQUmJveUExWGxITnFyVVI4R1c4UVQ0NA?oc=5,mevduat faizi,2026-10-07T08:14:54.784617+00:00
2026-09-13T07:00:00+00:00,Kredi & Faiz,Faizlerde denge arayışı,Bigpara,https://news.google.com/rss/articles/CBMimwFBVV95cUxQU0hkZlRuN0Q2WTJaVWt1MGNlU096ZGxyTWNSell2VDg3SzVtelFUQUFTWjl5TXZTcmhIeVVKOG1Id2JacEhIS2lBOEJGbk9MRlc5MldETDZyX1hTWWJ3MlZDX3o4SnRWZDBWQ1Y5c1JtVV9USERsekRSX29Va1haQWh5VTdBNTlBUEJDN3NmM1g2cjg1dE9sYWJYUQ?oc=5,kredi faizi,2026-10-07T08:14:54.784617+00:00
2026-09-13T07:00:00+00:00,Kartlar & Ödeme,Araba gibi iPhone kiralama dönemi başlıyor: 24 ay taksit yapılacak,Sözcü,https://news.google.com/rss/articles/CBMilAFBVV95cUxNZkxlYnBWbGU0UUdRVXNGV0pUdnZWUjFNNFE2SlpwTTA1NTRlN3VHb3BVNWZLMHBFS2tyMHQ2NHJySUJ0WTJYRVZ3UVloM2E0MkRvb09ER1A1YTRoUmQ4YnpHdGN5VzZ0ZlpDZlRNaGNLUXM2a2ZOeWFHWk15S1h4SzRjN3FheU9HN2Z6bkZTeVBaQm5j?oc=5,taksit,2026-10-07T08:14:54.784617+00:00
2026-09-13T07:00:00+00:00,E-ticaret,Horoz Lojistik’ten E-Ticaretin Geleceğine Çerkezköy’de Dev Yatırım,Tekirdağ Kent Haber,https://news.google.com/rss/articles/CBMirwFBVV95cUxQdHR2R3ZQMEhVazZLZlBPelduNkZvQlRENFEtT2xuVGFHUkE5bjJKM2F6ZTlaeHpvd2ZCejZTUmNIY0VtVTlxSWI2ZDZxX1NqT2dObzR6eXQ3T3h0RUx5ZXczZXRUazhsWC15c0dBbDdMTS1yQVJyMGJnMzFfcktHaTI5cGd3OW01Zmo2dlJjdTN3SUFOMjNxeEZwMEgxVzZ2RkFjYS1nenVsUFB5bVg4?oc=5,e-ticaret,2026-10-07T08:14:54.784617+00:00
2026-09-12T11:04:05+00:00,Perakende,Yüksekova’da kırtasiye esnafından zincir market tepkisi: “Esnaf neredeyse saf dışı ediliyor”,GazeteKalem,https://news.google.com/rss/articles/CBMitwFBVV95cUxPbFFha3ZZS2QwcEVhdDJyYWVOWlpFX25VZ0FZXzdGZXJ5N0hwQTU2bHduZEpFTFpDdW1uT1J3bFcza0h0SnljcC1xT1NHWWhFbnhsWllKQ1hGRlNkdk5ibE9NYml3aFB0WGxqdmJ6R2oycW1fVGtzSVRXNlQ4UW9vVnI2WXpBcW0xSWo2U1VObFoybWR5djEwQ19abGxRb2FlM2xwOFNwVU1JcndpMnFsVDZtOE5uN0E?oc=5,zincir market,2026-10-07T08:14:54.784617+00:00
2026-09-12T07:00:00+00:00,Bankacılık,"Mevduat faizinde yeni dönem: 100 bin, 500 bin ve 1 milyon TL'nin getirisi",CNN Türk Finans,https://news.google.com/rss/articles/CBMi8AFBVV95cUxQc3RRc29Bc29zOWo2Mk85Ym9JSXotWFQ4UTF4ay1NdkQtZ2ZaeGpLWVFuTWZ6ME5GSzFMSzVKblRqSzZ3dkVOQmRUcGR1T1VnYVBsMkRvdjNITEtNNnBzU0lPelNqSHZOdWsyeTJoaHlhYVVtQmZGRFV5VmFxbUU5SGFyTkNyOXJ6Vko2X0Q5NFJSby1TeC10N0tfMDNrNU5DZ2NncUNnT3pGNmpQVERjdE81cEF1OWZ1b0J6OEszN0V3LVZZR1U1X0NEZXNodkxhcGd4cnlvSnlNZ3lWSjN5WEhpYktOcVhGd21lT3ZlbEM?oc=5,mevduat faizi,2026-10-07T08:14:54.784617+00:00
2026-09-12T07:00:00+00:00,Kredi & Faiz,ECB'nin faiz artışı konut kredisi kullananları nasıl etkileyecek?,Euronews.com,https://news.google.com/rss/articles/CBMinwFBVV95cUxNSEZyTkFqZlVxeGhxa05LR0IzNmhGWWViRlRtMkdGdzR0cFJoNC1HdmNpTzhPNEkyaXJucDRvOWZ6NUhyRmJFcVVvVWpxQy1DZVNEdk1QUWY5YkloVE11TzVXUzY4Y2ktX3hVaUZEVUlPX3hTMWtxSzBOUGJFYlVOcXBIekxSUkFsbklvWk91NjktckhHd3ExbWt6QjNrWW8?oc=5,kredi faizi,2026-10-07T08:14:54.784617+00:00
2026-09-12T07:00:00+00:00,Kartlar & Ödeme,Kredi Kartı Limitleri Düşecek mi? BDDK'dan Yanıt Geldi,Onedio,https://news.google.com/rss/articles/CBMilgFBVV95cUxNQ2xZNlMwdkp4b2lvT0dYSVhrRXRhS0JXMDBhV0cyY2xGbFJyMmt0MHMwZ3JrSVBGYXJzT1hjNnhoYlRoQ3YxMHQ5SVhOeG85LXlxUDE2ei13NGpTNFFwajRnQzBITlQ2dXlZRzJpS3RzSnlweWxsWUNqVnNNU2lBOEFfMmRaaFFGelQ3aWYxbXI3bV91UEE?oc=5,kredi kartı,2026-10-07T08:14:54.784617+00:00
2026-09-12T07:00:00+00:00,Piyasa Göstergeleri,"TÜİK: Ticaret satış hacmi yıllık yüzde 0,6 azaldı, perakende satış hacmi yıllık yüzde 10,4 arttı",Anka Haber,https://news.google.com/rss/articles/CBMiywFBVV95cUxOcl8ySnd1RGFpNEI5NGw2c05PYlN4YUIwc0tNeFU5V3AyX3FlaERwNFROLUFXRkJkNE9RcDFYX2E2QWlLS2dUWG84WFZDUXZPanBnM0U0ekw4b2ZZY1UwS0NHNWVMdGhldGRHOWRIYnRZY0F6RmwxYXoyLWJBaER6UVQ3Q3R3SjIxMnBPdWJoR2xKcXdEdEZoTlBQNkpoZFJvU2RlTm5HV0ptRENzNkhUTnk1ak9hM1ZuaVB5NmFDSDdQS1JEMzZpeVYtTQ?oc=5,perakende satışlar TÜİK,2026-10-07T08:14:54.784617+00:00
2026-09-12T07:00:00+00:00,Kartlar & Ödeme,Kredi kartınızı bu 23 masraf şişiriyor! Taksit ve vade farkına dikkat... - Ekonomi Haberleri | Video,CNN Türk,https://news.google.com/rss/articles/CBMitAFBVV95cUxNaDdCcTlGZzhKdTdOU290OE5iUEhfNXpWV1RVa3lvRk9wS1JXbTdNaERVRnFIMWl3WFNlazJwMjl6Mm9OeVNES2NZMHo3ZU5MMHAyRlJjVG1abXRaRG94dlJvXzltYmtCd09nNHRJVzg5aUFDcXRNclU5WkhoM1FLQ0ctclBDS05rQy0tejIyUVVCOGw5MDZmeU12UEVRcGlJbUNIbnlZWGlxQXRQNzI0dXZsNEQ?oc=5,taksit,2026-10-07T08:14:54.784617+00:00
2026-09-12T07:00:00+00:00,Kartlar & Ödeme,Kredi kartı borçlularına uzmanından “asgari ödeme” uyarısı,birgun.net,https://news.google.com/rss/articles/CBMilwFBVV95cUxOVWVid0hLaEVsVnRnc29UVjctckdYMmxjTDhfaHJBSmt1TmZ4ZVRzdktvQmdydjg0eDJnTjNUU2NBU2duOTdhVUwweGphcVNpOTFNX1NkRU1SVEYxVDVaYUJ0OGVCWXFYdUlnb0MwMmczWmV3QmhHY2tUODQtZElDelZqUXEzdWVzOXd6TlRIdk1LaEZUaTRz?oc=5,kredi kartı,2026-10-07T08:14:54.784617+00:00
2026-09-12T07:00:00+00:00,Bankacılık,Bankada parası olanlar dikkat! Mevduat faizi dibi gördü,Posta,https://news.google.com/rss/articles/CBMimgFBVV95cUxQSUdTUUhFc3M0S0F3YkdNVTFsSWdJblVFZzRCal9Fblg2V2FEUkc5QWRMOGRibDlPMnpBMXJ6bzVTak1TNW51emo3ek5yQ0hMMWpEcUM2M2VkLUtYLWY3VHNoWkhaTHUwWEpQLU1DMkRGWWVESm9UYUswTW9RLVgzN1ZBYWl1VmY0SkhTTDBMNF9yZ2V4R3VITkVR?oc=5,mevduat faizi,2026-10-07T08:14:54.784617+00:00
2026-09-12T07:00:00+00:00,Piyasa Göstergeleri,"12 Eylül 2026 Dolar Bugün Kaç TL? Serbest Piyasa Dolar Kuru - Dolar/TL Günlük Yatay Seyir, Haftalık Yükseliş",Mynet Finans,https://news.google.com/rss/articles/CBMi6wFBVV95cUxPSGlvM1hyay1tYUtxM1hzbzZJaVh1VUZGUnNMaUx3U3FubGlRZmlGZ0ZOenJOZEtJWno1cG10LVZ6SFJRSlV0eXVqblUwa1h2bjFTVXNBc0pkUnlYUmpKVkpWSmkxNWI0bzBzUVdmbmZUQ3d2d2g4cHBBMTJvdEQwcU9rbXNaaHcxQ1VWMTQwZFRId0RtRlNDM1REd0IwOUplb1dwSi1Ja1VZNzFsNXU0WWFkem5lOFV2ZjlrQzUxd1VWdGpPTEpMNmVXM0hhOGhlOWUzRVNXNUFFR1VXWTNyRVpmeWxqa3NwTzZN?oc=5,dolar kuru,2026-10-07T08:14:54.784617+00:00
2026-09-12T07:00:00+00:00,Bankacılık,Bankada parası olanlar dikkat! Mevduat faizlerinde sert düşüş,Uzmanpara,https://news.google.com/rss/articles/CBMisgFBVV95cUxQZllHU1pyTDlDLTNzT2F3UjhSYzdtYWNKeWJPeHZkcExGU3lNQlBxNFpaeUlKNm1QRjdaZTc4LXBmeFdMOGZnVjlmV1h6U3dQWHprLWtLOWxWcXNOclBSbmpZSk1EQkROd195RTBzdmVoMXBGODFqVTFDSG1UZi1GTl95QUhYTEFGQlFMMlVVck5qU3RsRmw0NXdnMkY2OGlsTmVrXzQ1T0RwMkFNTXhXWVJn?oc=5,mevduat faizi,2026-10-07T08:14:54.784617+00:00
2026-09-12T06:14:07+00:00,Perakende,Erzincan TSOda gıda sektörünün sorunları ve beklentileri ele alındı,Medya Gazete,https://news.google.com/rss/articles/CBMirgFBVV95cUxQRXhldHU0UnAzeHpIVjcwaUlZY1pzOTZUeXVNQWpHc0ZDanBHVVg3S0dUUEMxMTdibXBWdWRSSnJSdkNaRzlJZ2VHU1AycDVDWUZNLTBOYkhJdnpCZTB3M01uNjZSb29tZFRkZ3dIdkRtc3ZDNlZJd09LbVNLV2Vmd0gxSnd4MmtsYlVBQkZoYWhVajZRTlgyN3gwRVY4WFJaUkJnNHd1Y0F3VV9vaWc?oc=5,perakende sektörü,2026-10-07T08:14:54.784617+00:00
2026-09-11T09:09:35+00:00,Bankacılık,Atilla Yeşilada: Mevduat faizi altından daha fazla kazandırabilir,Para Analiz,https://news.google.com/rss/articles/CBMiogFBVV95cUxPeklaWHNNOEluRUpaSng0U2RsUkRHbTNPMUVIVzA4bHRpNE9FalFRTHRkYmI0OG5lZ293R1dEWmFHeElpQW03R0hOUE1CbjliVjJ6cHF5Y1lWdUxsdVFCT21WbTFnR2c0R0ZtOXpHMl84RXpjcm5WSlZqd1RXbnFqWXAzYUR0eU9NVEZUdGhrTVhnRDExZ3lIVHNNa0VCM05pa3c?oc=5,mevduat faizi,2026-10-07T08:14:54.784617+00:00
2026-09-11T08:46:31+00:00,Perakende,"""İşverene Denetim Yok, İşçiye Zulüm Var""",Cumhuriyet Halk Partisi,https://news.google.com/rss/articles/CBMirgFBVV95cUxPOEI0cG9oSk9IM21XbmVFLXgtVjdnazY5ZmZLUjg1Yk5CS3RYeFFnSE9Zdzk5X1c3MkoycTc0U1Q3ZTVnNHNtRkxpYmJFa3BVd1FhR2wxNVdzVURNZ1pwdE9sbDBiNG0yLXRlUmFvcnhPMzdfdjZLQjlwM0k3d184ZkREdHM4RmZ1YkRxWjBQeHdrUmtJVkdQUXhmcmZjVmZ3WWM0VE9nLUpVZm5zTHc?oc=5,zincir market,2026-10-07T08:14:54.784617+00:00
2026-09-11T07:00:00+00:00,Piyasa Göstergeleri,ABD'de tüketici güveni petrol fiyatlarının gölgesinde üst üste ikinci kez geriledi,Ekonomim,https://news.google.com/rss/articles/CBMiqAFBVV95cUxNSlJZWE1RTWRXdWl5OVM5bENhLU5FekxQSi1FTDlvSkJodVFGV1F2QlJHUDNuNkhpTXItcjd1dHVINEk0VnMtek8tN1pKM3JoN0JNZlFNN2ZBSFRQNVFvTXRZamJuZGdTVzdhOUZQck44SXpyRHJ0QUZmQURhZ2RqTU9PZ0xRaVlHeWxHZzFGYVBGOXZpOWg0ck55YXB3QldSRWtUNHdxNVrSAa4BQVVfeXFMTzJuY3loSkhROTdtblp1YlJ1QThWWTJqaVgzVmQ3aW53c3d1MTFXU1hDMW11akxjeGxYQ0tQc0MwUjJ4QXowRDYyTEJyS0djQVdwTU9FY29BOHdxbTZPMVJIcFAwTkNoT0Y1eV9nVUZSMWJNZE1tbE5DQnNmS3lQOWM5eU1uc3RJTUU4dVhLcHk1NmJzbXR0bldyVTN0dXFnOGJpMXQwZ2p1bDkxRGhn?oc=5,tüketici güven endeksi,2026-10-07T08:14:54.784617+00:00
2026-09-11T07:00:00+00:00,Piyasa Göstergeleri,"TÜİK açıkladı: Ticaret satış hacmi temmuzda yüzde 0,6 geriledi",Cumhuriyet,https://news.google.com/rss/articles/CBMiqwFBVV95cUxOS1NwN0RxMXgxZjE4NGhpYkh6MXBYRHVua0lpbHdXRjN1cTZhdFFOWFJCNVNDcjBVQktKYjFVYk9HNExEeWtLbDdUd3h5RkdNMjZIYXA2NHgyeVI0Q0lCTFFaZ0hkTDN5U28zUldjc2F6blN3YkFpSUJCMlp1aXBnWkM1b0Q1c05obHQ2cVNTcXV6aE5YQUpoQmhNX1JCdmMzYkFTbkVNcHVRbHc?oc=5,perakende satışlar TÜİK,2026-10-07T08:14:54.784617+00:00
2026-09-11T07:00:00+00:00,Kredi & Faiz,TCMB'nin örtülü faiz indirimi piyasayı hareketlendirdi: Kredi faizleri düşüşe geçti,Memurlar.Net,https://news.google.com/rss/articles/CBMixAFBVV95cUxOeEpCam95RnFUaVdXU1VCdk8tM3M4Wlh4Z01ySXo0cjk4REJpYWZMVndZN0ttXy13Um1uQ2RDT3NOdEZOSWNxT0x5cE5TclJxMVdSeFFPbE5Ta2d6RTcxRmJEVFMyNVR5Y3hadmNBbTVpR04wNUdJbnN3MDZ2c0U3WFBhWXNaNjRDX0RIWkZadzhBelVFdEkwR2VWNFU3a0l3d2JUZnBFYVJhVF9DeDdfck1uaGIyQUpMTk1aUjYteHlLVTF00gHMAUFVX3lxTE1lWU1DcTRaYzF1Yms0SThOeWQ1UFVubENZVUJYR0tNTGVIemtMT2d5UFlUZUFDMTBMTERrbjQ5UENzRTRERjhvMUNPOURDTlRnVjJqTHVsR0JKbFVMN2lhWFdzRHRzTUk2aVlud3ZrNXpER0p6RVhidHJiQ21UcWJNdDNHYlJfUkhCb0twNjJBSVFSV1hlelB0NWMyR3g1WE5ZXzVZMlVqXzd2QWJDVU9pQjZNbnFFaWFXS2ZSVHh3QkJ0YTcyajFiekdESw?oc=5,kredi faizi,2026-10-07T08:14:54.784617+00:00
2026-09-11T07:00:00+00:00,E-ticaret,OVP ile ihracatta yeni rota: Dijitalleşme ve e-ticaret öne çıkacak,Dünya Gazetesi,https://news.google.com/rss/articles/CBMirgFBVV95cUxQZTF0QTdkQ05IeE9nc016dEpvejVDTWVTN2tRTFFLaDNvX2RYVk1JbEcxemFGZzZKeE1uUnphc2FzVWMzQ281OFdudk5lZnZ6X00xM25GaTNvZUZOTnM2YjlsVWtLakxUc0RRNTRLSGhpeHo5UFNYRFVyOEJ4b1h1cUFXODRVSmdWRWNiLXc2eHFqVGExR2djZ29vcU9sa0pQOUJ4SmdnbmtUTW45RkE?oc=5,e-ticaret,2026-10-07T08:14:54.784617+00:00
2026-09-11T07:00:00+00:00,Perakende,"Ticarette satışlar geriledi, perakende yükseldi",Dünya Gazetesi,https://news.google.com/rss/articles/CBMilAFBVV95cUxNd3hfa3dsMEVnZ0NhWXJDdHNNVTlXVGZLbThVN1VhaUtNTVRkUUh3XzB2MGw5dmlHa21SZ0pycHJDQ0NGbW1NSzJXTmJ3d3lXM25TbE1Za29rbXBKekZWZ0N4bS1yV0h4YjJiLWNvTDJqRlhqYWhEOHNsWXoxWFZkeWV4MXBWVzBvNDJXVDRQSHAxa3Qx?oc=5,perakende satışlar,2026-10-07T08:14:54.784617+00:00
2026-09-11T07:00:00+00:00,Perakende,CHP'li Deniz Demir zincir market çalışanlarının koşullarını Meclis’e taşıdı,Haber Ege,https://news.google.com/rss/articles/CBMivAFBVV95cUxOcV9aLVJzNDBNSmpNZ1lxYURqWHlOd0UyaU1HYm01VTBPdF83RFA4enZGdDBZS3oxWUg0V2JvSHY1UXJfeUZLQnFtcFgtWHV4LTNxMFdORGlNV3BpTDNvWEVzOFd1OEcwSGE4cFhISGljOVlJYjM0NWF0Y2lLbW1CSW9KaDhhZ2JTa05QaGRLeHNuUzFvVGJPaF9XTUVNZWtpUVRLYVd0YUd2U1E1bkJLRGFSYU83VFNiWmhYbA?oc=5,zincir market,2026-10-07T08:14:54.784617+00:00
2026-09-11T07:00:00+00:00,Kredi & Faiz,"EYLÜL AYI FAİZ KARARI SON DAKİKA! TCMB Merkez Bankası faiz kararı ne oldu? Faiz sabit mi kaldı, düştü mü?",Uzmanpara,https://news.google.com/rss/articles/CBMi6AFBVV95cUxNVnpjR0gwTEtFNjRXa3BxNjNSNU1HM044TWFWQ1dDbzFXbHphY3BDTkxjS1lVaDVWeTZwQkt5UUl2Vnd5ckt0SHB2RGJnNkVEZXV0UHpMY25XTVFMNG1QVktESjlncGlIZnJMc0ZWaUhKZi0wcE1UOTBKemtlQ1hDTV9JRjhCVmFmZ2pnRk1RTlpUVlA1OUpoS0JQY05XRnN1a1ZVdVRqYWhFMkUyckVIN1JLZmd1S2VxTFV0bFdBdGFTak5fS0s5RXc0UzJ1eUhudE1qMjl2XzVfTjJaNjNDQW1sazVoSS1H?oc=5,TCMB faiz kararı,2026-10-07T08:14:54.784617+00:00
2026-09-11T07:00:00+00:00,Kredi & Faiz,Kredi çekecekler dikkat: Faiz oranları güncellendi,birgun.net,https://news.google.com/rss/articles/CBMijgFBVV95cUxOSFFMaW50TnVIN1pYeG41emFnOWVHUWxqYzBNMkhuVFlseW91SHp1Ujl2MXlYLU5KM29meHN1MXJtWU9PNkJwYWtQYmwyS2hCLXNHSW5vaDBRSkxJX1FIZjl6YmdTYnZORFdCeDVXb2lOTmNmWUVDNEptWHpFb1QtUTVrRjdfZWk2MFN3eFZR?oc=5,kredi faizi,2026-10-07T08:14:54.784617+00:00
2026-09-11T07:00:00+00:00,Perakende,"Perakende satışlarda güçlü artış: Temmuzda yüzde 10,4 yükseldi",CNBC-e,https://news.google.com/rss/articles/CBMingFBVV95cUxNbERwN0Zla080cEVnOEJyRWdFX2xGTEFwaUpxcEhvTkd1YWtyUkdxaHREczBJM1BMUURuZDdxMUw2QnRvWndrMkYzTjJRNkVRZnFlbk1yd0lhcmVVRFlPdzh4QWZZc0NyWWZPSVdobUVyMzRwYU5kT3l4M0p2X19Gc1NVbjVEZ0pOQTNGZERpTWhxQzNmS3lnSDhkc1RvZw?oc=5,perakende satışlar,2026-10-07T08:14:54.784617+00:00
2026-09-11T07:00:00+00:00,Piyasa Göstergeleri,"Ticarette satışlar geriledi, perakendede artış sürdü: TÜİK temmuz verilerini açıkladı",https://www.babaocagi.com/,https://news.google.com/rss/articles/CBMisgFBVV95cUxORUp0VzRJaGt5Wlhza3k0RHJlWmhwZUpjTG5lR2Q2N2ljeDlibS0zSmN0TEtVZXRLeG54bnU1TUtFOWVGV1dac2J5N3BtQngzdUNfc0haeEhRQzZuTVZyaXU3akhwVTV0ZWxKZ3Z5MXk4TTBOeTBtOFlJV1NXcnY2N3JIMXAwY0E4WUszb3d1S1NFTkg5bkJyWkdCUmpOYVFDaVZCTEhNZG9IRGxlZHJCUFln?oc=5,perakende satışlar TÜİK,2026-10-07T08:14:54.784617+00:00
2026-09-11T07:00:00+00:00,Piyasa Göstergeleri,"TÜİK açıkladı: Ticarette satışlar geriledi, perakende yükseldi",İş'te Mersin,https://news.google.com/rss/articles/CBMipAFBVV95cUxPdEx0UVZRRDdoRzZpaEZvWG1sUHdhemxIOWJmTWh0MkMwSFloWmhzdW54VUlzV3R0NHhaSkNOUENKZ1JQVnpOY1NwYUkxMkdpUjdpblFvdGJOZGVvbTdHYU1oOERIR1lFOG9VSmozb3o1a2hGT0JuMC1UNk9xTk44ZDRIT0cwal9GQkJCRDB5bGJueXZqWDFVTGplMkc5a09EOHlfTtIBqgFBVV95cUxNeDZxY0NpREY0V3NZaG9XclFGMGxEdkJSSUFScFR6b0UyMTdmcXlodjBYVTNuNGlUcTVOT2VUUmNoLWd4QVdCc2hLaUdHSG5JR1pHQl9pekNxcnNyTFJYWFlKWk4yVGk2QnBvWVNmSFp5M0VEQ1p4bVdyWkxGRlB5Q2NxYmdCREpiNkh1bHZiUVZYd1l0N0U5T3k0UzVJZUU2ZmEydEJDdDZHdw?oc=5,perakende satışlar TÜİK,2026-10-07T08:14:54.784617+00:00
2026-09-11T07:00:00+00:00,Kredi & Faiz,"Mavduat faizleri düştü, borç faizi yükseldi",Halk TV,https://news.google.com/rss/articles/CBMiiAFBVV95cUxQOTdJcUJYRng0cXlraWN0eGFoMzlGZm5wRW5jYmd0X2hreEtPNWpId2xDcHBMVEN4TWx1MEpzNF9MZHg3OEllWEsydVo2QXBzcVRraGkzVXZ0M2twS0ZhcVdfN1E0ZzdydlRGMTNNVnZFbFhCLXVsdDFuV1FxYzMxa1dIOHl0dW94?oc=5,kredi faizi,2026-10-07T08:14:54.784617+00:00
2026-09-11T07:00:00+00:00,Perakende,CHP'li Deniz Demir zincir market çalışanlarının koşullarını Meclis’e taşıdı,Aksaray Olay Haber,https://news.google.com/rss/articles/CBMiuAFBVV95cUxPckZCQUZFclBrbGlhWkRuZjczX0tFdjc4WEViZVFLLXdyb2JhS0RCM1JmNDhLbFhNWGtXZVZlU3pHX3VMbjV4TWpTS3pySlI1QUdpQjdNV1FaWGNKODVXMzlEclpOaGowTWxwVDZwcFV2Nl9lY015bmtlOV83dkxTdnRYVnBJN24xdkRNRHRjcnRna2o4elhiZWtMem9oLXdNeExFM194SlIwOTVWSkRuZmYybkhHdzE40gG-AUFVX3lxTE81SDFmTjNWM0ZrQmd3Sm02cERSbXU4RmlvUElUdlpPMEcwRlpLVFlkalB1dDVzYlY1YlJvSVdwZnFIWGNwb09JM2d1MWJ5M0Z0amtzMEp2S0xXUEZrLTBLSUZCTGJDUHJUay1GZzZpdVVpQUtqSWJCUThKWlJ2enplTUlBY0MwbUpWSTU0eE9vYmx2Q04yakZ3WVN0bmc0NzhhbEVCNnFsRW1CQkNNSzVyV3JNYXR5dWtEZ25Xb0E?oc=5,zincir market,2026-10-07T08:14:54.784617+00:00
2026-09-11T07:00:00+00:00,Perakende,Perakende satışlarda bir yılın en düşük aylık artışı,Paratic Haber,https://news.google.com/rss/articles/CBMifkFVX3lxTE9saEVldjdJcldpTFVRc1ZJYmJSZEZNOXUyNWRLVFI1cDZVU0JDM1VtZmFsZGtlbE10cFQzTmNPa2NJQ2c5ZzFBbEVVVjljd3lQU0JjVGtDRDlPblVMaTNUaHFLRXIySmJiLXA1MXhCbEIzd2Y3ejJ4Z0tDOHEyZw?oc=5,perakende satışlar,2026-10-07T08:14:54.784617+00:00
2026-09-11T07:00:00+00:00,Perakende,"Perakende satışlar temmuzda yüzde 10,4 arttı",Ekonomim,https://news.google.com/rss/articles/CBMilAFBVV95cUxQVkVsSDNTSkNvQ0RVNXdnWllTOWFETG9KZjFreXFOSUJuZ3ZtMkpOTVVBVzZzT0JsdTdaMFpyMEtDa2ZobnpTU1hiVmRDYzJUQVItSmdMQTF6NEYzdDVxQm9OdXZmcVNERFJJYko3RFJMbFp3MDIxWHVpR19FRmcySXdhSUdtdTREU1kxZkgtLURkSFNm0gGaAUFVX3lxTFBLb1NCNjlDMGFoWWd5NWItakpDRUJwd2hLTHVUOG1IaVZqQzRlVGhxM0hlc3l1R09tdGpjNFByRDVna2VHMU9pSHNPc3lhSEpCZWpQeldCMXJPenVUVWJXOGZWbW5yTDFudGhFZDlvc0VjX0d5cVBtVWl3RlItXzhwS3dWZVJ0ajRXcUlNdV9nMjNTZGRydWV2WHc?oc=5,perakende satışlar,2026-10-07T08:14:54.784617+00:00
2026-09-11T07:00:00+00:00,Rakipler,TEKNOSA IC VE DI - KAP Haberleri - 2026-09-11 tarihli,Bloomberght,https://news.google.com/rss/articles/CBMif0FVX3lxTE1zOUFRTW5qczZxZWhTQWdIamR1clE5WnJMd25mQzB2UzU2OFhsS1h0dHJGLUpiUGxkSzV3ckhDbEd1ZGNKRm9mRzdObnFfTGVYRHlFWEdab0hyMjV6My0wYVRCVndwdXp5LVFDTGwzdVBQZmxDTFZaTEhaemhrUk0?oc=5,Teknosa,2026-10-07T08:14:54.784617+00:00
2026-09-11T07:00:00+00:00,Bankacılık,MEVDUAT FAİZLERİ SON DAKİKA! Bankada parası olanlar için ters rüzgar! İşte 1 milyon TL’nin aylık kazancı,Sabah,https://news.google.com/rss/articles/CBMi4AFBVV95cUxNTGhhUGlzWnRValhjYlFJUkhKTGJXbzNfc0pQdWEwT0tQVkNSUlJfWTlrOXpwU2dPMzNLcDlPTXlkZmh0MnY2VlhCMFoyaUZzTTVQR1NIMWdiMlVXekpPUEk1bkxydnh1bm9SMzJsdE0yXy1QdjMwOWpId1p6VExBeWc2MEZmMWIwQXUtNUpQYVhwa05uX1dvYjNjbmRyd0ZrSnhiYm1rZU4xdkJ6ZDVadDI5S0NBWmNuZTY0Q28yVG9Ga1JMb0otZlUxN3Z2VFVETmVWSmtKOE1uQzRiV1FyUNIB4wFBVV95cUxPM1RicmZEdkYtekhrWmNkd1FfcVhDc0VyY2R2X2ZyMmJHMUhJRzhQM2p2SXJ0b0RrSXRwSndsQlVfVHlsbU1NbFpsWmFXQk1LUVY3WEZXRmw3OEY5ZTVwZmhwREdWQmg2MENOTU40MjZQQXliTHZlLVc4bXFDRE1aWlZsOUh2MVMwaFR3NWVxYkZRQzRpd2hQekoyUWR2YXZ2d0lNbEExaTZiQ2s2bVlMb3h6T01Memw2TEJJdWNkdWdCU2UyWWY2bHBnUzVRU05EZTB0WTRLNlQtbzZ0bU5Hc29aNA?oc=5,mevduat faizi,2026-10-07T08:14:54.784617+00:00
2026-09-11T07:00:00+00:00,E-ticaret,Online market alışveriş yapanlar dikkat! 'Son tüketim' oyunu,Medyabar,https://news.google.com/rss/articles/CBMimAFBVV95cUxQYVk2YTloT3JIUGFOaVNjUnN5cEdjZHRWZFBhUHhoR1lnb2FxY0JiLVpMNTkzenJjdUhDeTR6eE9SSVdkS0FEVWNzUW9BSDJxa1BBS3dwOEtidWhJYjY4T1otcXF5cTR1V2l4QTdRU2ZZZ09CZFpXQmcwZDh4blgtREoyd0t6SmI3ZUlNcVFqYlNVTGtjNXNmMdIBngFBVV95cUxOMU56bkd1cmpIQ0ZiSm51SXdwdnEyeHRtYzV6NkluTzZTZzJxbmltLUVWb203QmZQQjk0cG01TU1VYkt4cUNLSDZOdHBKYkVxc05qMkx6anExYklkM3kwNENGNGJOLXN6ZDk2SWNxYjVHQnBwMWdfR1EyNHF0YUhrczZ2V2RuMlJmdWM2QW5jb2NRaXJTLVVBVzJrT2VJdw?oc=5,online alışveriş,2026-10-07T08:14:54.784617+00:00
2026-09-11T07:00:00+00:00,Bankacılık,Mevduat faizi son 3 yılın en düşük seviyesinde,Ekonomi Ankara,https://news.google.com/rss/articles/CBMiigFBVV95cUxPY0Itclhnanp5T1l2bGViUVZINmw2SnhPUWhvenQtMGZ3TGJGdFBlUk1QQ09FY0tKZGJBbUt1ZGY2UHRYT19objY5Wl9EODc5Yk1rWkdzZEJJSTFvU2ZzdWd4blpOX3AxLW41cXpuTUFEYnpZMzdtV2t1UFhLYmx3S2pHbWhySDRnM3c?oc=5,mevduat faizi,2026-10-07T08:14:54.784617+00:00
2026-09-11T07:00:00+00:00,Kartlar & Ödeme,Kredi kartı limitlerinde yeni dönem iddiası! BDDK’dan açıklama - Finans haberlerinin doğru adresi - Mynet Finans Haber,Mynet Finans,https://news.google.com/rss/articles/CBMitwFBVV95cUxNbk1KZmtVM0tJeWhYQ2F6eTJMemVHR01zZFRTcFFYMXk2cWc4OGx1YnY1dEtFY3hPTmdCUTdlVU5aWDBLOTJTZTBjaWR4WkJFSmJaZ1c2c0RWOTl5eElobjVvamt5b0RwbmFFbS1xYl9qNGNCeU93b1AtQUJQZGtUaW1nQmNuclRRbDFsb2F0MDZUcmJVLVRQN2kzRWE5QzlxdEVGM3k1Rl9yVmwyTlNNQXluR0RtdlHSAaYBQVVfeXFMTzFVazZLYS1QZ2FxS0xaZUF5RFVOLTJmdHo2Z0lBajgwQ0dlNVZFM2g1d0FvZWtBbEtCSHoxeDdwSklld09tVVZkbHBvS0l3bDZ0bTF3YnNLdmwzeEJMaWNHYlkxR2lnaDJyZUpySzZKempSV1lZWlNiMVIyLXhhcFN3eTJzRUdrQUhidEd6NFlyckJQSklLcnJ4QXFVeXBlU2IyUlRCdw?oc=5,kredi kartı,2026-10-07T08:14:54.784617+00:00
2026-09-11T07:00:00+00:00,E-ticaret,"Sanal marketlerde ""son tüketim"" tartışması; tarihi yaklaşan ürünler online siparişlerle mi eritiliyor?",T24,https://news.google.com/rss/articles/CBMizgFBVV95cUxOTlpCSVhJa29JdFdQaVJOZ3FMRFBDRE1MbTVQV2hsdUZJUWNCWjBZdTVRZm54Y1o5dDlFbVFLdDB4a0x3MHU5TElCUV9tMkoxMTVldk5FR3h3S1FGOEQ3WnZVODMzblVxeGowSkNWWmVsamFLVDVOVHRJT3ZNY2N4eFhvcDM3VW15TEZBWkIzVVdaNlM4X1lWQlVmQVZGWnZRQjFYSG5PM3Y0YWVyZ0NYMERYV2h1Mk5xWFBJMDYtZG9leEt6UGduNUg5NFdwdw?oc=5,online alışveriş,2026-10-07T08:14:54.784617+00:00
2026-09-11T07:00:00+00:00,Bankacılık,"TCMB Verileri Geldi: Mevduat Faizi Geriledi, Kredi Faizleri Yeniden Yükselişte",Para Analiz,https://news.google.com/rss/articles/CBMisgFBVV95cUxNSXNmQU82VEJsa3lKamRmZG54a3JZNEtUTHA1MmNMU0R5Y00tam93TXpGSFE1dkk4YjJpekhCa1loNFNFR2RsX0cyd2d0LTZURWc1N2lvc0NfR0hnemJIWDl5cmd4eUUwU2V6eEczQmZ5NG9XblUxQXlINS1qcUE5X0I5TUotTG1sRlFQRjRtYlhiQ1Q0NEwySEZlYXliU1V3MlVkNFNxeXFyUGRoMVkySV9R?oc=5,mevduat faizi,2026-10-07T08:14:54.784617+00:00
2026-09-11T07:00:00+00:00,Kartlar & Ödeme,Kredi kartı limitleri düşürülecek mi? Beklenen yanıt geldi,Son Dakika,https://news.google.com/rss/articles/CBMimwFBVV95cUxQRmdLRmhYQThOWUFGT3h6UFNOTjhyOG9kUF9BMmYwUFNhcU1LOFlHYTJmR244ZE9QczBZd0wyM3dJOGxGdmJvOUxjbzN6QWNaTDdSOU1uMF9yU1lnQ1FWRnJXSTJ3REVGWlVlekM5bWhNZ25USFY3dDFZaGRrYVRILUlBdDhSbEJBTlJUeENWNmxvVWpJVXNyMVJRSdIBmAFBVV95cUxQWC03TFJzaXRDczFOcTQ5VTFyZlBvV2k1UV9HU29ONXNEZmZXeXJzWVdWd2h0ZjJyQjNNRDN6RzFGVkRabUFqX01MOWZ2X2l0cm1MYUc0WG5BdGlyb3M5TUF0bDFVWjdUd2pZS05idGlST0h1dW1XNm9BcXlKZXF4Z29YYzZRNHlNa19BQ2pDSE12bkVfWDIzbQ?oc=5,kredi kartı,2026-10-07T08:14:54.784617+00:00
2026-09-11T07:00:00+00:00,Kartlar & Ödeme,Near East Bank Dijital Paranın Geleceğini Yakından Takip Ediyor,Haber Kıbrıs,https://news.google.com/rss/articles/CBMirAFBVV95cUxNenowb1EwazFCV0ExSERqb1gtRjhKb01MbElfWlNLQVk2czZYVWp3cVFzMjFTTF9xLWhpVUE0d2lUZG5IOERDaVZ5Qll3MV92d1pNdjJZd1Z2SlBJN2dUQmpvaVo5QUg1NW1OTEljRFFsbEs1VHpudTRkTnJRQ0VLcmNQbWtiRktDcWpCT09KR2ZxSktqT0xkbHNvSEtXcl8xalB3OVI2cTZIZ2NC?oc=5,dijital ödeme,2026-10-07T08:14:54.784617+00:00
2026-09-11T07:00:00+00:00,Bankacılık,Mevduat faizleri 3 yılın en düşük seviyesine geriledi,Ekonomim,https://news.google.com/rss/articles/CBMiogFBVV95cUxNend0WEhycnpBaFZ5UkwwMC1JVnl0TnhPSGtJU2h6a082aVhWcXJaa2cxUmM1T1JENXFwV2VjeHdicGhZcEIyYnJzMDVWS3M0SE9tSWZUWGs1N3gyQkxWdjNhd1laSkJFRGFCZnA2TVRybDRaR0NNZ3lKYlJMU0diY1dxdVVWeUtkN3BrN09QVzdlX1dHVkVNQVJtcGgwMTlEWnfSAacBQVVfeXFMUE01UUdhampEcUEwTlhteGdUUzVYdzZYT3RTVFgwX2Z6LU03WndXYjVmNElFZlozNm1mUHRJUi1vczMxZzZyRmFQaUpGQ1BvcDdHb1VXR3p3M3oySVJSWGdYRDNjNnppUy1wWVVZS2xoSU8yUElrX0dhb0ROekp1bGNKZjNlZEotc3RzYWhvZ0hxajJxSzJhbW9uZl94Z2lwQzlfMHJCZzQ?oc=5,mevduat faizi,2026-10-07T08:14:54.784617+00:00
2026-09-11T07:00:00+00:00,E-ticaret,E-ticaret’te gençlerin yapay zeka maratonu - Ekonomi Haberleri,Posta,https://news.google.com/rss/articles/CBMiigFBVV95cUxOck1INkFiU0xMbFVoaExuRmd3cTFuVzFGb1lpRE9FTVdtdEh3ajVNeWtpbGQ5WmNYeUhCUXFoLVd5VWN0R3N0enR0N1N2M3NRaE5FZl9qUHFKcnJZRlYzWXN2MTV5N2VXQktxVXlnU1RuQzNrelRXZUtqRjh3RFp4QlEyVlg1Q1k1NHc?oc=5,e-ticaret,2026-10-07T08:14:54.784617+00:00
2026-09-11T07:00:00+00:00,Perakende,Franchise Sektörünün Başarılı Markaları Ödüllendirildi,Mall Report,https://news.google.com/rss/articles/CBMiiAFBVV95cUxQcm1WY1JUcmtldkNiN2M3a2c2R1NEZkV5VjhqZ1ZRYlZSVk9FcnJKcUFpa0ZTNE1ZaDdYSmowWUkwWjBGd05MUmdyUE0wOEJwMVhleVJIVldGNS1jZ0RsNURHX0owb2tCNDNMbHEzdVhNb1VNT2dfTnQ0T0hUNGU3bW9kenZ0YXFE?oc=5,perakende sektörü,2026-10-07T08:14:54.784617+00:00
2026-09-11T07:00:00+00:00,Perakende,Perakende satışlarda 1 yılın en düşük aylık artışı,Bloomberght,https://news.google.com/rss/articles/CBMikgFBVV95cUxQc3dtenJBdW1UclU2bkNPSXhkVWZrdWRaeVBJRmhUci1UNlhHb04yaFNEak5pLUxUVnVtaG5HMVQtaTBwU0FTRWpjeklZZ2d3YUNLZl9rbkVsYVdJRURSZy1wTDZub0hBczN1bXFVZi1Ickc0QVBZYlJwUEdnc19KNmVuVTZEZ2cwYXl5bXBzMXRwUQ?oc=5,perakende satışlar,2026-10-07T08:14:54.784617+00:00
2026-09-11T07:00:00+00:00,Bankacılık,Merkez indirmedi ama bankalar indirdi: Mevduat faizi oranları düştü,CNBC-e,https://news.google.com/rss/articles/CBMipwFBVV95cUxQN1NiOEdCdzNwSzJlanRYYmpXWVJBX0FzZDcxeUlhRlB6MTNEY1R2MzVmMlhBQ0ltYlh2R3FPd3p0NnE5TWpwZENza2FQakxXRVVCU1l6TzR4RHFxRWhaNFVMRGg3QVQ1MTUzOEZoZUVQMTR2bUtHZTNfRy12RFE0VFNQTEVtbEVZVUhxa0psSDJpaDhrcmZzTXZucXJDeDZMWkhwYjlnUQ?oc=5,mevduat faizi,2026-10-07T08:14:54.784617+00:00
2026-09-11T07:00:00+00:00,Kartlar & Ödeme,Kredi kartı limitleri düşürülecek mi?,Ekonomim,https://news.google.com/rss/articles/CBMi0AFBVV95cUxPRWxENlJoNWx4VWxiR3Uza0g0U05GckJYTVA4bnljRXNLS05NWlV0SF9RSVZSRGVhRVlEa1dacnpXbW5EN01nYzF5aUpUV01HclRpTWlfYld3YlhjVkhfX1VRaHI1TUxzQUFIRWJwV09Ia0YybjJTZTZrNXhxczByN0EzRmk2aXhjVkVKMG85X3JLR0JPWTN1M1NsdmNSN1dxTkt6UFhqb25JRUxJby1FQTlRTk04bmV0SjA2NEExOGVqQU94SFhaSUE0UE1HZlpV0gHWAUFVX3lxTE9hd3lRekNnQWtNUXI1RWl1R1RtOHJWR1JGTlJnLXpxQ2gzYnl4YlpiMS0xQW1vLWhBUHVxM19jT3ByQ1lLYnhUS185MTc3RlVJd2ZrSVVMUTZVMzI0eE84TmFhSV96cVBwOU05RG5rT3Fqa25tblYyY05MNzNHUVpiSXFjMG5lajJqRDNOUWJjMzhNVlV1cGZMV0pUblh0NkhNWW85cjNtb2Z1ZUNPYUVUTGhHcjFYTXFYcGp6b0xVd24zMU9WZFNRdnJsYUFzMmwxNXRWbWc?oc=5,kredi kartı,2026-10-07T08:14:54.784617+00:00
2026-09-11T07:00:00+00:00,Kartlar & Ödeme,Kredi kartı limitleri düşürülecek mi? BDDK’den kritik düzenleme açıklaması,Cumhuriyet,https://news.google.com/rss/articles/CBMiuwFBVV95cUxPZUo1Rkl6YzRJRm56ZGRPQjhZdXVmREcxdXluOWFxWkxyZEstblRDNExVaTJaX2tfVGUzRHdBbG5LZDVzTnFnZ2h2Y1BSM0MxRUZxRGs4WWJSOUlxSlRqZGlGR1Z1YUtodFFJcmNyMXB5TVFpSlFqTnFnc0xxd2phS0pJaU5IUTBVVVFfejItSGRFaFVqNEN1dC1zYVppcU5SUzRHSGo1MFpWTXFENUo2aGR0T0l2eUduSUtZ?oc=5,kredi kartı,2026-10-07T08:14:54.784617+00:00
2026-09-11T07:00:00+00:00,Perakende,CHP'li Deniz Demir zincir market çalışanlarının koşullarını Meclis'e taşıdı,Pembe Pusula,https://news.google.com/rss/articles/CBMirgFBVV95cUxQeVozcjRhR2xzT08xbEtrbHVBNXR5bENaall3XzZZWmdJaDM5Z0RJYnFxa3VrSlVwSVlabEtSRUhzNVFIUGUxN3kwZ1lYNkdBbU54dWJVRzNaRVBLakdkNFRVNUVKRGZWUGRZaFRkOU91U1pxNmhxNG9PZ3hPTmRfS29sQzJSTzM0T01WcDJpejU4YlItdzlwNEVZRDVRMXlUQUdTY1puMExUc2ZjZlHSAbsBQVVfeXFMT1MwZTQ4bTd3WFRJNlRGX3hMSl9iWVJCdTNqSTd5T0NFa1hzR1ptc3FMaEVJdEd2NUtVeHMzdkE0OWpPRzB3ZFpRQ3FmbGpTblFfb1N1UjdFMXVqYlNnbkR5UEZ6dVF3ZmtMV3JNWjRoVm51VWtlUC1kZzEydm9EMW1tczRnc2U0aGp3M1hhN0pXRW8xZ2RzMXV0VUVBQ1pDclI1R3VwVkhyTzlhLUl5VkhxM29vTU1tbmFBSQ?oc=5,zincir market,2026-10-07T08:14:54.784617+00:00
2026-09-11T07:00:00+00:00,Bankacılık,Mevduat faizi son 3 yılın en düşük seviyesinde: 1 milyon TL'nin 32 günlük getirisi eridi,Sözcü,https://news.google.com/rss/articles/CBMivAFBVV95cUxQcEY0Z0J0SExBN0thZlNaWU82eFFHbUlqQkxBRVZjMlNzeHA4QTVYU1hDMGNMSWY5Y3Fmb0JfdXc5NElIOTdWYmNmOUxCT2RwSTJacVdkTzlaWTJYZmE4OUF0RFRzYnc0XzJLME8tZ1p2a0ljYlVaWDgwbDhhMGdnWERSeFpjQ09id2NwVWNZTjg2emxwWkhGcXZsVDhFaUNjRXl0N2dRWXpuN2ptTkMycm12Smtmem9iVWJ6Vg?oc=5,mevduat faizi,2026-10-07T08:14:54.784617+00:00
2026-09-11T07:00:00+00:00,E-ticaret,Yeni OVP döneminde ihracatta dijital ticaret ve e-ticaret atağı başlatılacak,Son Dakika,https://news.google.com/rss/articles/CBMiogFBVV95cUxNcTdZb1dFVTVfdWZneDZ1X0JRbm9UVGtJYlEtSDBic0FuQnIxaG1mZzBqOWg1bUhLREoxcWV0T2duNndNSURHVGp3bWdBcXNRcG8zUUlRVkVBRUhOM3RhTDZPVFpueHhnTm9zT2tIWWNseHNZQjcyVlZDNF9jLXJ5NGIxT1E3aUhvVEZQRjUxUkhSS2RNV1BSMlBOX1k0TzFjbmfSAZwBQVVfeXFMUGlVdlhMaFY3NDhjTVFsUVlqeldacWdrWk1YTWVCVGxtQkpVUi1OaU13dDFXREhTbF91Q3RyVGtYancwM2t0ODRYbldRQnQ4R3l5THFDRXFQWVhRd29zMWlNQjFKT1g5Rkl5N3pVM3BTUnlQV29IY3FDZVNmMFRURkkwbWQ4OEI0X2J5WW13UXg4VWpzb0s1cjFJRXpI?oc=5,e-ticaret,2026-10-07T08:14:54.784617+00:00
2026-09-11T07:00:00+00:00,E-ticaret,Online alışveriş yapanlar dikkat! 'Son tüketim' oyunu - Finans haberlerinin doğru adresi - Mynet Finans Haber,Mynet Finans,https://news.google.com/rss/articles/CBMipgFBVV95cUxQeTZoVzdxcVQ1YXB0LUh1SXdHYUd5Y2hvU0FQcmc3WWxtZllGbUM4R2M2MXZBbmhldG5wNHI0RFlsUFEzZnY4aFptWjhVS2R2cFU0UG0yaVlpcXdidWlnbjM4Ukl3Ym04U0RUSjV5MTNjOFpxMzZYRllOX01jaEktdVR1bDFDLXJUUGNCZlFhNlVrWFpaRFhfb2JoLVpXYlA2U2NFRGxn0gGUAUFVX3lxTE1nVDYtODNTVVNoMjZpTENyMWpvcDFMYzdaUEZfSl96RXNod1FGcWVEajRybW5pcHVMdFZGY3JOTTNOc1ZBa3BSRDJaTGJUUzlZeDJaMGo3M29FWklEbF8zaVQ3b0g2N21Ed0hTMjlJTThOSE0tVnF3M0FZMHRkTWtHUVVlN1lKM2VxZzUybXc0dG5Ob0o?oc=5,online alışveriş,2026-10-07T08:14:54.784617+00:00
2026-09-11T07:00:00+00:00,Kartlar & Ödeme,Kredi kartı limitleri düşecek mi? İddialara yanıt geldi,Gazete Oksijen,https://news.google.com/rss/articles/CBMimwFBVV95cUxQUnVWVEQ0M0s4b29acUlvZlZNRTBHWF9zQjBIdEZ5VGtKWGpCS1NNMF9Bc19ya0xTRjJXNG14WUt4bXZOYkFPNEdKT0p3dWZiMkpnZU1tQ1NaWlFmc3h1RTZFdFF6bzdNNzNOczhRNzg3NXEyMEpZRGVGN1dPbGtTN281OWRacng1RFFWTm1zTlRfSHdXc3kxbHN6Yw?oc=5,kredi kartı,2026-10-07T08:14:54.784617+00:00
2026-09-11T07:00:00+00:00,Kredi & Faiz,Tüketici kredi büyümesi 32 ayın en düşük seviyesinde,Bloomberght,https://news.google.com/rss/articles/CBMilAFBVV95cUxQd3RaQkJob3R6MFdtSDVSaE9rdzd2cUNzX3RrdmtBWDZzeHhjYXVnd296T0ZEdkwtRllSalVNa21rNWE0YUhtend2OEVjNThSMTU2bTlUVk1wR0RXRTJTTmFqSGtxdTdBblFEajhPZ2Rhc3N1Q0xydVpWSFdGb2k3Z1REanZFTFN2bkUzdWhWd2JvSUlh?oc=5,tüketici kredisi,2026-10-07T08:14:54.784617+00:00
2026-09-10T13:59:05+00:00,Kartlar & Ödeme,Mastercard Wallet Pay ile Dijital Cüzdanları Küresel Ödeme Ağına Bağlıyor,FintekWins,https://news.google.com/rss/articles/CBMiowFBVV95cUxQelBYNzRfNW1KRnFUcUJyWDVkQVRreUM4dllyZE5jZ1UyOEFIMjJDbnJsTHN5TXRPTUktM1FfUk1FNlh6cjd6ckVHWW5nczRnTmVUZXpxbkhnZ25iNEIxdy1sMk1mTGlzSVRvdFE5Y3RXY0tla293M2RSeGgxZGZsb0lUeURWMDRzN3NvN3YxeHBQZ0NBSDBGZGNiYXZYNk1Td3I4?oc=5,dijital ödeme,2026-10-07T08:14:54.784617+00:00
2026-09-10T07:00:00+00:00,E-ticaret,Ev Ve Mutfak Sektöründe E-ticaretin Ağırlığı Artıyor,Analiz Gazetesi,https://news.google.com/rss/articles/CBMimgFBVV95cUxORDV3aWpqazFFSnBfT2MyaDhYTUVfa3J5TVd6el81cHVpOGJfblVpbnBTSmpTXzNNbmxTeWtWcVk2cVZ5OGRJNkc5aVlLSUd2dHNCVE96bFNzeUFpWkNhb1h0bWJLR0tjbkp3VEhmaDh1NDZPbzdiNXREVlBaUFBwTkd5NUk0ZzJVNlhfc3gwZ25lc0RnNkZRTUxB?oc=5,e-ticaret,2026-10-07T08:14:54.784617+00:00
2026-09-10T07:00:00+00:00,E-ticaret,Yapay zeka destekli yerli girişim 'SellBox' e-ticaret esnafının gerçek karını hesaplamaya yardımcı oluyor,Haber 1,https://news.google.com/rss/articles/CBMi0AFBVV95cUxNNWliSzVZSGxSOV9ZeW0zZk1SM1FxYVJxazZ0M1hXMVdQX214RUJHc0lrZUVEU2RpOWszak5MM2F6X1B5ekVYRWRfUl8zY2hweXhXVXdUendJSDZ5QTlxQ29DRjlCZ1BwX1EtYTB4Tk1ybkxKUlZUSzZCazdsYUZkZTdDVkhQUzZWVnd4S01hcXNIRGF0RC1xQzJvdjhEaUc5LXVuOFVfeUVaSUZPdnFlZHNTdUJSMlpMMS1XLTBqX1Vzb2FkYW5hYXpzalN2Skpw?oc=5,e-ticaret,2026-10-07T08:14:54.784617+00:00
2026-09-10T07:00:00+00:00,Kartlar & Ödeme,"Türkiye, kart sayısında Avrupa'nın en büyük pazarı oldu",Gazete Oksijen,https://news.google.com/rss/articles/CBMimgFBVV95cUxQSjZ2dGQ5Y1EzaFk4YXZlQUpRRkhuOWIwMXN3c0E3bEV4X1RBTm1tcjlpdDR5NHgyWGN6TklhWmtwY3BJV0F5RlMyMXJNcTl5RGp3bWdFNHV6RjU0RzlXZFgwQW5IWEdiVXo5NTMwX2xCRDVkaWtuNDNFTHhkS0ZFZEJJYnVPMkRiTGd1d3FuNExrT2M5ZDVTU3VB?oc=5,dijital ödeme,2026-10-07T08:14:54.784617+00:00
2026-09-10T07:00:00+00:00,Kredi & Faiz,TCMB Eylül toplantısında faize dokunmadı,Bloomberght,https://news.google.com/rss/articles/CBMiggFBVV95cUxPdGNla1djc05nT3hSNGdydU9xV2xuanpMTmY1dUtIN3luWVhMV0c2OXVhNF9wdHAxZk0xSTlWeWxJcUtBaXF3cDV0M0dveF9KNjJwZ1VpajRaZERpUEh2a2stUC1kemFHNXV3LWYyZVBUZHZuY2FpcGtVU2VRM2UzM0tR?oc=5,TCMB faiz kararı,2026-10-07T08:14:54.784617+00:00
2026-09-10T07:00:00+00:00,Kredi & Faiz,Piyasalarda gözler TCMB ve ECB'nin faiz kararlarına çevrildi,Anadolu Ajansı,https://news.google.com/rss/articles/CBMiogFBVV95cUxQcXBpNkE2Z0hyMHpkWXk0akFZR0lLTURIUE5taDBadzVUUGd3QU9qMmdZOUs2THJodnhiSTBzMC14dGR2eXBZT2dWRFNSQ3ZjMFlIcXRtdDU4QlplMGRtTE1mM3lQVmV4NzJHc3NYWVlKSW5IY2NWYlpLZmpyekRBdnFZMDltdkVUQ1U2X00tazU2cEpoVVU3VFh1bFlXMmN1aHc?oc=5,TCMB faiz kararı,2026-10-07T08:14:54.784617+00:00
2026-09-10T07:00:00+00:00,Kredi & Faiz,"Merkez Bankası faiz kararı ne zaman? Faiz artar mı, düşer mi?",Haber 7,https://news.google.com/rss/articles/CBMiqwFBVV95cUxQdWlDRFhDaWpVQnVnNk5WaDloMHFsQnZoSGN2VVFnc3BQdDVFUGRKMVlWdDdRcjA3ZGExbldQOUhrMkh2aVoyb2xSUXBXLTdLdFhDeXdtZ296bXY5SXMzN3FmRW9McTRsUWtrc3pQYjkwZmU0S0ZBandJWS15bGNkS0I5S3hTUk1XQ3NQQnNMZnFJaGZxTGR1NnQ3ckQ1dU1BZ0R0cTg1SXQ5QVk?oc=5,TCMB faiz kararı,2026-10-07T08:14:54.784617+00:00
2026-09-10T07:00:00+00:00,Kredi & Faiz,Merkez Bankası faiz kararını açıkladı,TRT Haber,https://news.google.com/rss/articles/CBMikgFBVV95cUxNcnBjQzdINFVWV0tYeGJrUDhSd2gxaUVHQ3ZCM0xlcllaMHpTNUlGckpYTWJ2OFZhSy1fTk9KVmRmZTNnTkFlazNSNGhnX1B4d1NZdVg2bmRsVjJtNkFyaElFSWFGMUppcWFXQnowSU1hejRiSm1VVHVsTGtrd2JMdnFuY2w4UERhUEtpNjluN1QxQQ?oc=5,TCMB faiz kararı,2026-10-07T08:14:54.784617+00:00
2026-09-10T07:00:00+00:00,Kredi & Faiz,"Merkez Bankası Eylül ayı faiz kararı ne oldu? TCMB faiz kararı ile faizler düştü mü, sabit mi kaldı? Merkez Bankası Eylül 2026 faiz kararı toplantısı son dakika gelişmeleri...",Bigpara,https://news.google.com/rss/articles/CBMixwFBVV95cUxQTXJfV0pIMG04WU1qTDBJRjJxZ3VvQTZYamt4STdTbS1Yc1FkNEhHRUVlVkxCT2VLaTdoYkE0T2pWeDdzUXZGNTFFcHViRWJlQjlVUDZieFhMQVpHWFc5ZUFpdEtnQ2NIS2U3dlVCTmt0TGM5MEVxZHBpMlNMTmJ1ZERtbW5LVUxmTzhNbE10T0VKdnBvX3I1U3hRdm1PY2ZaRC1MR1hzMWdVSFpBY3d2TjFTcDBFdjVURHpuZmljNDBCVk5TMUFV?oc=5,TCMB faiz kararı,2026-10-07T08:14:54.784617+00:00
2026-09-10T07:00:00+00:00,Kredi & Faiz,"Merkez bankası faiz kararı açıklandı | TCMB Eylül 2026 faiz kararı ne oldu, faiz indirimi geldi mi?",GZT,https://news.google.com/rss/articles/CBMiygFBVV95cUxNVkhqTzJMbmVBclRmaE9CUE1FTWo5bFE3ZXcyRFpkU1NONjJIdXE1X2pmOXNKMlZTUnBzYmNhQUwxREdJakN5c1laQTh2NUx0bVVxSksydm5yTWgzQkhpdFIyeGRTQmtjOUhOZ0txcVRCSmpLV3NROTRtaWJJcXpnWVZYSjZSemZrUFA0a0tyMTF4bWxIcWk2ZnE5UWtSRkIzcDN4RjhRdnVoVWJHeHdnM3dFVGd3Mnl4NmlMUHBGRFZvTENMVk5ya2l3?oc=5,TCMB faiz kararı,2026-10-07T08:14:54.784617+00:00
2026-09-10T07:00:00+00:00,Kredi & Faiz,Ev almak isteyenler dikkat: Konut kredilerinde düşüş başladı!,Uzmanpara,https://news.google.com/rss/articles/CBMisAFBVV95cUxQb2hjX3otWFFwYXlfbDFPVXMzVVJNbFZaZGpXeDBoVWVOSHZLWGJoSVUyeFZKbHlzYkxPZTZKYmc5cmt2ZkdKOExUSngwTFZOZ1lqaS1KQ1RROW1YTnQ4TlhWRldDSGlvX2ZQTmV2R3RTUndjQ0dmZEJGM1VRa1lCakNfMlRJV0VDTERmODJxMkp3Y3ROcXN6YXFHRk9MLU1IeDEzZG9hcGw4dmc0X2E1Ng?oc=5,kredi faizi,2026-10-07T08:14:54.784617+00:00
2026-09-10T07:00:00+00:00,Kredi & Faiz,"MERKEZ BANKASI FAİZ KARARI BUGÜN! TCMB faiz kararı ne zaman, saat kaçta açıklanacak?",Gazete Vatan,https://news.google.com/rss/articles/CBMiwgFBVV95cUxNYjRuZm5sYmJnaGpCYnp1V25DZXc2N0NOSDB1TU1uckpLbUdNeTlva0hjQWw0X29IWUFzV2Nfc2pFcUswcUZaSktTWkU5X01tdGpaOFRXak9nYjFNVVptTVZsaUFNU1cweDFMRFpuck9YU1JtNjJ6ZjB3R0ZtOFJaNWNOUVpZbjdNMXRFcUxBUEY3NVBIeFFOY1F3N2lWYXN5WEx1TkVuNUp4QmI4dC0wWEZ4VjRRUDdSSFFQUXc5dlVPZw?oc=5,TCMB faiz kararı,2026-10-07T08:14:54.784617+00:00
2026-09-10T07:00:00+00:00,Bankacılık,"Merkez Bankası faiz kararı ne oldu, faiz düştü mü? 2026 TCMB eylül ayı faiz kararı",NTV Haber,https://news.google.com/rss/articles/CBMixAFBVV95cUxQZXZHYUZidHNmV3hoM2tpenpZNHBUMnRpYW54eV93T2dZbTdqcUI0X2lwWWgwSTRZZVk3Ql9IT2w0OWZ4emI1bWtOUUIzNUc0ZkpFRzlpaGlid2hjazBPWmJ1c3RYV3ZFczJ3YVpHTkRvakEzZXZNOGMzOVhvakJnalNKYkU4UXdtMVpMMFJoRDVLZzdpSDhpQXZCOEpIVHF4eF9xRzRpVWo5Tm9mbGJhMUVZNEw2V19kZm8zX1VEX2pXbEpq?oc=5,mevduat faizi,2026-10-07T08:14:54.784617+00:00
2026-09-10T07:00:00+00:00,Kredi & Faiz,Faiz kararı belli oldu: Merkez Bankası neden yüzde 37'de takılı kaldı? Düşüş için ne bekleniyor?,Cumhuriyet,https://news.google.com/rss/articles/CBMi1gFBVV95cUxQXzRiTU1KMXlXdXN3THd2R1pMUWU2cjZWaWNWUEx6VXpSMm1ITmV0SlNFMGF3TGpFS09EbnFISGRfS0RNcU9JMTZPTnJMSlcyS2NfeTN6Q1FtRUlUVGZBNlZrVlFLNDQ0akxZRzFNS0psclRmcXJ0QVJQRzRaWXFhQlVqVzcwOFZJYVdmakNMcFpMWVlhVWpvZFNIWnUxZDdmZEFBVkEwSUJiQnJlS2M5eHhfQ1VFelVMLUdaSVJjVGpnOHVNYklkSV9PdUh4bWpBOUVHYWp3?oc=5,TCMB faiz kararı,2026-10-07T08:14:54.784617+00:00
2026-09-10T07:00:00+00:00,Kredi & Faiz,"MERKEZ BANKASI FAİZ KARARI AÇIKLANDI | 2026 Eylül Merkez Bankası faiz kararı duyuruldu... İşte, PPK faiz açıklaması",GZT,https://news.google.com/rss/articles/CBMi3gFBVV95cUxOekhKcDJtaExBcVJjMDlvNTFKY3JYOU5KbVVyODhiR0lGYVdRLWEwOUFESkpPUFNSNFJfUGNnSVNXR3A3SWQ0VmxmNVIxa0p0SFRZLThNdE9CaVZkT3BfTWtLWnk0VklTUDhRY3haZUlsbVF6SzRGS18tenFkOVR6RF9zZHZtSTZneFRFOXJ6OHdaRk1qMEJaX1RjT1BtR1ZGX29vRUx4d0h2S2d6UmlENE9nYWt1V080MFhCR0FXV2dTVGtfR3lVNnhSdEdxTU9GZVRMbEVSeVFiRHhQYWfSAegBQVVfeXFMTTJtNE1tN0dBcm1Fblo0NW1GOHV3Q3NwN293VFVWQWZXRVRlQWl1SXFvOE9sdXlQNjBaT251Q2FUTjVRczBnRWNRNWpLaURHd2hwS25IUVN5RzVPSDZsRWFWejZFZ1l0eGNGLWI4aGp5Q1ZQbkxxOHotWkJjUF8zazhNZld2R3hySG5CWDFldGI2S2tLNmpyWWJoVXZYWEcySzBWYk53T2l0WVJ1X3JiLUJzN2FKcktaN2xTazN0YmVLYzlKMzRvdnlYaTh3X0xVR0xtNVFRMzBFbnA4WEI4XzFzd0lVb0hTSw?oc=5,TCMB faiz kararı,2026-10-07T08:14:54.784617+00:00
2026-09-10T07:00:00+00:00,Kredi & Faiz,"TCMB Eylül 2026 faiz kararı ne zaman, saat kaçta açıklanacak? TCMB Eylül ayı faiz kararı ne olacak?",Cumhuriyet,https://news.google.com/rss/articles/CBMi2gFBVV95cUxPQUJMOFp2MVc0N0dWbm1vRVJxZ1FBeEhBY0hQOHNKOHpwOUFVT3BmLUQyVUhtS0pxRlNpN0NpcUZRWVhxMGpNRE9oR3VFZmQwV2sxZFdvOGw0dVMyVnV6S0JRM281YVJTWTB1ZEFWcFJYUWJjZDhTeXlGT0IyV3Y0bXloaFVJUmZuZDFtVGc0Y01iS3JGZU5qd1loSWNTX0daRUNSQllnUTh1aDN3bjF1Uzd5VUlOUTFWTXlnQlRMeVdTZ1NYU3RMU21JZ1B1NFpYX19QVFAtc3dKdw?oc=5,TCMB faiz kararı,2026-10-07T08:14:54.784617+00:00
2026-09-10T07:00:00+00:00,Kredi & Faiz,Ekonomistler TCMB'nin faizi %37'de tutma kararını nasıl yorumladı?,BBC,https://news.google.com/rss/articles/CBMiXEFVX3lxTE9PRDVOcE9wRzh0UDJ0T1djRWhFaGwxeTczaFVwdlNZb0g0cXd5QllpaWRCU3NERU9lYXFRMmtKTDB4SEswX2pvUDRkSU9oRlhKaVZNMUQ5MFpfVnN60gFiQVVfeXFMTlhFLUFqRUhHTXkxWnE2ekdHOGx3akpiUDlGSWFRaENJakl2N2lTMzlaZ1NfWTF0NERDMTQ4Q3A3VEpnYXJJX1lGVTFlc2dTVWg1Wmkya1R0Q1hBY0hjNkUxUEE?oc=5,TCMB faiz kararı,2026-10-07T08:14:54.784617+00:00
2026-09-10T07:00:00+00:00,Kredi & Faiz,"MERKEZ BANKASI FAİZ KARARI TOPLANTISI NE ZAMAN, SAAT KAÇTA? Gözler 2026 Eylül TCMB faiz kararında!",CNN Türk,https://news.google.com/rss/articles/CBMi0AFBVV95cUxOUWJ5QXVNWTRadUxaTmdJWlhhT0x1dGkybmVUQTZxTmZEZVJYVHJhYVNtZVhBSXJGbk9LRWFLSWFGa0JYOXZFVW5XRUZpcjdmSGFfT0RIbE9RYTZsLW5BRlhfbElhbEJNY3pSVUcwcEhFLU1yRUU0WmpXcTdReGtEc2hKNGZ1Y2VIcFZKR3doczh3WUhETEk0d0pfUzk3UFJ1WXN1WmtjR3RvSU5qaEZ4ZGxjaEdpd043VVRaNjBRYmdZaWdKRXkyemNyM2lSaWk3?oc=5,TCMB faiz kararı,2026-10-07T08:14:54.784617+00:00
2026-09-10T07:00:00+00:00,Kartlar & Ödeme,Kredi Kartı Limitleri Değişiyor: Artık Beyan Ettiğiniz Gelir Değil Gerçek Geliriniz Limiti Belirleyecek,Onedio,https://news.google.com/rss/articles/CBMiygFBVV95cUxNSk1rXzVkUm9hUzFOY3BRTVVXUmRsb0kxTjczeG51NEVYMUhJYVVSdkd5Ull1cWZJQ1lNSGV3RGRLZ0lnQ2pNZkxWRm1HR1lOSUdseEpKaVdRcDNvZzhuNWhTZ19rSzFNUFY0TlNxSlJxUVVJZzE4WEI1YlpWNHE3OHJYcE1lUUhMbGNOZEJuWnNRSkk5WS1zcEZzcF94c1hMa0pzUTJXVDZ6cTdEQXU4REE0UkZwdFk0bmMwc3FETDJybXhuak1yMFBn?oc=5,kredi kartı,2026-10-07T08:14:54.784617+00:00
2026-09-10T07:00:00+00:00,Kartlar & Ödeme,Uzman isimden kredi kartı kullananlara uyarı: Ödemelerde alınan komisyon geri ödeniyor,Cumhuriyet,https://news.google.com/rss/articles/CBMiywFBVV95cUxNMTc5NGF5cU9qZF9uMDhEQUU2OHpxSnFJaldCcWYxWXVEaTNrOEFUMk5TcGlXdHZIVlRZa1ZUTXRZOC1WZjlKUFp3STl1VzJZb2FaeGNUaHpLLUlOSUxoTlFhdUxROEExbkpZV0o4TkpTOEJvZG9FNkIyaE9ZME9jZC14YlBJVkdoaUZqMFc3MmxUUndwYjU5ZlFGREZYampueTcyTWZlVG1NcnBrR1d3RV9BM2ZFLWUxU3BHU3J0OGRQWEc2bUc1TWNEaw?oc=5,kredi kartı,2026-10-07T08:14:54.784617+00:00
2026-09-10T07:00:00+00:00,Kredi & Faiz,Merkez Bankası faiz kararını açıklayacak: Beklentiler ne yönde?,Gazete Oksijen,https://news.google.com/rss/articles/CBMipAFBVV95cUxNQW5rTVNWWmdZYlM0RHJUdVpsczhSTDR1VW1YOFpiMTF2Q0pCdVIwSkJsZ2p0azh2MF9tS2VMYk80QWpCbzExb0ZQbDZKUl9RSEFzZnZIMUtfcERwOV9wRW8xbGlCSElRMm9EMnp0akh0N3NfcjRHWnNfRGZsZVpkdm9SOHU2b2IzU2NQbzh6RWQwM281X0NpQUtfU00wUHRPbHdqSQ?oc=5,TCMB faiz kararı,2026-10-07T08:14:54.784617+00:00
2026-09-10T07:00:00+00:00,Kredi & Faiz,SON DAKİKA: Merkez Bankası faiz kararını açıkladı! TCMB 2026 Eylül ayı faiz kararı ne oldu?,Habertürk,https://news.google.com/rss/articles/CBMilAFBVV95cUxOSFFiTE9Nd19XTDNhTXZnWkVEQkVpTzRnRWlyUmhMcGJDcmdBazQ2bG1PcUhSSGZyRkdhRkVpclRFNU9FUFhKQ3N0MEZRLUJETWVvVVl2bHRzWWY1Vk9hWkY1UFFLXzR2T29iSFFTT0RMOHF3cnA2SE11Q1pxdExZTml6RG9laDdudU1iUGtFX1l1a0JJ?oc=5,TCMB faiz kararı,2026-10-07T08:14:54.784617+00:00
2026-09-10T07:00:00+00:00,Kredi & Faiz,Merkez bankası faiz kararı açıklandı | TCMB Eylül 2026 faiz kararı ne oldu? Faiz indirimi oldu mu?,GZT,https://news.google.com/rss/articles/CBMiygFBVV95cUxNVkhqTzJMbmVBclRmaE9CUE1FTWo5bFE3ZXcyRFpkU1NONjJIdXE1X2pmOXNKMlZTUnBzYmNhQUwxREdJakN5c1laQTh2NUx0bVVxSksydm5yTWgzQkhpdFIyeGRTQmtjOUhOZ0txcVRCSmpLV3NROTRtaWJJcXpnWVZYSjZSemZrUFA0a0tyMTF4bWxIcWk2ZnE5UWtSRkIzcDN4RjhRdnVoVWJHeHdnM3dFVGd3Mnl4NmlMUHBGRFZvTENMVk5ya2l30gHUAUFVX3lxTE55dFUtSDJuaGl0eWItaVNlNWw3R19Dbk82NVRiZTd2aEVlMktOZ1FMUUlud2xnMV9xS21jSGdEaFNCZVA5UFUzYzhZSlQ2eUJLLTNzdzBqLTVMc0xSRF9XWGJBMHhGSzY5TVY4QVhVT2x3a1l4WXVaZVV2Wkw4d3dqSFpWbXNjdk5WSnhqY2JpX3poY0VMNTBXdFpqandycGFXODgwSGx4OXVYVjZkOXdwOXVTSHdCUDFha2hJZDRGcWUyOEU0eFFHSzQ2dnRkOGxWVGMx?oc=5,TCMB faiz kararı,2026-10-07T08:21:55.564991+00:00
2026-09-10T07:00:00+00:00,Kredi & Faiz,Merkez Bankası faiz kararı belli oldu!,Haber Kıbrıs,https://news.google.com/rss/articles/CBMiigFBVV95cUxPNEEwZjJXN2JuQzczaURqU285NGpScllUMERNemxOdFA3RGRRUVgteVVJaGZ5OG1BTFdkYnZSVC1CUFhhNVNWc0ZKN2xCLVo0bVJtZ015TVRfMmZpekxOOWR4MEFUM2J2bk5JdTZlQ2lLR2JkYWFLLVQ2ZzB4cGZoVDN4LW5TWURqSXc?oc=5,TCMB faiz kararı,2026-10-07T08:21:55.564991+00:00
2026-09-09T10:02:22+00:00,Kartlar & Ödeme,İş Bankası ve Burgan Bank'tan kredi kartı anlaşması,Anadolu Ajansı,https://news.google.com/rss/articles/CBMioAFBVV95cUxQaWlvS2tHTGw2b255d2pTQ0p5Y1BDTlR3Q1ZSZjF6TnQ5YUVrUUZCZXhpN3NVblZmbm9Yai1UV3o1YjgtRWc3LVlrV3N4QnVYYjQtUmEzMlRJTmh2cVd5OGRkUnNwVGt4TTgwNFJ1MGZMZldKQUEwTElrSzlSRGI3Y2thNXk3dzhUMjM0NWNwTjAyQWE1THN1X3lHMmhtMVIz?oc=5,kredi kartı,2026-10-07T08:14:54.784617+00:00
2026-09-09T09:14:23+00:00,Kartlar & Ödeme,Mastercard dijital ödemelerin Türkiye ekonomisine katkısını raporladı,Anadolu Ajansı,https://news.google.com/rss/articles/CBMiugFBVV95cUxOb2FEcHMxbzJjbTgzTE9EV2xsaUw1ZHFta1g1ZXI5WFFlZjdEdXpNTnhhV2pZUTlYbGZfVTgyQkVzdWo3UEVLdzVSVGZjTW5rdGFsQVU1bHpmeHpxaVh2LW9oaDRwMmJSbi1USDZ0T2ZMLWpFSDBYNUU5RDF2aE5XeWtPWWNjdWhGR0kwOWFyY0R5WURJQm5lNFB2ajRuR19VNzkyQUZMeVFYSWpjRC1EUXZlcEh2R3lmTEE?oc=5,dijital ödeme,2026-10-07T08:14:54.784617+00:00
2026-09-09T07:00:00+00:00,E-ticaret,"Mustafa Destici’den İsrail’e ticaret yasağı kararına destek: ""Tüm ülkeleri bu karara katılmaya davet ediyoruz""",Anka Haber,https://news.google.com/rss/articles/CBMi3AFBVV95cUxOXy1Yb2dhWWpldXZqNmVTRHNtSUViS1Y2NUJiZ1NwRmdHZEd2enBuc1dqNjhWeVgzQ0hWV3VfMXEzR3VKM0hZaUxlaFJ5UmZMeDd1VHRLSWtoSS12RkhZQ0V6Qkhob3F4VDhKR3k0bW9VTnBsa3BsUlN5ZFd6cDFtWlE1TEpkS3hVenhaX18yQUJPMndueWw0ckkwdk9wV09WT1pGSzNmOURwYV9ZUTBfVFVQVHhJZlcwOG1xdTl1d2YtQmJnVExKYkxXWjhsbWFrRWVRMkJEMW5hNGdH?oc=5,e-ticaret,2026-10-07T08:14:54.784617+00:00
2026-09-09T07:00:00+00:00,Kartlar & Ödeme,Kredi kartı limitlerinde büyük değişiklik yolda: Tarih belli oldu,Cumhuriyet,https://news.google.com/rss/articles/CBMirwFBVV95cUxNNGE1TkFRX202anQ2VkZSWHMyY1d3SmYweGZRUTBsRFhpU1RlaVYzS2FOejdCbVRTNjRkbTRqTmJJYU9YUlBVRlhlZEpYaDZEYl9tdjk3dEVMYV9CdDd5OHlvRU5hRmJ6MVRrLVNFWWtXeWNFaU1IcEltODFRYU96YkY2dWhyOGY1S3BpY0MzY0RrMi1tVGN6Mm81WFBWaXRjQk81SkN6WG1xVmFDVVQw?oc=5,kredi kartı,2026-10-07T08:14:54.784617+00:00
2026-09-09T07:00:00+00:00,Kredi & Faiz,Merkez Bankası’nın faiz kararı yarın,Independent Türkçe,https://news.google.com/rss/articles/CBMiTEFVX3lxTE1MUXB0Ujl0bXF2UnFkZ1FfdGp3cGRRM09GcFpTRUVab1BxWUp1OUNpTXgxV3FtODVEci03MnJORExoUExRTzM3d1psMXg?oc=5,TCMB faiz kararı,2026-10-07T08:14:54.784617+00:00
2026-09-09T07:00:00+00:00,Kartlar & Ödeme,Bankalar gizlice inceleme başlattı: Listedeki işlemleri yapanların kredi kartı kapatılıyor,Sözcü,https://news.google.com/rss/articles/CBMivwFBVV95cUxNNEhBUW9PcG5tanEwdV90azR5WW10bWhZdzl5NGUxYzhlRi1McUJsbVpxallPd2NMTXhBME1uQ0hDajNXdXFWeEkwczdpM0ROQ2JrdndfeGxCLTl4aWtMbjNldlJWbWJFS2hHeGdoZG90Wm5zMm5YVXlJMlloTXloXzRlZzEzbEhLV1dWNTRIT2JsWWhmcERDeFNqWF9tNEltRnlMU0ppMnhQQS1rT3JoQklxSDAyQkl1cHpGWlVxaw?oc=5,kredi kartı,2026-10-07T08:14:54.784617+00:00
2026-09-09T07:00:00+00:00,E-ticaret,iPhone 18 Pro lansmanı öncesi online Apple Store kapandı: iPhone'lara zam mı geliyor?,DonanımHaber,https://news.google.com/rss/articles/CBMiogFBVV95cUxNME4yRlVEeE80Z1ZScm5XWnpOZUpIemhjSG1YQU5EVUhYWFRhbGh5bHZrUEd0ajIzYUhKdnJZQmczS1l3TDNRT2xPMlZXMHVkcEs3V3M1a3ZlMmxzWmpIUG1FVDRldEV6aEhzX3VSXzRTLWV1aWtzZlptWnhLOWpZSl9xRUF2U1ZtUlNhZ1UxcUJ5YUtiMmsxTEpUX2VXdlU2TFE?oc=5,online alışveriş,2026-10-07T08:14:54.784617+00:00
2026-09-09T07:00:00+00:00,Kredi & Faiz,MERKEZ BANKASI FAİZ KARARI EYLÜL 2026 || Merkez Bankası PPK Toplantısı saat kaçta açıklanacak? Eylül Ayı Merkez Bankası Faiz Kararı ne zaman açıklanacak?...,Bigpara,https://news.google.com/rss/articles/CBMilwJBVV95cUxNUTdMVUpKZHBPSmdWZ01TWUpsZ3N1STRwaDNXS1RIeFU2UUUxWkw3bHRVQ0pUZkdtdlZxeDY2WnZuS2lnN2RFZEx0VHl5a1VZZmtsYVcyZmVpS21Pb3JaQ1I3UnVaT0NoSGUzM1pHckplbDNwYk54NTNWMGpFbFZ6N2UzZTQ2TDZZMWp0MmlmWWtYekNhN3ZYdmNxYVZEckYzVWQ3eF9xTDdRVFozWEtZb0FEdy1ocGh0UDRRSDBkQ1BNUVNTS0RmWWFvREN5eDNPcGQ4VEljNGI0U2xaM2lpSFFsazhJd3kwakl5aW5fcHhUUnF5djk0MjFDeC1lai1FWUROMzhGTW9hRVhOQWw4WDd1c05uaW8?oc=5,TCMB faiz kararı,2026-10-07T08:14:54.784617+00:00
2026-09-09T07:00:00+00:00,Kredi & Faiz,"GÖZLER TCMB FAİZ KARARINA ÇEVRİLDİ! Merkez Bankası Para Politikası Kurulu Toplantısı ne zaman, faiz kararı hangi gün saat kaçta açıklanacak?",Uzmanpara,https://news.google.com/rss/articles/CBMi7wFBVV95cUxNRUdfdWpvWGltZ3FQQTlfR3lBVENJSkdSOXUxa3JKeF9KOHFJQXVPS1Y2QVZ4emZBQS0zdDFuSklRZ0xoODV1YzFtYVl3QzZTVHpJSFFiSi1nS1Zhd1BncWMwRkVmLS1Ld1g2U1F0ak1IME9ndWx1cGsyYkZHdGdibjY1bVlGaGlLSWo3TXlLTjlTQUpuaXpmdlRqRkZPQlhxaFQxQkNVaXRxRVBzaGk3SWk1TkNHMzhLc1o5TWtTOHo5X1hqSFBGdVNHMUdrZ3c5VGVDUE1HU2JfdVhxaV9DNnV0RHNPZUdXMlRyX21IQQ?oc=5,TCMB faiz kararı,2026-10-07T08:14:54.784617+00:00
2026-09-09T07:00:00+00:00,Kredi & Faiz,"Merkez Bankası faiz kararı toplantısı ne zaman? 2026 Eylül'ün TCMB faiz kararı toplantı tarihi hangi gün, saat kaçta?",Uzmanpara,https://news.google.com/rss/articles/CBMi-AFBVV95cUxONVd6ZVpHekcxbmVhZnM1b0tYQkxrTU0xQzVwYkFIOWx3TlpJSnZ5cUNyOEZaaXNBbW5lYUhNdHhvdUF4SE9WbHpleXRYYkFNRW9wellYMlhpTU1JMkJLc2FTbndJVzZ6OFZFWnk5QkVjaG1SbmFDYXh3OEl2d0gzZGoyaXZYeUJFYnBPdlNmWWtwMDcwRGxsN0RIR21qckpIS0o3UFE0WHc2WUN5N2hFUnVqNVgtVGVWN2dvdXZ6U01xd3dTdlZ3V09kVno5ODRVZ29rdkRzeFVmWlAxSDdPWGlmYTNBa2wtZ1I2OUlJYktWY3hsSVdJZQ?oc=5,TCMB faiz kararı,2026-10-07T08:14:54.784617+00:00
2026-09-09T07:00:00+00:00,Kartlar & Ödeme,Kredi kartlarında yeni dönem: Milyonların tablosu değişiyor,Halk TV,https://news.google.com/rss/articles/CBMingFBVV95cUxOMkg5OEg0RnFzNjM4UTNfZTEyUUFrMVlsOXdabi1GUExSeWNzYU5jNHlTOUVzbU9DTE5VWWRDR1lVZjRhM2N2ZjRJd2U2NXgzWFdmMHZDdnVnbjlNV21qYXl0N3JjRHluRWtZUUE4SlJ3MVBtM1J0T24xQjU3eE1zS3dNUXRvWXNRUDlWVTZnd2xKdk8xR3VjekJfa2s5QQ?oc=5,kredi kartı,2026-10-07T08:14:54.784617+00:00
2026-09-09T07:00:00+00:00,Kredi & Faiz,"Yüzde 1,20 faiz konut kredisi ne zaman çıkacak? İlk Evim Konut Kredisi kampanyası başvuru tarihi belli oldu mu?",Dünya Gazetesi,https://news.google.com/rss/articles/CBMi5gFBVV95cUxPV042MjhQMUY2Ukd4NFVfdjBYakVQVEN3emFlakNJRk5IVXVQcEZTLTBuZVNHMklYOUt0VUhaOFJBcDNQSXo0YmlhY1JRSXg2VjZ2UEd5QXAxTVp2R21iaXp5Uk05X2lzR0RnUldEN2E5eUVnV3V0OFI4bk4ya1RKYWJvVllfYWZlSFBIVURGaURrMGMxV3dUZDZFSGYzMXp4dEIzMlJMcHlDbU91dE40cFlsZm1qZzdXcHI3NVZkMlJMWUFBQmk5RHZ0aXVMVlNSRUx6MDlRZGtEWWNJTUhBR0swdnBrQQ?oc=5,kredi faizi,2026-10-07T08:14:54.784617+00:00
2026-09-09T07:00:00+00:00,Kartlar & Ödeme,Ödeme Yöntemlerinde Dijital Dönüşüm Türkiye Ekonomisine Değer Katıyor,Mall Report,https://news.google.com/rss/articles/CBMinAFBVV95cUxNVjFtZldTWGlxY1h4VzZyRlpVUDQwSVVRRzdhMUlmVm1SMkVfSndMT0V3c01TY1NieGFzVjRfQl82VVdmZTZTbzNYTzQzMktBOVdkU0EwWV9EcWxxZlFQb0VNZmRJUFBqSjVzVjZCQ2lGMk5STkRVX1BVeDBvaUx1Vng3X0c5a3J2cVBtQWpTVkR3UHA0OV9hZDNHc0g?oc=5,dijital ödeme,2026-10-07T08:14:54.784617+00:00
2026-09-09T07:00:00+00:00,Kartlar & Ödeme,Kredi kartı limitlerinde yeni dönem,Memurlar.Net,https://news.google.com/rss/articles/CBMihgFBVV95cUxPNGNJX0NmS0hVTURWYjBXbkFQWVBILWNEbHk1R3pobDBCVGF6Q0NLVFJfT2RtaG5zb2pJRzBGRTdCbTN6dlpweWlLZE9UUUE0VF9Cd0M1T3NmUzRTNnFteFplVC1hc25UdlJQQkpual9ENGdxOUl1WEpMWVVlSEVwVDJEZmpTUdIBjgFBVV95cUxNWVNnSmg5SUlXY18zdEFhMmswR1IyMmdpMEZrMVpSTEhxZkZmblRaaTdRdkFVcTV2ZmNYVVJvSkVRWGpEOVNJRFBCTEtQalo2eDlxdHR5M2Qtd3B5eE8tV2E5SmNuTHlXWWNYdjRmNUx6ODZySGs2VmpBYXhRMFBWUW9sR250OG9EVjY3bC1n?oc=5,kredi kartı,2026-10-07T08:14:54.784617+00:00
2026-09-09T07:00:00+00:00,Kartlar & Ödeme,Dijital ödemelerden 574 milyar TL katkı,Habertürk,https://news.google.com/rss/articles/CBMiiAFBVV95cUxPTkF1NTZVYzU3bDNKTC1aclFPbUk4YVBnUTBjcE1WZXl4R1RJTEtEZFg3Q2tOeHNBVUdaVE1ZcndXVlQxcC05THVGTkhSM2gwNjFDZGZRaUphNXBqTllVcnBQNExXbkZ0VVVYa0x4elV3VldVX0VXMm4zRXpreWZ6eFZRbHdXTXBJ?oc=5,dijital ödeme,2026-10-07T08:14:54.784617+00:00
2026-09-09T07:00:00+00:00,Rakipler,"Yeni Apple ürünleri tanıtıldı: iPhone Duo, iPhone 18 Pro, AirPods 5 ve daha fazlası",MediaMarkt,https://news.google.com/rss/articles/CBMipAFBVV95cUxPZmFRa09XVGdCR2JzQWJwcFlXY2dHWExTWFE4WTdFWnRpd19KdFlFUmMyX0h0OGFGYXIxNEJSTGlucEQxTHhNNmlKZTlNLXdVLVhkeUZGOFhmV0tOY2lPTXpEQW0zQTRYUEN1T2hiYVBoN1M2SnNnNGlXSWFfMlg4Tml6Vl80cUJSY0xfeldXQXp4R1JCRzBJeWZIVHpBMU5PS1dOcA?oc=5,MediaMarkt Türkiye,2026-10-07T08:14:54.784617+00:00
2026-09-09T07:00:00+00:00,Kredi & Faiz,"Konut kredisi kampanyası başladı. Şartlar belli oldu, işte aylık taksitler",NTV Haber,https://news.google.com/rss/articles/CBMiugFBVV95cUxQQjJncDctTV9Nc1hRSW5XYjJlVVphdDJFWWpjb1FNLV9mOTluanoxbEVOcVFJcTNIOXB4bjlKYjFzbkl1ZTVwa0FhSGpUUlYzMkRfTGZXOGFrZXdLUmpVOHRIcWxlaTZyQmdNYTRVZG84bTBhcEdkTmhaeVlpbEtYbkpHVFZwcmVlYWJmS2pEdVRzMURLUXNIbE9kN1l2MTRsQ2RBTnlDeGN5Y3NNNm5yY1ZqNE5laU9CUUE?oc=5,kredi faizi,2026-10-07T08:14:54.784617+00:00
2026-09-09T07:00:00+00:00,Kartlar & Ödeme,İş Bankası ile Burgan Bank'tan kredi kartı anlaşması,Ekonomi Gazetesi,https://news.google.com/rss/articles/CBMiqgFBVV95cUxNZmVJWTBlUzd4d1ROUHVKS2toZ2Q3MGtIQ0dlUnFUcGR0Mm4yQWRMdkNueTQ5eExrWk5mNzlRSmcweW1zalo0Zlc4S0xxaUlxakMtOWpJUExCd2FFWm1tNXg3MXZfN0paZlpvS2p2MUliei1QdUE1cmtfRjdMQVd0SW5ELTBEdlpOTzBsaXRybklYOWtib0IyclcybHpOQmtleEZEanp0Y3FyZw?oc=5,kredi kartı,2026-10-07T08:21:55.564991+00:00
2026-09-08T07:02:56+00:00,Rakipler,"MediaMarkt Türkiye'nin ""Okula Dönüş"" kampanyası beşinci fazıyla devam ediyor",Anadolu Ajansı,https://news.google.com/rss/articles/CBMiwwFBVV95cUxOYnEtRkF0S2o0UXR4MjdrWl8tYVM0ZXNwNDNFLXg4WmktY1ZXM1ExUnNLRVUxTW56aU91VEZBOTZLQ2NrcTNxVFVndHlISEdvRzFjejUzbnJGV2FsU2hpOXhGamJGdmgwQzZxU3RpZVZXMTBKd2RlcnVnSEhmNE55WGFjX3d1UDB0bmVrU0Vvazl3UDEwUldaV3UzRHZ3dGt2Y3JWVGxHNU9uUC03YjBYSURkdjZ0VlVXazJjemJsY0tGZG8?oc=5,MediaMarkt Türkiye,2026-10-07T08:14:54.784617+00:00
2026-09-08T07:00:00+00:00,Bankacılık,"Altın, dolar, borsa ve mevduat faizi karşılaştırıldı: Ağustosta en çok kazandıran yatırım aracı belli oldu",Cumhuriyet,https://news.google.com/rss/articles/CBMi4wFBVV95cUxOUDd5XzNuOFVsSUZfUU01VDVzSTZRZ1hXWnpwajIwT0dSVGE5cG01YmhTRWFDOXI4OGxyWTVrSGdfb1FKVDJQS19zNTVUb1pQU25PaDhSanhZZDZLR092UDlHLXUwR29oV18zWXRfamZmYjJYV1V1TTNZRC13VWNkR0hHYzZabWxuT1JmVDB1M3JUMVBaLWI2WS1BUHA1V3FvQnlsNU9EQmlOMHRHTTlXOENYY2RDSFlZVnl6Q1hFOHhSeEh0azFmaDZPVGptRFRWaWYyWWJYa1ZtX2lmTlYyTFp2Yw?oc=5,mevduat faizi,2026-10-07T08:14:54.784617+00:00
2026-09-08T07:00:00+00:00,Kartlar & Ödeme,Kredi kartlarında yeni dönem: Milyonlarca kart sahibini ilgilendiriyor,Sözcü,https://news.google.com/rss/articles/CBMipAFBVV95cUxObEhzaHByMjlzdlRBdnVCTEU3c0ZnRFlQYzl2cmxHSUFwLU83TTRmRXhULXQ5Z0N4emgydmdDRUZjTXBIYk03dEVzN0I0NlZJV3JXaWktb3MxWkFTWURoUmZrbG1tTDViTXQ0M1MwSGdFSVY3VDNicGtyT2lHcS1qWVFnUEE1eGVDb2hvY0JlSXVfYnk2S2NNMnp6YTlkNVloNTNCUw?oc=5,kredi kartı,2026-10-07T08:14:54.784617+00:00
2026-09-08T07:00:00+00:00,Kredi & Faiz,400 bin TL ihtiyaç kredisinin faiz ve geri ödemesi ne kadar? Banka banka belli oldu - Finans haberlerinin doğru adresi - Mynet Finans Haber,Mynet Finans,https://news.google.com/rss/articles/CBMizAFBVV95cUxQSU93bElBd3NZQW1QcmtqdE00TDlyOFZrbThYdHQ4dnhWNW5oS29ZQ3VIdHdtQS1GV1ZkV1JuaG5hd0RUcjJOSG4yYVd2WmxnZHRCNWxKQU5IREFRYk9PdFRfUTNsUEliWUM1STdYNzJ3NTBJX1pzY1hBdmJxN25EVTNneXN0aEREUkRhX3BpVGFoY2huU1hTaUFsb3ZLaWl1ek5oektlbFQzWUdFMEFTUFpBcG9Jb3N2d2tCTmF3SFo5OFVULTZ2cWJyOGfSAbsBQVVfeXFMTXNwMTJkWG9VbVFMQnNPVmxMRVN6bVhCaWVUMEZJMTFMaWo3YTNrd25OcUJlTEMzdmUzNTlPVGtYbFRNdExZM1VNQ292NVFtWnFocHRFNDVLQlF0dDlQbzZpUy1pR2VzMEpzV01uTlg4c0w1WWVJV21fOFZ0SlliR2R6LWtZV1U2dVM1cWhhaFdEMUpHYmF0eVFvbDNtN2pQQzA1WllUZVZTWHdUekVVdE52VlRPVFUzWHdIbw?oc=5,kredi faizi,2026-10-07T08:14:54.784617+00:00
2026-09-07T07:00:00+00:00,Kredi & Faiz,TCMB Merkez Bankası faizi düşecek mi yükselecek mi? Merkez Bankası faiz kararı beklentisi ne yönde? Merkez Bankası faiz kararı ne zaman açıklanacak?,Habertürk,https://news.google.com/rss/articles/CBMi_gFBVV95cUxQQ21oZDBVRTFoVEo1dEdKNTlwMnR5UEQyZkJxdjhpc1ZLdXluZ0lfa0ktbEg3TE9lOU8wU2dwZXJTTG1QZHNFbndRM0U0WGtJUjRSb3JPaEc3QXhqVkNzN3RhTjhGTElBVVpCZG8yWXRqYW1iNVROd2pRSExXOWJUM0xsZXJNQnRJcnozSWlpaXhkamVtNUtYR1p5T1dKRkx5R3RyU0t5NVRhXzJWOUdFRDV0T1kxLTBDVFlKSDN1TVRpY0VIZWY0QnQ3eFZZaHp4Z2FDLVltSVMzSWJCbWZPQjg4TVFtVzVGb0RsdlJhcTQ2bVdSQWlmU0ZEWE5tQQ?oc=5,TCMB faiz kararı,2026-10-07T08:14:54.784617+00:00
2026-09-07T07:00:00+00:00,E-ticaret,Kadın kooperatiflerine e-ticaret desteği,TRT Haber,https://news.google.com/rss/articles/CBMilgFBVV95cUxOWDF3WUhiUmgtYzBDQlNsZEU3Zk9rWU1lcXB2Ml9uYkgxZ1JOdUZUTHNySjFQR1I4MXJ3ZlNmcWtFQ1hidUtIU18wR05XT0FReXlQam1VWFJyR2wxQ0M2Mm5NaGZNandYUWJkU1BjQXJXd2FnVHJwOUpTTFNZd2FuT1J1T3htYklQa2l6QjRidXZjeXR0cUE?oc=5,e-ticaret,2026-10-07T08:14:54.784617+00:00
2026-09-07T07:00:00+00:00,Kartlar & Ödeme,"Avrupa’nın Yeni Ödeme Savaşı: Wero, Dijital Euro ve Açık Bankacılık",Fintechtime,https://news.google.com/rss/articles/CBMingFBVV95cUxNaTViajkwaTcwRThkTHVoN3lyZkRIOEZlMXpWdmItY0JYeUxoOFlidEFOaDlsRXJwMlppVlRvTmZZY0YxQkY2ME4xSzFCb2F5blBsZHQ1X0RSN2V2SUVmelFQaFppTFN2S1BvRlRLRllTQ0QxYlI1dDFYYWhzbUFFdDhKbFU2UmVtUTVPeEpvTUxmQ2U4NzdINUZ6azA2UQ?oc=5,dijital ödeme,2026-10-07T08:14:54.784617+00:00
2026-09-07T07:00:00+00:00,Kredi & Faiz,"MERKEZ BANKASI FAİZ KARARI 2026: Merkez Bankası faiz kararı ne zaman açıklanacak, beklenti ne yönde?",Yeni Şafak,https://news.google.com/rss/articles/CBMi3gFBVV95cUxQZi02X3o0OW1PdEZ1a1VBMWlGaE13ZDd2TjFrZWVSdmN1cGtYYnZQS3E4eXd3cjdiLUZZZDFGSFBLUkpZQU05QmhVdGlRUHJyb2M3TDdLR1FoeVlXYnU2SndUYXpZSHA4YjZ6dzNLeDBjLUU0VTVzRVgyS2QxcVRJOExUZlRfSnVMQzVkWlU5VlpXNUFFaFRsUmJHTDN5bnJCQkJSUHpieFpreThndXBENmVKOUJiaHdaY3UzVzdZVTJXeUw3UjdrOVEzSlR5RDNYd29zRkp4c0Fudjg0SEE?oc=5,TCMB faiz kararı,2026-10-07T08:14:54.784617+00:00
2026-09-06T07:00:00+00:00,Perakende,Kozan'da zincir market deposunda yangın paniği,Bursada Bugün,https://news.google.com/rss/articles/CBMimgFBVV95cUxPLUhzVjNVaGVoLTMtVTdJLW94VFdfZVVCOEdYYW1GRzF2NVQ4aGJoS3BEWGJ5ZUVTbXpZY3YtR2JrcEJiOGJFSThjZ0lyalhGNE4xTU55S05qTEpPQVJKbDZLT2hTS0pjY2xNNmZDQ3JTQTFiYnlpeVdwemptV004ZkZiLW4xejBjRTFEdGJXTVVnVWxVaHZRMlB30gGcAUFVX3lxTFBuYTN1QWZEMjFqZE1SVUljVG9aSkhqYmlzMmRwbGRYUlkwbmZoU2V1cWxNc3hyV00yelFDU2FCWkhGUHAxb1d4NW1zTUhiNVF3OHhDblM0bHNBbDhwU1hFX2JjNFotZlNCc1JQcDJwbWxtWU5qOXg3Z0RKdTdEakwweW04WGV0VFF3RlZfS1BDTmJ4aUYwazdvVWRjTQ?oc=5,zincir market,2026-10-07T08:14:54.784617+00:00
2026-09-06T07:00:00+00:00,E-ticaret,İnternetten satış yapanlar dikkat: Resmi Gazete'de yayımlandı kurallar sil baştan değişti,Yeni Şafak,https://news.google.com/rss/articles/CBMi0gFBVV95cUxNMjM4czRoX1o0NlVHcVlFMlM5ZkUxa0FXOTJ0bXVEakhZcFZtdWJlckM1WnFNOHFJRXlaRTZNdU1rcXNpWWdHRGFnUFN4S2F4VWZWUEMtdWxrYkd3d2pSTHY3Q3EzbkpCc1NxNjV0cEwxVVQwUV9icklPNUR4SHpDVmdwTGJiY1NYVHJtUXk5MDZMeTA1Y3hqTW9Wd0hrU3J1X295ejlFckU3S2tVbnNlWFN0UHVNOHZVZHhVNGFLVWtDcFdPajRZc0VFYlJNRE5mVlE?oc=5,online alışveriş,2026-10-07T08:14:54.784617+00:00
2026-09-05T07:00:00+00:00,Perakende,"Konak Belediyesi zincir marketlerde ambalaj atığı denetimlerine başladı, 15 market incelendi",Son Dakika,https://news.google.com/rss/articles/CBMinwFBVV95cUxOSGdTcjlRVVNyazUxRmp6TGIxcHNmQnNSUWtwUEFweE1IS0Z3UEdvMTg5enQ3Q0x2SDF3TDZGQUdrcnBGR1g0LWNTOUtIbERoTnlwY201WGtoMW1pdFA4U1R1SnJjS2VBbzRnZmd2V3VTR3NtOTJGSXlDSFE5b3plNE9NNmF2NGk1dUwtMXhLZGoxRS1YTGJmdlBvbzJoT3PSAZsBQVVfeXFMT1l1bV9JZGswTXk1OHZMaW0xYUdWRHFWX0VkRWZVUUpwbjZDaVJLMlppb3FuMGxlOGN0dDRaY29FTG5PZFljZF9FWGFucERkd0hrSTk3Y3pyVDJUWjlRSVYtTXFvSHp5R0M5MzlnTXdsSUI0dnVXSU5VUjIxZ0tSTUNSWDE0QTg3cU1wV3JqWVY2V1FSSzJtc0JxNjA?oc=5,zincir market,2026-10-07T08:14:54.784617+00:00
2026-09-05T07:00:00+00:00,Perakende,Konak’ta zincir marketlere sıfır atık denetimi başladı: 15 market incelendi,Ege Telgraf,https://news.google.com/rss/articles/CBMiogFBVV95cUxPM2xwZVl5azhyell0Q3I5R3FIN0dfeTBKTXJ4dEVBZzYxVV80TFhpUkQ3ZnBfTjZxTTVhSlFpVlE2UmNHLUt0aWoxWFNLUnFUaUNXN1pSdUxnQzRjNW1od1lzWVkxbUVWRmFMYmtkZ2RWOFBpRVV4bjlKd3J5MEVwNmlBTGtsclpfaC1zaVdCRDNwUG5VVXdSQkdvX3p4X1BUSUE?oc=5,zincir market,2026-10-07T08:14:54.784617+00:00
2026-09-04T11:49:41+00:00,Bankacılık,Bankacılık Sektörü İlk Yarıda Rekora Koştu: 10 Banka 42 Trilyonluk Dev Büyüklüğe Ulaştı!,Para Analiz,https://news.google.com/rss/articles/CBMitwFBVV95cUxNYmN4QUNaTGc2ZGdjSmRQeGxBckMtbHJ0OWZPbmNsaFpTOWxlZHlGTVBGejczOXFBemV4MnhuWHUzazFDbGpncldZUldraUhhaUNfa0IwWXAtbmxCOVlQVG1MWU9NT0lUME1DaXNrMW5NZ1pKVlRIUFZ6d182YllMSzRQVFhaUHI0NUd5YVdXc2NSR0U0Y0Z1Z0ZGTGhfbVAtblBWLXhYSldoYVpacXZtVU5LYmRyRXM?oc=5,bankacılık sektörü,2026-10-07T08:14:54.784617+00:00
2026-09-04T09:19:28+00:00,Rakipler,"MediaMarkt Türkiye'nin ""Okula Dönüş"" kampanyası devam ediyor",Anadolu Ajansı,https://news.google.com/rss/articles/CBMirgFBVV95cUxObGc5OVJFdWREX21Oc1JOZk9fN1lVeHk3eGdIbUpzTmM3YmllZ2pYUVl1aDF1U0NNYnhuZ21IeUR2LUZ4eHAwckx5c1A0V1g3MENrdmdSa3BIQWhOSWtPcHJmSWUwVTFzVXZsZkV2ZzVaNEplUWF0Rm9BR19aR2RXeV8yaHlCa1Bfb3FrZWRPZmtTLWxQVlRQdnpMR0g4eXNBUVhNRWkyS19xb0t6Y2c?oc=5,MediaMarkt Türkiye,2026-10-07T08:14:54.784617+00:00
2026-09-04T07:00:00+00:00,Perakende,Euro Bölgesi'nde perakende satışlar temmuzda geriledi,Ekonomim,https://news.google.com/rss/articles/CBMioAFBVV95cUxQTmlQNUhybG9LemI3ekZ1QjVkQ1JaV2RQN1hsbGVUSnNETWR6dnQwdW5zbmVoQ1pKQWtyN2NsbjlRbGRQQzR5M3VZVGc0VTJTbEh0ODhaSmMzaHQ5Q0xUdWEzUnV4bXp5TFI0ZmFyX3BsWGlBZkNtcVd1NHFXbFlrZUdvU1hhOXJrcWZwd0RraEIwaDJiQnhvTUM0dVZMNjBC0gGmAUFVX3lxTE5tVTVocDdId3pVUlpTSzNpbl9PU2s2aF9mNFNlYVFDd3kyNEdnZGE0NHdmZUlZZXpsZ0hCVWhzaUlZWDZ0b3VSWnhSeFllNTc4d2gzYldDNFZ5U1VSbmJvWkdPZ0hnMFoxalUyTVBjQmZEakxXelNMQ2hkcEd1ZVl3X3BLdXVoSDA1c0M1czgwVmZFOERaNFpsMHk1VlJJSW9WQ3lNWHc?oc=5,perakende satışlar,2026-10-07T08:14:54.784617+00:00
2026-09-04T07:00:00+00:00,Kredi & Faiz,"6. TOPLANTI TARİHİ 🔎 Merkez Bankası'nın faiz kararı toplantısı ne zaman? 2026 Eylül TCMB faizi ne zaman açıklanacak, toplantı tarihi hangi gün?",Uzmanpara,https://news.google.com/rss/articles/CBMi_wFBVV95cUxQWHVxTGJGM2VGYVk0S2J3VG84MzNQUHkwRlF2MjI2anJicFZQeEttTGRMODJOV0I0TmwyM2V3a3NYVVI2QUxTZDU4NWN4elNjZW0xTlZkMHh3cjQxSVFNcWVpMVZKU1B4Qy0ySVhsRDNTaG5YRkktcnk5SFFuRERKUjNwNHpFVjhva2Y0X0ltV2VJVlM2NE5vcXlOcEQyeFlvUTNSbWp6Y0dqQUhOOGhGMW1HODdlQ1RjNVVrNFVxa1VGNmtzS0FHTmthUHpfa2s0R1plVXhyeEh0dHd1eXBFaGNDcUJpa1R6QjA1NUg4WEFMX0NveWwzNW5VX0ViMFE?oc=5,TCMB faiz kararı,2026-10-07T08:14:54.784617+00:00
2026-09-03T09:25:30+00:00,Rakipler,Teknosa saha ekiplerini yüzde 15 büyütecek,Anadolu Ajansı,https://news.google.com/rss/articles/CBMimgFBVV95cUxNOXoydmpOYzZOVUVOZFk3Zm5adlpMTzhGWVB0LXdDX2lvUFhkdDZXOG9wMHJvaFIxQ3gzZ3JnVERpTl9kQVliVGI2MkNPTVJtQzdObXBMZ09pbmNINmZFZzZMZVZwV2FWd2tCYXRzblFRYWJGQkJDZHZYWVdiX242Tms2c2M5cmpkVzhWejBGLXMtZVBZUTM1eEx3?oc=5,Teknosa,2026-10-07T08:14:54.784617+00:00
2026-09-03T07:00:00+00:00,Perakende,Zincir market kapısına kilit vuruyor! Çok sayıda kişi işsiz kalacak,Son Dakika,https://news.google.com/rss/articles/CBMimAFBVV95cUxOV3otdlZFZmdXRjVDV2Z2Mlc3WGVPSUF5YS1DWTMxcGREYkNRaWl5QTIwVEtTQU01ek1ldFd4amZaMV9OeV9oWVhORFMwOWtON3hHaHRfOWkwUEJreFJkY3dETng4RnlCNnBoM2IzRHZHQ2w4ZnBnVmptSy1WOFZrOFJNdnZvanNUb25RRng3NUkzYzlGU2lrVdIBlgFBVV95cUxONGVGalhYR045R1FqaDlUR1hHdVNCODdDY1MyelF5a2FSVHVyVGJCM2R2cl9zZG9CQ01sMlMzRUU4T2w4WGdaWUZPTVQ1bkMwQ3RqeE9yVEVTcGQ0UG42VWxMM1B0WEhRd2k4c09mdmg4MWJFR04yVWNGaVB4R2VDMHR4VTlkbGdJS19BTXVSOEZNSnppOWc?oc=5,zincir market,2026-10-07T08:14:54.784617+00:00
2026-09-03T07:00:00+00:00,Kartlar & Ödeme,Bankalar düğmeye bastı! Bu işlemleri yapanların kartı kapanacak,Son Dakika,https://news.google.com/rss/articles/CBMimgFBVV95cUxPVFFxMzc0MHNrWjlHOERyRmlMUjhlWXUtZE9aRXM5VzAxb0hDT2E3eGRDcVM4VVBoNU1oLXlBR2lNcTlKVkZzZ3NFM1psRk9UQXQ1aFV2cUJuc0tGWUNLZzJfQk9ZQ0JLLWcyVjdqdXdxUF9yMElGbGtmdjVLR0lPV3FfaFR1cVE1bl92b1VtTTFhNFhNSUJvZHl30gGXAUFVX3lxTE5reXFManpBeWVaV2Vfd3hELVZGZlhHYzFmTGU2OVJYMFl1MFFjLWZJd0lTcnA4VmpmSE9CYXNudEQzQ0JRaXNXUFlTVjAxbDEzMGlrSVloN2FRZGtiR3l0cElYNlVqVGl2Q1dxZlZ6S2QtNTNBUjVwMmZZVTdCdFJMVUktbDZQREJBa243WXgxc19BSHhsX0U?oc=5,kredi kartı,2026-10-07T08:14:54.784617+00:00
2026-09-03T07:00:00+00:00,Bankacılık,Bankacılık sektörü toplam mevduatları yükseldi,Bigpara,https://news.google.com/rss/articles/CBMiugFBVV95cUxPdlV5TjlldUUxTzIyT0dlM1FvaU9SbllUWnk1SDhZQWhhUE50TkNIaFFObnZvZFFLc1VidkZ6MS1LVjRZeldxMTJnZVVLZ3NCYWlURkdqNGNGMkpuRnd6bXVxM3lFdWRpeVhqdTlXdEh1cWdzVGxzYm9yNVZ5WEpvU24zREZDMU1fdnB0OTVvU0t2M0c3UlZfam9DVjJVT0VfWFBIWGo1a3JzNnpZNEFtRXJQdXJnTzRpRWc?oc=5,bankacılık sektörü,2026-10-07T08:14:54.784617+00:00
2026-09-03T07:00:00+00:00,Rakipler,Teknosa yeni istihdamla büyümesini sürdürüyor,capital.com.tr,https://news.google.com/rss/articles/CBMirwFBVV95cUxQaUhzZ0NKa1BUdGFNeHR5UE1vUlJzQ0RUV1V0dy1WeExGaVEwZXdSNFRKeHJ5b2Z0UkV6Wm44ekJtN2Z2VVNlTUt6ZzA4NU5MWEQzb2xfTW5vZG9mVVRESkJhTkNBclBhaHR2R1ZqNElYVlNtRE1aOFkwX2dqVDhsei1mbWN4LTBwbWVNSnRCVWJTaEZ1aEtZT1B6RXkyR1VMN1RrSzhCYXIzeGxNbjU0?oc=5,Teknosa,2026-10-07T08:14:54.784617+00:00
2026-09-03T07:00:00+00:00,Rakipler,"Teknosa, 300 kişilik istihdam sağlayacağını duyurdu",DHA | Demirören Haber Ajansı,https://news.google.com/rss/articles/CBMiowFBVV95cUxOUDhSSThuRVpsQWlOVzNiUFBPTFRYYXV0N0lFZTJvUlU2N1I3cExtWVNCVXc0c1VnT0FFSlE2T0J5NVZfbnZ0dUYwLXVnT204VldRMXhfSXNVdlRHNWxBQVdkOU96Yi1IUEZFSHZPYXU2c2xDQ0lNdGdOZ2g4Y3l5VmNYc1RKS2x6TVRSamtXWEdwYlR4S2R1OEUtSGY4VGxVUkZv?oc=5,Teknosa,2026-10-07T08:14:54.784617+00:00
2026-09-03T07:00:00+00:00,Kredi & Faiz,"Kredi faizleri düştü mü? Eylül 2026 güncel kredi faizleri ne kadar, kredi faizi nasıl hesaplanır?",Konya Hakimiyet Gazetesi,https://news.google.com/rss/articles/CBMixwFBVV95cUxNUVNVeGJDU2JaVXJSbzhUMy1HTktNUzBvUXZKWThuZnFXS3ctZGt5bmlvMVhVUjdCbE1sX05rZmI1aFJjTDJQbl8wTG0xNlFLekhMR2ZWZllGUm84bXlqNUpaQnJoZ3lVQUpFN2VkZVJjVTh1YnRsLWVQZDZab3pDU1haNDlGdVJsc2ZrRkl4Yk9EeHVMVk9FVHV6cHJWMy1SZmllcVNiMzVvUVVtcjFiamJfVWYyTFQtWUJXdkxjTnZSbXRVaXlz?oc=5,kredi faizi,2026-10-07T08:14:54.784617+00:00
2026-09-03T07:00:00+00:00,Bankacılık,Bankacılık sektörü kredi hacmi belli oldu,Sabah,https://news.google.com/rss/articles/CBMiigFBVV95cUxOZm9yanJfWjNXdklNQkhMOEFCRVU0bFVlMmVoT3IzTnAzaXlvU0x1WWVTbC1IS0FpOTBtRUt1TFNLZXA4YlF0M0pJWHFVYnZXUGhNMlNuazU5Y0w5blZETWtmaE9VUV9URUJQUXhDbmYwejVsd1ZVN1VkeVBWSjVVUVU0NHNmc0lmZlHSAYwBQVVfeXFMUEdKSnpCakJDd1JuZVI2UXI0OThCanZ5WFV4TVROelZaR2ZjWGJ3UTNYQVRISkJxcmUzUjIzSVFpRlVrTzlKcDRIREMtLU5IaG9LaEhBanlBd3pDVERmdGFGTUJJWUVhbEVfZzRuazl4aHZscVZlSkpkeVE0MHlLcmg5RmV2b1psb1VJVE4?oc=5,bankacılık sektörü,2026-10-07T08:14:54.784617+00:00
2026-09-03T06:26:39+00:00,Rakipler,Teknosa TeknoClub Üyelerine 5.000 TL’ye Varan İndirim Fırsatı,TeknoTalk,https://news.google.com/rss/articles/CBMimgFBVV95cUxPLVgyM0ZmRTN5N3VXODdNaVdwZDA0bHZkR1VsMUMyNTN6OUlHZGE2WUJ5bzVRRFAydUJlUDZHdDM0MHptQmFaaktfcW4xYktiRC1PWUdSdG1MZmNfb2hrQ1QxU0RPc1BFLWQwLWpqcXFqbE5aTE5zZW1HSXdpVDltcm1Vd0NORHJOREt0bWdUR0ZsTjRxRDRGNkpn?oc=5,Teknosa,2026-10-07T08:14:54.784617+00:00
2026-09-02T15:47:34+00:00,Rakipler,Teknosa'dan TeknoClub üyelerine özel kampanya,Anadolu Ajansı,https://news.google.com/rss/articles/CBMinAFBVV95cUxNeEJ4OVBCRnFXd0VWb0pGVkRkV2owZzJxVUlMWktRYlBLbWJOSk5icWpCVEprRjRvQ184ZHI2SklQa1ROU2ZXLVIzMkhTSEl4Tlp3S1BvdzZOcHI5bGVybmREUzRuQnlib1NfS2hxaUIwQUhfUkQ4aHE3dm43d19CMUVHbUQ5LTNRVWx4Y0VMSzU2LVB2SmxpVXFkRHY?oc=5,Teknosa,2026-10-07T08:14:54.784617+00:00
2026-09-02T12:50:01+00:00,Rakipler,"MediaMarkt Türkiye'nin ""Okula Dönüş"" kampanyasının üçüncü fazı başladı",Anadolu Ajansı,https://news.google.com/rss/articles/CBMiuwFBVV95cUxOR3NuVW1YejhXTk9RU0h5VlI3QzNGYjRFajNIeU1kNFdYVnRVa0tMaGI2dXpGTzdWQ1pTYm15UmpHMk95RWMzeWNfOEJSYklnRmlidjNuM3RZYms5VG9tQy1vTzh2MG4tMmFtN2FBVjhwdDg3a193UlRUcV83YlhYa2NBTlgySC1hdzZkQkNBTEt5TVBxa0hZdVVtc3YxV0NFNGgwekp1TTRqR1lySk1PZFVXR2pvWXY2Y3Qw?oc=5,MediaMarkt Türkiye,2026-10-07T08:14:54.784617+00:00
2026-09-02T07:00:00+00:00,Kartlar & Ödeme,Bankalardan kredi kartı sahiplerine 'kısıtlama' uyarısı: Bu işlemleri yapana inceleme başlatılıyor,Cumhuriyet,https://news.google.com/rss/articles/CBMi2AFBVV95cUxOaGZjOTNZZ25vTld2TXNDTGQ5SFdtNUppYlN2RjNUbjFjRWthN3NqRUZaLW1ISGQxcnB1amg5c1d4U24zV3Q2bWNUN0Z3N2sycDB6LV80UGtETExfNU5mNE9Tb19FMGlvZDVVNW96UDduNktxY0VWWVFIS1duUXBxeHBoUWg1ZG04RlpMalpRaTRneHFxSVZ0M05XX1dTM1RaSVBYMUZ5QTJ2alB1Tm1kT2dISm9zZ3hZWlk3QUJxdWJVbkE0Q3E1UG9sZDJDaEk5WGFQVWJ1bUo?oc=5,kredi kartı,2026-10-07T08:14:54.784617+00:00
2026-09-02T07:00:00+00:00,Kredi & Faiz,Kredi kartı borcu olanların beklediği karar çıktı: İşte yeni oran,Yeni Şafak,https://news.google.com/rss/articles/CBMiqgFBVV95cUxPTEk1NmQzV05xdkFUNmV6VzlOcHpZRFdGbUdVOE1jRUQtTUZzSzltaGVZUU15NEZhc0lQYTFFejdJamJORW9QS2N6bnZQeVB2NUFzWUw2T3QwdmhFcHB6eW5nM0FpOHRkWG15WFdDTUdXTnFOdVF4clJzUzl4Y1dpZEcxMkV4Xy15X2FXV2VVLWVyeTV0SUJ4ZVpoWksya1NvTmJzSE0teG0yZw?oc=5,kredi faizi,2026-10-07T08:14:54.784617+00:00
2026-09-02T07:00:00+00:00,Kartlar & Ödeme,Kredi kartıyla o işlemleri yapan yandı: Anında kapatılacak,Nefes Gazetesi,https://news.google.com/rss/articles/CBMikwFBVV95cUxQT3NiRFotWUZDVklvWk1yZUpEdDREM2JWb3ozYWFiTzZuQThzN2pJZlNzbmdnQlZTYUVyVUVVLWpCXzlIdHdiV19IRndudm9Dc2hIaVVaVXJyZ2NkR0hSNl9yZVptd2xmZE1zaEx0d21Xay1uVm1RNXB0dU43Vlk4TW1jZzFQYlhldmdVSF9jU0psbkE?oc=5,kredi kartı,2026-10-07T08:14:54.784617+00:00
2026-09-02T07:00:00+00:00,Kredi & Faiz,"MERKEZ BANKASI FAİZ KARARI 2026: Merkez Bankası faiz kararı ne zaman açıklanacak, TCMB Merkez Bankası toplantı tarihi açıklandı mı?",Yeni Şafak,https://news.google.com/rss/articles/CBMihwJBVV95cUxOS1J5MlVrTWRfX0RDdDNjb1U4UlJ0Smk2VWtXbVEtZ1VqT2JLU3g4SHFIZW50R1N4dEVheW1ubXFfaUNmV1MzdUYwQnNkRzJsLTBVRURiSFJhcUhZNEVKcWltc3lDckp2SlJlWWlyWjdJZFF6R21saHJ2eGVWWHJ0MWRxbTM5Q0NvYmg4NjRhQU5fam51b2xZekhSRmZtem1RMXdiMUg2cUZZN3FMbzRtLUdIWWpOdkx4czY2aThXM2RuWVN4c002NHU0djJGeWlUZi1GUFQwZXRDYUVuYWEzVHo4M0NvNWxVRkxVa09BOHJOem5veDBaY0hJVkloVm5QM1cwYXFzOA?oc=5,TCMB faiz kararı,2026-10-07T08:14:54.784617+00:00
2026-09-02T07:00:00+00:00,Kartlar & Ödeme,Borç yapılandırması birinci taksitler ne zamana kadar ödenecek? Vade ve taksit sayısı kaç ay?,Yeni Şafak,https://news.google.com/rss/articles/CBMi1AFBVV95cUxPOXY1TlVBMGlQQnJwVXg1eTJyVzVNcFl6cndwdkNMY0JoZ0cwU0Nvbm5JbFhxczF2UkFCU0x4aWpmQkw5YUJKbnh5cmQ5UDJzWDljY0psN0V2UC1ZRFQ5WVpndERCWEZjUlV2amZ5ZTViTEI3dGtfMTV0QVVjYUN6TVlITmJTS2Rxa0ZWUUhseXM2Z2prVmNOVkZfWENCZVUwWWZRMTlMeWlnV1pfSW9XQ3lyTkI4OUdJV3Ffei11NEgwQkdEbUFrNExaSjgwUDB6SDhzSA?oc=5,taksit,2026-10-07T08:14:54.784617+00:00
2026-09-01T07:00:00+00:00,Kredi & Faiz,Eylül ayı azami kredi kartı faiz oranları belli oldu,Ekonomim,https://news.google.com/rss/articles/CBMiswFBVV95cUxNZnYtVlhkQktha0YtSTZJZ3hEd1ZkQWVHWFNHb2Q4VkRlekI4MGM1UTR1VVpndmpKMW5ibjk4VnRQRm5PNjdMOW1zdXctZHJRUmtYWG1udXFWV016MWs1cXk5ZmVZMzBDTWp5ZTkycDNKcXhQUlVxaVNwblp4RDllOV9NbktlSGM5bDc0OGdYWC1hYUZmLVBBbGxIYXY1ZklhYkRhNXZyWWhYWEVDQWg4YTBDc9IBuAFBVV95cUxPWXJxYkhveXRxSXlJekJ4eUtuM0ZsOFl2Vldqd2g2Y0Rkbk5MV3d1ZGN0ZHE2c19WOFNuUGd5eldES2ZsZ2JFbGtaZVVFQXo3LUZheGdrbGRwS2owN0haamJ3cUtRUURQVThMRUxzYjBRU3RJRVdFQjdzSHdJZV9NZDc4V3B0UW9pWlhyRVVZTk96WHBkRVV4Vkc5bzBQWk15ck1wNVFrWm1qcGNCMlNHbkp2Wlo0UlZH?oc=5,kredi faizi,2026-10-07T08:14:54.784617+00:00
2026-09-01T07:00:00+00:00,Piyasa Göstergeleri,Dolar ve Euro kuru bugün ne kadar oldu? 1 Eylül 2026 döviz fiyatları…,Bloomberght,https://news.google.com/rss/articles/CBMirAFBVV95cUxPTHJPbUo4M3BYcHFHaFpDbmJON25lQXJ1QzNNZ2lMSkJmTTFKZElNenhGQzM5aHdtOGhtMS1QcnZzQURHMmxhYmREYVY0ZllFM0dKWC1CTmdtdFNtVkZKMmpmU1E3dU1EREMwZUVhODlKZWwtdnYzM2FWVmQwU1pNYl9USUw3ekhPcGRieUE2NGtuX0FHcG1Sb0VoN0VVTjNmRU1qMWZxQXVxVDV2?oc=5,dolar kuru,2026-10-07T08:14:54.784617+00:00
2026-09-01T07:00:00+00:00,Kredi & Faiz,Kredi kartı borcu olanları ilgilendiren karar: Eylül faiz oranları belli oldu!,Sözcü,https://news.google.com/rss/articles/CBMirgFBVV95cUxPMThCc2tRWVo5RzZRTVF6bHd6UmlpTTU4c3dvRGc2b1Eyc21MeG1pamtzNWVueXdXOXlBZVI5Qi1zYkdYOV9fYVRkUHFKNFU4MUhWTGhPeTNOSmU0QmJYd1JXQlA4TXliaUJJLWFKeUxlS2J3b0pRSXF4Q1JNU3lXM0s3NGN6NHRfMGxNNlY0aHZNbFQyTGtuSjhfOUhuMUxZT2d5czJYcEltQzIxRXc?oc=5,kredi faizi,2026-10-07T08:14:54.784617+00:00
2026-09-01T07:00:00+00:00,Bankacılık,Faizlerde yeni dönem! Mevduat ve kredi oranları geriliyor,Uzmanpara,https://news.google.com/rss/articles/CBMirAFBVV95cUxQSFoya2dGalBrczBEN2xkQl9aRVU5eG5WanN0c0VUSmhObHl2X0JCUzl4RG11SEtydUJqMHlVV0VVbmxJTXprQWY2Q0JzNkMwMmdjdjBCVUpuV3VCcXhNWjVjdmpmUGdCSUZWN3UyaEN3R2xkOHdNVnJnVkR3b00xVXRRMEtVU0h4UlVYNnNIUUZtZWZ5RlNYeTRoOHNQZmNCV0ttd0RpVGZscW9f?oc=5,mevduat faizi,2026-10-07T08:14:54.784617+00:00
2026-09-01T07:00:00+00:00,Rakipler,"İngiltere'de perakende fiyatları 2,5 yılın zirvesine çıktı",Ekonomim,https://news.google.com/rss/articles/CBMisAFBVV95cUxPaEJoQVVVd1ZZX2ZSNFlyaDdHUHVYQ0tuV184MUo1QkRCV25wRndVdXVVTEFVM3pUdnJnWkw3LXBzY2l3NjA0MnVmbzNKejI3dEFDN0NYM1V3c1g2NFlkRDZGaDdVblR5Ukt1aUVkcC1LamhxcW5Ca29sangyeTN0MDZNaTVZRGlNNmhuUk1xNG45c21jaHZoRUpUZzZPNDRINXItOGxYZDBUWW9uS3lNStIBtgFBVV95cUxPQkN1RkhuZzZLZVNGMW9CSklXRGRwZHJEb2szZy1Ba0VPNXg5dXFQT1Z0NnhEbVFwZmhPTl9ZVGc0aTBYX2Q5YVBNS3FQNGNDXzNUZlhPd3R4ZG5wczdOYmtNNDc0c1ZSQlozcE83cklld2NNREFKM2xfMnAxZmNyMU1heXNHWi1zMWtUY0JZdnVnT2xxb0JCbm94XzczUWZHNXlLemZGb0lxT3NJWHlmOUEwRV9pUQ?oc=5,elektronik perakende,2026-10-07T08:14:54.784617+00:00
2026-09-01T07:00:00+00:00,Kredi & Faiz,"MERKEZ BANKASI FAİZ KARARI 2026 EYLÜL TAHMİNİ: TCMB Merkez Bankası faiz kararı ne zaman, saat kaçta açıklanacak?",Uzmanpara,https://news.google.com/rss/articles/CBMi8AFBVV95cUxPYVJYWEZJXzZTOWY4dF9RUUR0bVZMYkxkTlBRTzI4RmxKV1hCQWFzX0JSWmp1NkJjajV2WjVXRXhTTUh4Mk5NVDlHUVl2ZnZzcHEyRWktb2xheUUtOEdydGJnZzNBSS1lZDBpc1FOMHRiUEczVGJ5a2xzYkFFbjVxTlowT1RvN0ZyWjBkOE91Q3ZBNkhqT0hKVzM5Z1diR29vWWE1cWM0WFlHbW1yRE1FX1k4Zk13aFhKT2p5N2NSR1puVHVIeTFCN3NSZE9kZmx5b3FYZW1ua2dwZ3lTMWRNQXM1UjNYblZlRmd1YzRVWnk?oc=5,TCMB faiz kararı,2026-10-07T08:14:54.784617+00:00
2026-09-01T06:28:33+00:00,Perakende,"Almanya’da perakende satışlar Temmuz’da yüzde 3,4 düştü",Investing.com Türkiye,https://news.google.com/rss/articles/CBMitAFBVV95cUxQUDdfaE9EbTBlOFkzMFAxTGhSOEM1akhGTUJLR0lXNnhyYzBYSXlSQ2pXb3FyNF9JZEY1VGdFVVdxTFc0MVBJYWNSX2xsVVVBXy1nTnJ3UFZDNDhXcVZ1Ri1UYXJERG9KNjVkTmJJWWhRMTlpQWJTcjB1VnQ5WUt0aWM3aUFPSGdFUDRQa0hNRXBXZDhhTVAyYXZ6Yl94bmdmcW9CNVU4c0VySG9RclppT0xpVkw?oc=5,perakende satışlar,2026-10-07T08:14:54.784617+00:00
2026-09-01T06:15:58+00:00,Bankacılık,"Vatandaş borçlu, sanayici zararda: Yine bankaların yüzü güldü... 596 milyar 395 milyon kar",Odatv,https://news.google.com/rss/articles/CBMixgFBVV95cUxONHZoNXRIMENKZy1kUDlma1I5bkJtbmRfOFlZSjZqc2xwWnZJN2Z0ZXk2T2FKS3VlMzlWcWhncWV4NWJMM2JlVG1oc1VxTWNzamNMTDQ4M0VCdlhucHpBWkRSWFA1WmFZbm9HUG1NT1h4YldTRXZFRERCUTdvWUFHLUpYVU9BLXNqV1V1Vzg2aHN5WmFqN1F2bVRvNjAySW5EUmZJbU1xUlZ5S2c1eFBnb053WGJtUGx0Q0JuTXNjQnRGU3hUeFE?oc=5,bankacılık sektörü,2026-10-07T08:14:54.784617+00:00
2026-08-31T07:00:00+00:00,Bankacılık,"Bankacılık sektörü net karı 596,4 milyar lira",Sabah,https://news.google.com/rss/articles/CBMijgFBVV95cUxNakR4UC1neEpja3dMY21wSVZ1dnpuWExiX2N5blo0ay1zb21zaEwyanhpbU1Pb29GamttOUh3Q1JMaFQ5ZjlyTkY3ejBjS2pyTHg4SDc2UDlDclNwSTQ4XzdyMlpScG91UjVNRktQLXZsUVVtUmI0dEdaUW9aWmt5V3NZQ1JzRTJxQ0lCZWJ30gGQAUFVX3lxTE5vRFp0WkhUZGFyOFpkMmhTVzJMOUdKV2puYi1rdVBoQkk5T1VzRmJZMXR2aXpxcDI5UldsNkhnWjh6TEw2bnhKdjlZYllIWno0aVRUeExPN0xodHkyc1ItOEZqcWs3NXZzd2VPd3VlWUdqcGF0cC1hNHhEQmNuNWtmQThrQzJvVHZvMVFoR09IaA?oc=5,bankacılık sektörü,2026-10-07T08:14:54.784617+00:00
2026-08-31T07:00:00+00:00,Bankacılık,750 bin TL'nin 32 günlük getirisi belli oldu: İşte en yüksek mevduat faizi veren bankalar,Cumhuriyet,https://news.google.com/rss/articles/CBMizwFBVV95cUxQY0xMcC1YWG5UMzdMSk5rMlhfT0RMWGxLTlM1cGNoU3FZbU1JdXhRb21LeHhqa3lWNVY5THlZVFVsamVkUklGRFY1a3RNeW5FU2RmbTRXT0F6OEl0UmJMTWVYY2hZcURlNXlQQ1ZIemozdnBGeDVaQWhKc0R1VjcxYmowbGJyMC1zOC01M05JdXRWZzhZVGszQWlBYWNhZzZVNk9obDNXcGIzR293ai1ZLWNuY1FsQ1JYSkd5a3J4TUlfYmdVenZKRDFRdVdrSWc?oc=5,mevduat faizi,2026-10-07T08:14:54.784617+00:00
2026-08-31T07:00:00+00:00,Kredi & Faiz,İş dünyasından bankalara kredi faizi çağrısı,Bigpara,https://news.google.com/rss/articles/CBMitwFBVV95cUxPaXdjX1FXLURzQXpSQ1RWU2QwbG00dXNGN1N5bmE1a3dMUEYtbm5DNmNkcG4wX3NiWktuM1REclZTWFBTWEMyNU1MZURmRVhzZkJCSExUZU9yUDVIeTBWT0RJSlFmY3RWNk42em1DcVZ3NGs3TkFlbmtyN2hCTFhWV25qbWstb1k5dk1FcDVRRzhhcEt0bUR6M2RxeUEwVU11eHZuM1dxclpLU3M5Q1dWaE52X0d4SGc?oc=5,kredi faizi,2026-10-07T08:14:54.784617+00:00
2026-08-31T07:00:00+00:00,Kredi & Faiz,İş dünyasından bankalara 'kredi faizi' çağrısı: 'Bu hafta bekliyoruz' - Finans haberlerinin doğru adresi - Mynet Finans Haber,Mynet Finans,https://news.google.com/rss/articles/CBMiwAFBVV95cUxOMTFCWms5NWlVQ1YxakFHZFNSRElMbHZqTFF1RkJvbW5JQ0RSVkV2bW9pMWo5TDJXalJ3U1lZd3hRYlIwb1RuOFQzVFNlV1hUQmZkUnhrRTBQTGlDVDhjcTQ4N1lxM19QRTVUaWZ6eEhSSFhiaDJMUm5ER2M4b2U2LTV0Qm1namlEek9LUTk5VWVqU0lWeTJkNEdGZ3FweGVvQTk4ODJwVWlGLWg3T09za3E4ZFdxWkV0MUlPSUVaRU3SAa8BQVVfeXFMTTYzVXdCNlNONDRLd2V3RUhNZG1leThhT2VPUThSUXctWHM3Z214bm1ERWZ2SXJKTk0zamJNcVNPdjVEaXk4R1AwMmR6S1JHTUFzQ19JckZYdUR6ZDZGaThxVkxYd2kxQ3N0S29ZMXJ3X2l0NnAwdkhkbTBpV2NPaXhKZFhJemlYVjctYzNxWmJCUGd3bFlBMTBNSFhRRy10XzFRV3BGVWFsc0N3X2dObw?oc=5,kredi faizi,2026-10-07T08:14:54.784617+00:00
2026-08-31T07:00:00+00:00,Piyasa Göstergeleri,"Dolar kaç TL oldu, Euro ne kadar? (31 Ağustos Pazartesi Döviz Kurları)",Dünya Gazetesi,https://news.google.com/rss/articles/CBMitgFBVV95cUxQaDFtaTl4Z1ZyWFlfZXRCcjROV3BhLUprZEtOQ05LMTl4SEN1UHBTcFFjWW9HVWFiaFV2Q1ZTTFlsd0xpWG5pc3c5VlBSa2FMcG9BVUx6YXBPc2ExaDdjWHIyNjVMcGtTcnZVSUtlOXFKM0tmQ1VRd2luMVdRdHc1dHJOcUhkWkJJdUtNaVNyLWFjR1ppclpybWlrUHZSM0M5UmRsWk4xTF9CbnZOLWcyOEZ3VGhBUQ?oc=5,dolar kuru,2026-10-07T08:14:54.784617+00:00
2026-08-31T07:00:00+00:00,Kredi & Faiz,İTO Başkanı Avdagiç’ten bankalara kredi faizi çağrısı,Dünya Gazetesi,https://news.google.com/rss/articles/CBMinAFBVV95cUxPUERxRlVlUUFaZkpmN3UzMEFLNWhrYjJ2MExfdnFoaFNaWmhqMFptTk9MNENpejdWQnBwaHhhZFlYeDkyY3JsV2g3ZGxrQXlHWmlVWGxWWFZYNUFPdjhscjdvdjhTRXROUWx3blRwOUhYRXc1cnE1VmdkR0dSd250MDh3bGdvcjV5ekRISXlTYm8xbDRyVmJGMDVYbVo?oc=5,kredi faizi,2026-10-07T08:14:54.784617+00:00
2026-08-31T07:00:00+00:00,Kredi & Faiz,İTO Başkanı Avdagiç'ten bankalara kredi faizi çağrısı,Memurlar.Net,https://news.google.com/rss/articles/CBMingFBVV95cUxNY2VqTktsOHIwbXFHSUNnalF5MEVwMUJCV0t4ZkJkWENGZURoZjlwU2kwRFJ2TUJwck5PcDI5Zmc0TFRIdHJtNl9oWHp1WGVrekx1cGhWdFpWaGhhTGlUdjR0cGJyVElOY2tTcXc0UVBpemt0WGZxZHFzelNISkZSdVNUeE9FWTYzaEJ2WlduTmxJeDBsMGhUc0d6ODAyZ9IBpgFBVV95cUxORnQ4MVdjUloyQjVrTTE3T2owTkxBS1N1allHSU5wSGhwYnJQVXBla3ZRYzFxeXBjaFpRRzQyQWRIZmVoazlnU05fb3NlOEF6ZlI3LU05TU5PdFlkeVlBTEZXRVRpOTE0S0N5M0xKSDdWQ2RoZlNuUHQwN1FqY09odTdGN0M1bS12cXJlSFEwTThra1FyR3lXUkZlN0dPd1FoZ2pIeFJB?oc=5,kredi faizi,2026-10-07T08:14:54.784617+00:00
2026-08-31T07:00:00+00:00,Kredi & Faiz,İş dünyasından bankalara 'kredi faizi' çağrısı!,babaocagi.com.tr,https://news.google.com/rss/articles/CBMifkFVX3lxTE5pbkt3LXgzVWl1b0h6d3ZTMXZHWlAzV01vZU1XcDNZS193MldkS250YjZGM2MycFZXVTN4UE10aHZ5YzlTUWZna0lsei1uMktRTXQ0VXAzNEVfSmtQUEJjeUFsQk9TRjQ2a1RNLUh4dmxjSTl2QXZtU2Z2VDhpZw?oc=5,kredi faizi,2026-10-07T08:14:54.784617+00:00
2026-08-31T07:00:00+00:00,Piyasa Göstergeleri,Dolar/TL’de son durum ne? 31 Ağustos 2026 Euro ve döviz fiyatları…,Bloomberght,https://news.google.com/rss/articles/CBMipgFBVV95cUxPRy1lNGZmN2pOMzRJVXQzdTJHdHozbmIyZ1FoZmlpaUlNUWw1VmU4ZWtOeW9VdFk2cjhOTUIwaUN1eDF4dTFhSkpTN3UwWXVOTjNVZ0xJcDNRYkdibHhvZUFodVNBdV9xbjVsUUdKcG5pb1N2eU9pZEYxaUtsNHVwNUpvWUd0bGR2cXhiYkdINmI4dDRGdTNNSlREYmFuazhxR0FpeWhB?oc=5,dolar kuru,2026-10-07T08:21:55.564991+00:00
2026-08-31T06:25:03+00:00,Kredi & Faiz,Bireysel taşıt kredilerinin hacmi 5 yıl önceki seviyeye geriledi,Gazete Oksijen,https://news.google.com/rss/articles/CBMiqAFBVV95cUxQNUdEcUpsWnM2VVZJQzZJandKSmQ0Vk5VblA3NnNLcmtvOVYzWWtFUkRfc296MmZKZ0xqd3Rqa1ZmYnVTalBpRS1xQUxDTFRyN3ZnTFkzTzg5X2poSU9DNUtpNlFydFFTSDYzdHNuX2VFdl9mMDJwX2hvQ2JxNkQwc1hDT0R3TG1BTTZSSEM3X3RLNTYtSXpnUGk5VHJKMTJieThnUzByNHE?oc=5,tüketici kredisi,2026-10-07T08:14:54.784617+00:00
2026-08-31T00:09:54+00:00,Perakende,"Japonya’da sanayi üretimi Temmuz’da beklenmedik şekilde arttı, perakende satışlar yükseldi",Investing.com Türkiye,https://news.google.com/rss/articles/CBMi2wFBVV95cUxQS3hHRnJsZDUwbV9Ta1l4RUpEMU1ZRzFxcmd5cm54a0dEZDJtbDJwR3VSU0pFSzB0aFRYZ2s4bm9iSlMyWU1Xcjc4c090VER5dUd5ZEF3eTZCSVlVN2tjNHVLZmllVzdQMVk5LTNsTUVDTVJldjB3RjhlNzdRbHVfdXo4dWgyY000Qkw5WkgtWXR3dkpLS2dBd3ItcTY2TTZnSk5XLVpjY2FPdjkyTmxKaWxCaVdWWDlJMUNnWFZHc1BsdXU5dnVBYnA5U0J2N0plWlBoTjcxVXZxZVE?oc=5,perakende satışlar,2026-10-07T08:21:55.564991+00:00
2026-08-30T07:00:00+00:00,Kredi & Faiz,"Merkez Bankası faiz kararı ne zaman, hangi gün açıklanıyor?",Dünya Gazetesi,https://news.google.com/rss/articles/CBMiowFBVV95cUxNRm43Rk11ZkR6N2NTVnpIdHhlc216UXBFNnBORzdmZXpCR2JsbkdXTmd1NXNkbkNSbHEwR3VDY0xLNnNuVDZaZzF0Q0tWa19iaUpLWUpnVnZJdHRLODdfLXRvNjZkelBLWHEtZlhFZkJvS01QSElQVUxKUDhJWkJVblY2Z2xNMHNKR3lubk9yT09jYTBleWlZdmEzZnp5V2NXQzM0?oc=5,TCMB faiz kararı,2026-10-07T08:14:54.784617+00:00
2026-08-30T07:00:00+00:00,Kartlar & Ödeme,Borçlular için geri sayım bitti! 72 aylık taksit fırsatında son gün,Medyabar,https://news.google.com/rss/articles/CBMipAFBVV95cUxNRFl3VUJKLXFudDIyZy1NZV9za1JfLUtvT0JLajB5MnhSUDlGcDRCalU0SWJzRjF5T09ybVVzWGt6emlRcy1uYW12U1dPa3F4Zk5Wd1dDcDNJemN3SVJuMTU4bmxOV0VkTktzQUVnRXJKSHNvV3V6MFZHRFMweGhybWRUd3Q4cV8tMHVobnF1Wk5CNHBIeHVHdVBQMUNWQ1E5OTVOQ9IBqgFBVV95cUxNLV85alhxRWh2Nl9UMG9EZTNmUTNCQTI3R0FTa3pRaTdNb3hRX0Vxc3B5VjJxNnZ4S1pQNTIzeUxBcXFSQV81NlV3aXhVekZDTmlibzBlTnhOb3d0ZlcyOS1KZU5PWHBTaDQyNW5TTjZMOHdZdUZCNVNNbTdUdGY2bWlacHRSX01fZlRLVkh6bDdQVVJaQ3l3RTBGMlRBWGFUUWxVX2xrY0VaZw?oc=5,taksit,2026-10-07T08:14:54.784617+00:00
2026-08-30T07:00:00+00:00,Piyasa Göstergeleri,"Dolar kaç TL oldu, Euro ne kadar? (30 Ağustos Pazar Döviz Kurları)",Dünya Gazetesi,https://news.google.com/rss/articles/CBMisAFBVV95cUxPc0ZCaUxDSDdLNUcwMUpmajN5bTZseldSTnctTjJoRWFCNjY5dGJzVTVoUUNoR3NjSEtBRlVFbGhsYnZVUWVCSTh6a3g2V3pQWlowcUd0a05kcUl5b2pCTVJLaEd4cXFSY3hKU2hVbXk1T0VzOUtVU2pVN21CVXVZZm1aNFpEWVdGb2xmU3NINFpzMkM3MHlqTVZ1OTAtdTQtODZTYXJSaHBjaXVlc1FsTQ?oc=5,dolar kuru,2026-10-07T08:14:54.784617+00:00
2026-08-30T06:14:32+00:00,E-ticaret,Türkiye’nin en çok ziyaret edilen 14 e-ticaret sitesi belli oldu. 41 milyonla zirvede.,Ekonomim,https://news.google.com/rss/articles/CBMi2AFBVV95cUxPYXVWSlhQd2tIU2NDVTVqRTNqSnVaZEM2VHhfSm1RRkhxYWtPcEpRVFQ3Q2xtWS1jU0xGQkxUWTlfNTlhZFBBWUtPd19zRThMSElyb0x6MmxUcVdqeW9MVTJKNkpZMGRqTmVYYWRDdEVCUEtaeU9xblVBdmVUYk1pQy1DR2RyZG5UV3dKczNncXVxcWQzeTJ3anVBWHplVkMxQW11ZDJpS1hac0tDaXk2UXF0dUllMjQ3dXNWaXJEQ21fSFZDLW9JVW9NaWY3Y3VlaE1GbHc1Q07SAd4BQVVfeXFMTmxZNjdsUV93ZlpiN29rcnd3MVVPMEZsSzJ2TzBZN004LVJ5TUZBNzN0dUZjZnBmQWt6M3VDb25weUprbHVPbWQ1SlVNejJkRG1CR1BGSnFlU0xwb0pmUVVzUE0yUXJkRXZPdU5sNHRuT2RBNmhxTjlEdjlVd2dNMHM5NGotMV93MmxmZmlNeVlrbDJ1MENYWXJYaUNvQWZPQUtXNHNwRjdnWnVIazBYQ2tJd3hlZE9LWTBWbG5hN1FwVlZCai1aTDhqRDQzQWNfeHM0dElTZlFHbnVFQ21n?oc=5,e-ticaret,2026-10-07T08:14:54.784617+00:00
2026-08-29T07:00:00+00:00,Rakipler,Teknosa’nın yönetim kurulu başkanlığı koltuğu değişiyor,Türkiye İş Dünyası Haberleri,https://news.google.com/rss/articles/CBMimAFBVV95cUxNQl8wM29VN0JVaC1sWlV4MGVNQmtjbFZ0S3hxWUp4aFgxSDZkZ2FpaHhpSHlrWU9UdFl5dkFnSjQzb2NnSzltY0NyaGQ2c0dudTRQa0ZHSURRWGpHOWRIcjVab3EteG8yQkdqbjFBTUQ4c2lpMUg5c2Jhc3N4MzlwZmhtb2hZZEpTU2Q5Y2UyYnE1b2ktUEsxdA?oc=5,Teknosa,2026-10-07T08:14:54.784617+00:00
2026-08-29T07:00:00+00:00,Perakende,Zabıta Ekiplerinden Zincir Market Denetimi,Son Dakika,https://news.google.com/rss/articles/CBMilgFBVV95cUxOOUtKRzYzMTdrMk5EMXhMMlVGQ20ydkd6QS1pUGdXS2hBWnFCLTMtXzl6Q2VkUWxuNHg3STdZUWtlVDlrb3ByX3ZTNjdULTlVOW9OSU1tMnZXM3Y3NXFTVXlwc2hLRld6bHlETVB0NnFBUWJxbVdNMlhmWFRWbWRXNnp3QUZibFQ1akw3T3VqUzhFUkozdlHSAZIBQVVfeXFMT05ISHZucUNoWTV4WHVUOUJXdGlxelYyYVpKYmZKZUlUSWVEaU1ZTTNSY1lFY0JiaENMV0ctZDgwTE1lOENYMlhHU3o5Q0Riai1mNGVsU202UWlzSVNpQzhNU1dOSDM2VmVyaWVXVXZUQXBGanZkajYzTFBUcUNfTG9xT2VYNDlySnlCdmtJd0cyWUE?oc=5,zincir market,2026-10-07T08:14:54.784617+00:00
2026-08-29T07:00:00+00:00,Kredi & Faiz,Patronun kredi faizi kamu kasasından,birgun.net,https://news.google.com/rss/articles/CBMifEFVX3lxTE9BeF9fb0lwV096QWE5aS1mWVI4WWtDTFUxUDBwa3hrWTMyXzRqOWtIcmJrSVVLUXhvN1ZackdnTkl1S0R5a1c4Yi11bVNOR3lsTVRub0ozN2ZON21jcGxMYzkwMzRzZG95MXJYMzI1Smg2YV9lMTUwNEtxbDI?oc=5,kredi faizi,2026-10-07T08:14:54.784617+00:00
2026-08-29T07:00:00+00:00,Kredi & Faiz,KREDİ FAİZLERİ DÜŞECEK Mİ? KAMU BANKALARINDAN İNDİRİM KARARI GELDİ,Bugün Kocaeli Gazetesi,https://news.google.com/rss/articles/CBMingFBVV95cUxOY1ZZcktuX2FkbXFuRWhEaWNPMVUtQ3ZiR0hRNDRuaHZmcXNzZkoyQm0zX2xMcUp4RTBSZ3JhN1B5bVZVX19RU0l0RTJ3VXd3T2Y1OGVTcTZXTFM4c3E4WUZEZ25wS1lzQXF1amFRMWoyZ1JKWDJQSm9mVjQzYUxQTnF4V0JMdW9zclpyOUpXdXNDRHBnOFFJVWJ1TnMxdw?oc=5,kredi faizi,2026-10-07T08:14:54.784617+00:00
2026-08-28T13:55:54+00:00,Rakipler,Teknosa'nın Yeni Yönetim Kurulu Başkanı Murat Pınar oldu,Foreks.com,https://news.google.com/rss/articles/CBMi8gFBVV95cUxNRGlvdlJZTTFmNTlKSlRXT1hvcmhIejNvM1g1dEhxdjJ2UnZMREgzS01Eczc1RHRyRVVFYnVVTV9NVlkwcUEwdjFJa2ZrcTFRZWROVlNTYlRUU0NBcFktSHJmb0RCQld0ZUM2MFRqeXFIcXJCdENLNy1zaGw1eTFjaDhuNXo4NFlYbU5oT21saEQyakVXSVQzOFpWcVJESjAwSUxmUTJsRERlcHpaNDdER09ZVFlfdS1ybVU0MVNhWm5mTUlzMlVZRERQdGRqM0M1NHVZa1hvZlRYRGZNR0E5MDd2aVJCa0t5QUtrUkhNSDE3dw?oc=5,Teknosa,2026-10-07T08:14:54.784617+00:00
2026-08-28T08:21:09+00:00,Rakipler,"MediaMarkt'ta ""Okula Dönüş"" kampanyasının ikinci fazı başladı",Anadolu Ajansı,https://news.google.com/rss/articles/CBMirwFBVV95cUxONEM2X2ZBN1JJaGVneFRreW9GZ1E1VkJPR1gxMHdDTkdkdzNLTjY5S3Rac3JURml0S1R2U2xJeC0zd2h6aTZTeFo0QlI3cWRrOEk2QXFzUHAtOEtCUWhtTmM4QnBIU3B5ODhDN1pxeXNqamh5SkVYZEY3MGw0dmN4NER4ODFTYTB6MUZZLVljZ2FYbjN1M0xVb1Fad28wS2ctTDZFX3NGSHNJZl9mazY0?oc=5,MediaMarkt Türkiye,2026-10-07T08:14:54.784617+00:00
2026-08-28T07:00:00+00:00,Rakipler,Teknosa’da üst düzey atama,Haber 1,https://news.google.com/rss/articles/CBMiaEFVX3lxTE9MMnRyQjFUR3Jkc25IaHFkYVBRYXQtcGtPWWpCTGdlbjNmUjQ4bVpSYXRYcUVTbjF4Q3IzNl81b2U4b002blZTUmdYXzFoNW9uNTNpZXVRUmJoTTFxaFE5czl3ZVZ2cW5z?oc=5,Teknosa,2026-10-07T08:14:54.784617+00:00
2026-08-28T07:00:00+00:00,Kredi & Faiz,Kredi faizlerinde pazartesi indirimi: Kamu bankaları 2-3 puan düşürecek,Dünya Gazetesi,https://news.google.com/rss/articles/CBMitAFBVV95cUxQVE9vMXUwbmQyVS1teWZQbmJSSF8tczJyci1JWGJTZld1eEZBbTQyTG9kZFJHcm1OLUJFQ3RRZnMtNkxUMjlIeHhNdVR1RXp4dndOWlFGSlVJbDhrYlJULWdlTEhXVFo1ZjBzVjVsd3VBZVQ1WWVlUFdYQTktUVNDQTRVMnA4cHNCbmV3ZGtBYWl1TThoQnVKXzl3NDlWSmtZcUhBemRJLTVtR29oTnpNM1BxcUg?oc=5,kredi faizi,2026-10-07T08:14:54.784617+00:00
2026-08-28T07:00:00+00:00,Rakipler,Teknosa'da bayrak değişimi: Yeni Yönetim Kurulu Başkanı Murat Pınar oldu,Doviz.com,https://news.google.com/rss/articles/CBMiygFBVV95cUxQNVcxVmpuVl92WVlZOEVONE1OR1hLb3UtMTE1amRCLUh3SnVDeFJMd0ZhaXotN2ZCTk1PSEZob0M3UWdzc1J2Y2FBWjRPYUxHWWpwNHlJVzJoc0x2MXdGeTZVSVZIYjdkaTNwLXdHY1BrNGo0SW5RV2NxdWVWTHVlU2ZDV2NOY29odUVnTTFVWHQxanJLMUxPOVRLZHg1b19KZTN4ZFlzNmY4V3ZOMW1TMlVZcjN4WWNYaVpiakdQaXlNZzBmQW11anJ30gHSAUFVX3lxTFBkdWkwSTVXZEFKa3VlcEx5a0VIYkI1enZBM1NQbzhMSGIwb2dZempYTjRMTjNoVHdHcy12akZ4WHphazI4eXltZ3BMaXIxTzcxQ09oQllmSk5YTGtTbkpiSmUwRDd2d0JTSXRUVllNaTF3U1VuUklTbE5CeXJBZzJrM05GSjYwdE1Rc3c4S3ZFc0dYWW5BVVFHQVhKVUYwMWlRQ3dFMXNVenpJNENka2xlb1AxMFRiLUhOSTRRdC1NOTNwZ04zTVBhc09oUkNsalB5Zw?oc=5,Teknosa,2026-10-07T08:14:54.784617+00:00
2026-08-28T07:00:00+00:00,E-ticaret,Rekor kâr sonrası BİM'den online alışveriş adımı; raftaki fiyatla Yemeksepeti'nde satacak!,Gıda Bülteni,https://news.google.com/rss/articles/CBMixwFBVV95cUxNSW1WM2swRXBxMFd6WU9mUzJTa3U1d2pMOGNzVGpMekVkUEF5akQxVmZSaHBERDhJVWxyUnNVVlVfUjc0YUI4d3A3TGx4eWxqTG1nVHJqdjF0andGcTNNdC1ud29TMGZaZHVEeUtxb2s5NDltcWVlSEp5NGZoSDhZOVRUbmVEb1kyU0xCMm5VS2NMdkVQQ2JfUEJ6OHc3S2h0d0YxTFAwN3phS0ViTUFfUzVKN3U5aW41TVZFN0JUSFlJR0R0QkQ0?oc=5,online alışveriş,2026-10-07T08:14:54.784617+00:00
2026-08-28T07:00:00+00:00,Piyasa Göstergeleri,Dolar ve Euro kuru bugün ne kadar oldu? 28 Ağustos 2026 döviz fiyatları…,Bloomberght,https://news.google.com/rss/articles/CBMisAFBVV95cUxNY3ZpN2NuWGlDcDlIRFBVdzl5Q0wtSWVOekVlRXBkUXFwc1ZnZ1NfRzBnVEJkTE1qeEhKZ3Mya3VqS1VKeEZhZjdRU0tMcHM2Wm9rQWIxcGxKNHdvc0VzYUhkYlRod2tDaXFPVGppNmRHYmNHbFY5YzdpQUx4YnQzWXFTZzhZMW12dTdtMUd2V2gtQ1NaOVNOYXRtdVpGUC15SlZsUFYtTFZPYlNJMEJFNw?oc=5,dolar kuru,2026-10-07T08:14:54.784617+00:00
2026-08-28T07:00:00+00:00,E-ticaret,BİM Ürünlerini Yemeksepeti Raflarında Online Alışverişe Taşıyor,Bisektör,https://news.google.com/rss/articles/CBMiYkFVX3lxTFB3a0oxX3piU3d1UVZFV0s0NDg5REVyTU56NnlzdGZQRDZhcHdNQ19HTy1Vd21jOXBkZ19KYWdILXZUdWVHX1l5ZkhWVnd0TG1waVdUNjdaRkhiTnFwQWJkMTh3?oc=5,online alışveriş,2026-10-07T08:14:54.784617+00:00
2026-08-28T07:00:00+00:00,Kredi & Faiz,Kredi çekecekler dikkat. Faizler pazartesi düşecek. İlk açıklamalar geldi,NTV Haber,https://news.google.com/rss/articles/CBMiuAFBVV95cUxOOGZmMGU1WkgyaUNSYWx1Rm9hbEFIT29HSUhBOUQya1Y0YzU2WUIzRFYxaUVScEd3a1U0TVNUamlSbzl3NGl3UnF6NDdwNjBMTW9qeUJJcmVxTmdpQUdPM3dqbmpxQWlwaFItMnlzZkkzTTRvY2xDandTV2gwSjRVb2p4VUhndVFXUm9JSkVfVjJVMkdBdG5SdmstUng3TGk4SDZYSEdWT3B0WXZhblRNNjlwNEp4MjFX?oc=5,kredi faizi,2026-10-07T08:14:54.784617+00:00
2026-08-28T07:00:00+00:00,Rakipler,Teknosa’nın yeni Yönetim Kurulu Başkanı Murat Pınar oldu,DHA | Demirören Haber Ajansı,https://news.google.com/rss/articles/CBMimgFBVV95cUxNQXRuVU5yYjB6Yl9Yc0QyMzQ0bFhDRGRIQldEc0Nna0hBcm5VbFZ3clc5dTZSX2MwemNrcTUzam9Cdi02OFk4TzdFajZjaE9XT1NmN25ud3IzbGtaT2o5cVNjbnowZUNEMHFqSzhTZWk1dFNLNG8wZzdkdGl6bWxYbjVkZ3VhZkdtZ3o0NWJ4WXhVMnZOUkhBYVJB?oc=5,Teknosa,2026-10-07T08:14:54.784617+00:00
2026-08-28T07:00:00+00:00,E-ticaret,BİM Yemeksepeti ile Online Satışta,FintekWins,https://news.google.com/rss/articles/CBMib0FVX3lxTE55TEtKYlR2TXlKcWZtRXhaQ2VGUFVWa0Y2Q09SbjMzdFVVaDRLSVJZalAyOEdXSjlkemxRU2lpalVWVVBKc2RSd0lPdDYwYm85LXNLaXVsOXpQTHhERzlPaVdIOVRrUnlWdVlSWlg1cw?oc=5,online alışveriş,2026-10-07T08:14:54.784617+00:00
2026-08-28T07:00:00+00:00,E-ticaret,BİM ve Yemeksepeti’nden online market alışverişi iş birliği,Türkiye İş Dünyası Haberleri,https://news.google.com/rss/articles/CBMingFBVV95cUxNY2dxd0FZMFlZeGVZMWtlVUJIQTRST2Zub2VKY2I0dFJQUElDM3ozeU0ycU5pZmd3clozYVU1WGxLOFN5U3k2ZGZWLWdwaDB3bFJUakk4b2xoX2RJTmtpdVZELXlMVm04VG81Vm9EZk1TS3pzUzhudnlfalJtREZVRTdOamRoNFFFMloxYktIWDlmVl9sTTJaUXlfVVpzQQ?oc=5,online alışveriş,2026-10-07T08:14:54.784617+00:00
2026-08-28T07:00:00+00:00,Kredi & Faiz,ESNAF VE SANATKÂRLARIN HAZİNE FAİZ DESTEKLİ KREDİLERE ERİŞİMİNE YENİ DÜZENLEME,T.C. Ticaret Bakanlığı,https://news.google.com/rss/articles/CBMirwFBVV95cUxOZElKckt3NXpGQ1BlZzV1TkllaXZZUnIycHk5Y3BIMlBUWHpKaWUwM0xNVDg2VzBKeE1YNFpyNkpSbGRCc2JXLTdOZFFyZkdqWGpiZVdSMDV6ZUMzY290dUNfUDMtRFpjbjNmeFNza2pXeWhCbkJobEhNUnhybGlCVUhQUmhpUDYyUERVLXFDZ3VWOEJaWXdJMGxnT0xTbU00cF94RC0zWmE0NVlROEVN?oc=5,kredi faizi,2026-10-07T08:14:54.784617+00:00
2026-08-28T07:00:00+00:00,Piyasa Göstergeleri,Ekonomik güven endeksi 100 seviyesinin üzerine çıktı,Ekonomim,https://news.google.com/rss/articles/CBMioAFBVV95cUxObWlEbHJxQ1EtakdHRFRLZFFOeUxLM0ZCbHZGQ256Mzh5NlhJbG1xUVJZT0xCc3BEUmRDOHdvN1JLbWJ3X1dnQjZMVXh2Y250eGYxbEUzVnRUbjJHTU9MWXdiTjE2TXdXRmlxaEpiRE1LMU5KeDNXeXlYZVJCMXROQ29UeXlfU20zMWlYcGxQdFJfaFdVa2hDeV9NeFNybEhY0gGmAUFVX3lxTE9JbUhDN25XbkpOR0ZTSHpJT1hmNEhkVkNOT1pVV0wxbV9IRmpLNW81MEIwQjhvT25NRUlFZFVKaWxoWnpkLVlGSURUZ0g4R2dvZVljdmlUdkVpa2NuX2VCVXBBNmZqMzdTQW94aHRmS0FKVW45OU56S0NJblhXNjBISjVzRWF6RmNTajhOUWd3bTNGRDRnWU5HS1VoNkYtSEVNUW9XelE?oc=5,tüketici güven endeksi,2026-10-07T08:14:54.784617+00:00
2026-08-28T07:00:00+00:00,Kredi & Faiz,Yüksek faiz dönemine kalıcı olarak mı takıldık?,Ekonomi Gazetesi,https://news.google.com/rss/articles/CBMinAFBVV95cUxNQWZIVW0zRHVaczc0RzVhNFJDTENDOE14blozckl5Tm04UnMwZlJJcWJpUDFpOEdEdzR1ZEdReHFyVUZPN0ExUDM2eFVtckxwOXo4b1h4b0VpVnhlc2dVYXNUcFRNdlY5LXJ0OWVtaXYyNDNrODI1VzY4NFdIa2tjRGtkdDJOTy1WZGs5OTFUaVF5bWtrc3p2ZmxuQmg?oc=5,kredi faizi,2026-10-07T08:14:54.784617+00:00
2026-08-28T07:00:00+00:00,Kredi & Faiz,Kredi çekecekler dikkat! Faizler pazartesi düşecek,Sözcü,https://news.google.com/rss/articles/CBMiigFBVV95cUxOQzYwTVhrQzNDcC1SdG9MMmhzeWt1N3BJUnVaaU9GZElsTWJneXhLeXMtZ1hFQ3E3OWs1S3BVUUgtajlBX05XdkZoT3RrSDRkVGE4QTZUMUhlbDhBUHdtSG5tZVBOZHkxR0RjYkNnOWxYcGpnRXpUamtuLTdTdWZ5aEtZaE5XWFoxMnc?oc=5,kredi faizi,2026-10-07T08:14:54.784617+00:00
2026-08-28T07:00:00+00:00,Kredi & Faiz,Kredi faizleri düşecek mi? Tarih verildi: Kamu bankalarından kredi faizi kararı,GZT,https://news.google.com/rss/articles/CBMiswFBVV95cUxNX2ZuNzFZODV1REJ0dkFQeGVXamNOYURFNTJJQVhjc1NjeE5hSkhKZWxoNENhamdSYlVLUGVlMnRjZWhrM1Rua01JSjRuemJSN3h0dXdMRmVqVVpBV3NoNWNQa0JicWowRDdva2dVOFJfV2lRRkI0TE1aVVMzTDcwMXZJNmROVFBXa0t0b0ZjWjJ4cmExQXJveHVvZWxZblQ3TnZwMk1WanNKSDVESXRieDlPSdIBvgFBVV95cUxNNHdOR2NDWWlLRFVza05pYjJEODRLT1Q0REVRSXJiZE5hQkxCdXRpWTNxTVFDdFJkdkpJbmViZXJISEdrQXJWazJRWFBOYW1hOFh0QmVuc2NEc2VBNTI1LXBQQTNjUHpDRi1BcDY1OHVybXg0M0pzNnVKanZObGFVTlhqeFJzRGpibDRpT0xMTW1NdnV3Ymd5RFpmLXpNQ3JPeU4zLUktX3RaNFdXVzl5UWkyaTVnZWR0M2Ftalh3?oc=5,kredi faizi,2026-10-07T08:14:54.784617+00:00
2026-08-28T07:00:00+00:00,Bankacılık,En yüksek mevduat faizi hangi bankada? 250 bin TL'nin aylık getirisi şaşırttı!,Cumhuriyet,https://news.google.com/rss/articles/CBMivwFBVV95cUxPQ0hBeWZpNWJ3Q292YTVCcF9LUHhJMkVIMnhEb3FEZVVOZTk1dTZIWnM4S2hBNGZWVXd6N2VibkZfaG9tQ1BJaVNTOVpNaDk0ZURvdXItT3RjUVNueXFiaVVZdWRWZnRYVUw5cWlBS1h3eVR4ODlfRld1cWFVSjAzRVQ2VmxRZmxpMFNTTVFISEJCVFdoYkJac2VXUjRLUWlRVURQdlpXcXczY1ZJekN6b2lPcVBPRHpOcGZ2NEVIZw?oc=5,mevduat faizi,2026-10-07T08:14:54.784617+00:00
2026-08-28T07:00:00+00:00,Rakipler,Teknosa’da Intel Gamer Days kampanyası başladı,DHA | Demirören Haber Ajansı,https://news.google.com/rss/articles/CBMijAFBVV95cUxPcUVhRnhuVk05UTF0UUVjemU3UDk0UmdkV2ZhUWt2RTBtZHhiQU1xRzFMR1hPZHBsS2R6QnE4R2EyeEEwdTNIN1RrVHZiVWV1RkZLcTU4SUNfU3hUdVItMWVKcmFTWlpwbVA0V0hQOWZrbzdOaWpvZ2w0NDdhMmRmUmJaZ01aNVZDQWJHTA?oc=5,Teknosa,2026-10-07T08:14:54.784617+00:00
2026-08-28T07:00:00+00:00,Perakende,"İspanya’da perakende satışlar Temmuz’da %0,3 düştü",Investing.com Türkiye,https://news.google.com/rss/articles/CBMirAFBVV95cUxNSUN3QnRlN1pkdmhSR2lfTzJjMDNRTTZRNHppb2g5cjBtQm1GeTdwX2hzdW02WXYzS05nYVlpZzk2VFM3MmJRekctSFpOYnpMQm9PeVN4VUJzeG1Xd3BOaTRuUzBCOE1iNWRialhQQXJZZlJacFJxaFlRVnl1Uk5vMjFScndZQWJQU0hGSk01QW1RekhOWmg5bUhpcVlJVS1wU3ZNRFVZNGZ5YWdQ?oc=5,perakende satışlar,2026-10-07T08:14:54.784617+00:00
2026-08-28T07:00:00+00:00,Perakende,"İsveç’te perakende satışlar Temmuz’da aylık bazda %0,2 geriledi",Investing.com Türkiye,https://news.google.com/rss/articles/CBMivAFBVV95cUxNdUVfVU1OcVMzdElhQ3dRUkQ0dGFtYWdkb1VMYkdfVDluR3hvSmYxOGd5NlQ4emFkWWJielhfQU9uOGVjdkh5TmwydHcyOURpa0Y3eG5lS1ZaelFiUjExdWhPWE45bU1zaTJyaEhTSzNRb2tfRHBUVmNaX1JpRnRrYUJ2azZ1NXg2LThfRWZOM3A0UGxBb3h1MTF3XzZ5bE5KcmxrZHlXR1pyQ3FfZ1FfMWRrNE9YMGYxb2dwMA?oc=5,perakende satışlar,2026-10-07T08:14:54.784617+00:00
2026-08-27T18:16:28+00:00,Kredi & Faiz,Tüketicinin borcu 3 trilyon TL!,Para Analiz,https://news.google.com/rss/articles/CBMidEFVX3lxTE5kZWhiTTlGUHNUX2k0emNfUXdUQVdzMDlIbUU2WDZzMVBOclZsQUJvQmFIb2VNOW1tSlBYemtlc1ZSTlBYVF9xMDZJam1nRXhWUGwwZEpzLVdUc1pqWnBtX3RjYmxlQnZRemR5ZXVwT0o3Z3dm?oc=5,tüketici kredisi,2026-10-07T08:14:54.784617+00:00
2026-08-27T07:00:00+00:00,Perakende,Perakende sektöründe olumlu görünüm; tüketiciler daha bilinçli alışveriş yapıyor,ΚΥΠΕ,https://news.google.com/rss/articles/CBMiiAJBVV95cUxOVU5CT3p3LTcySUJaZ2VQVDZvVW9vbXBzczR0SjRWSTVWR3ZYNUNzM05NWVBqMlBkZkUzSmNqWEtNWmFDU1pXT0tyQVd4b0NGQUVHeHRKM1ZQTGx5Y1B6OGY5N2Z6eGVYbHdwaWhTYTJNR0t1V2VZSTVCS000RnNMaW12a01fUTdtdmR1c25RN21qQThSUXdQcjJHVW1LcU40a1J0U0g3cWxpMTRMRFZwMnY5Skh4cVdjTkxyYVFsNnN6eHJudGEweTNDNndUaXR3S2l0TjZlYmEtU2EyWnUwRGZSRThSakx6UEkzS2I5SnNOa2ttTXlOcDlhOTFBeTNmUmN1RWQ4Y2E?oc=5,perakende sektörü,2026-10-07T08:14:54.784617+00:00
2026-08-27T07:00:00+00:00,Bankacılık,"HİSSE DEĞERLENDİRMESİ- Ünlü & Co, bankacılık sektörü hisselerine yönelik tavsiyelerinde ve hedef fiyatlarında revizyona gitti [FNC-NEWS]",Uzmanpara,https://news.google.com/rss/articles/CBMiogJBVV95cUxNY3V4Sm4wQXRSWHlyLTYwVWdwVFh6Q3lpNmYwZ3RfdTljU3NZbDdPeml6LWdwTUtaZmpaUjFsNUVMSnRWaVpaMGxtUUpUdjVuM0k3aGtEV2hOY1RIMy1FQTdmUHVLOE40UDlRcGpEN1lRdXFJZTlaM3p2Z28tT1pUMkxMaklDUlV2d25wTGNSVzY5OVZkSXROeF9mdTY3TjlfRXVKTkNkU3VFYUluUFZISWg1TXpDQUZhZGhfckJib3d0djZTb2cyU0hsekNJWFpsd0w4NEhMcEo2UUVacmZJcC1RSFJDenV5VElXOEdQNC05dWhBbXdkTmZfaG9HUTA5RHRPVkJNZHRWblB4R3FPV212ekdoV00zX3VlTkxPZjYtZw?oc=5,bankacılık sektörü,2026-10-07T08:14:54.784617+00:00
2026-08-27T07:00:00+00:00,Piyasa Göstergeleri,Dolar ve Euro kuru bugün ne kadar oldu? 27 Ağustos 2026 döviz fiyatları…,Bloomberght,https://news.google.com/rss/articles/CBMisAFBVV95cUxQRmd5akhWeWFzbTdpelB3WTl6aEJLQVlDOUJxU0xmUVpJcG84dFNLcEE4aDdhMGpNVFVfU1Q2U0xxTG9CX2hUdXVrQk5QWEdJb3NidVdxcHpDOHY0akNIcDNlQUFhM19KVnRES01Tb3hrRlVQRnZoazE0Wks4dzlrY2xEVThvRDJlOGUtaWpBV3ljdHBEdW9WUm9kNjlfZ2lsV1JqTUtCekZ3b0s3TU9LLQ?oc=5,dolar kuru,2026-10-07T08:14:54.784617+00:00
2026-08-27T07:00:00+00:00,Kredi & Faiz,"Erdoğan’ın ekonomisi: Yüksek faiz, ağır borç, pahalı hayat",Bianet,https://news.google.com/rss/articles/CBMijwFBVV95cUxOaEhOX2lfeWZaNWlMNnlJLWxDdjMxSEMtNXhWUHFBX21Ga2FYdHJjS2NBQ0toOWRuRmFtWTNqcG1vdENXOTR1enRlT3ZMR0VhZG5RbkhJVmRja2tENGdabkhiS1VVYUVEOHpySExIczJrNUNvc2V1VlF0cE02YUR5YV9UU1VWQ2UzY3FCMG5NNA?oc=5,kredi faizi,2026-10-07T08:14:54.784617+00:00
2026-08-27T07:00:00+00:00,Perakende,Kontrolden çıkan otomobil zincir market şubesine girdi,Memleket,https://news.google.com/rss/articles/CBMimwFBVV95cUxPMFF1Z014LVpxUDhRZ29OSDVYUTd0VzJGcXlhMzRRdzBENDU2UHc5MWhUWU8xR0FneDM0OHBWVDNkYUlOSXBPWThpektYRldFMkRLdC1pQkZMdVB0Ti1kb1cwTV9tbnNDS0hvWV96elpxUlh2MWprWEZJTDdNVC1TSkV4c2FCM3lGc3lIU3o2Yjlwekd3dkZwQUdMa9IBqwFBVV95cUxObXhhc0RpdVZIakNzM3p4eVk0T3VBVmpfelpnMTEtWl9QUVFXMk12RmZKbzJrY0NLamhFdjh3WnNtWWYwWU1rYUU3R29jU1lUbThJSUc5aDVQVkZESW93b2h5Q1NfUUlyamFoak8xTlhZSWsxcUNqRURqUllTRHRkTlhZZ3Zwekh0UEN4R1kzNzMyU0VwbUtEYnhMQkRwUFZBNER2SklqcWlwMlU?oc=5,zincir market,2026-10-07T08:14:54.784617+00:00
2026-08-27T07:00:00+00:00,Piyasa Göstergeleri,"Beyaz eşyada temmuzda iç satışlar arttı, ihracat geriledi",ekotürk,https://news.google.com/rss/articles/CBMilAFBVV95cUxQSThKZnlTM1hsRVctcWNKUDVPMFlBakZrbk1ubDRYcDB3SmNTc3ptOWVaMFZDSWJzUW5mVEdYUFlGVWlES01CbUlkYWp3THJ1THotU2pHd09nVFlrSDZtdTRmSDdhLWMzSGs2aTBjbVV4b0VmaDE2dHdSQUl4NEl4OG1IaDFCbHAwOV9KbjNjaFhjNHlR?oc=5,beyaz eşya satışları,2026-10-07T08:14:54.784617+00:00
2026-08-27T07:00:00+00:00,Kredi & Faiz,Halkbank’ın esnaf ve sanatkârlara yönelik kredilerin faiz indiriminde değişiklik,Bloomberght,https://news.google.com/rss/articles/CBMitAFBVV95cUxOdDgzX3FrQjNQLWZzVDFRTlQxMksxcmNWazRqQTgxeUQwR2FCN3JFWGMyQW9yZFVoMnMyaUtST0YzSHE5V1p2dV9kMU0wQVNHcUZWRndXNWVVaUFQRFMxTFpPdnlSZng2c0xxazRmaWxlcGc0WEJhSTJ4Ry12LTVHTGNhMFdobU1NWnpkNG9lNjFKdmpmcWl3cWpnOFdjcHNYZnRkT2QycWl5Yld0cmtMem5GQ3k?oc=5,kredi faizi,2026-10-07T08:14:54.784617+00:00
2026-08-27T07:00:00+00:00,Kredi & Faiz,Esnaf kredilerinde yeni dönem: Faiz indirimleri değişti,TRT Haber,https://news.google.com/rss/articles/CBMiqAFBVV95cUxPbnFGOWdSanlONGdpZ283blh3b2czUUxLdzRlYWVGSGhJbmd3NGJNZzBrV2loOGM1czIxWGx2NHZ4bTNyOGk0SzkyX0NzdUVzX0VuYzMyQ3E1cU0yQmZYR0VFSWozTmZLWE5rSXpSZjhIQnhKTXZhaEs0UWpwSHoyVUQ5M2puZ3FINzBMc3lIMGRiUnZnV1pjdXU2MXBQbUpJV3F1UENIcFI?oc=5,kredi faizi,2026-10-07T08:14:54.784617+00:00
2026-08-26T13:51:29+00:00,E-ticaret,İnternetten akşam alışveriş yapanlar dikkat: Saat 18:00 - 00:00 için kritik uyarı,Ekonomim,https://news.google.com/rss/articles/CBMizgFBVV95cUxQaE85cFFSMFpySTZQVWNyX0RHcmoyc0FoazRQWTN5dlRuUU5qaEozTnd1ckJzTHFaODlSYWVlMjh2MGY2c3RsTEEyMHJHWEhaNWhhcEdQTmhqZU9XWEpIakVRVUtYRHJBU2c2TkUzSF8tSEdQYVowOWl5dE9uMkVneVFBQTg3YTdWYWJEUllkYUxYOEk3azFXSVVPZDNfaFdaUE5JUlVOcUYxZ2VJRzJaaHBHX0ZxcXBrYW45ZHJ4aUxuUHBkSm5TYUNLcUp4d9IB0wFBVV95cUxNUXpXOVhfcmdtNTk5QlNscDVuNlY5YTQwRTRNUXdLRmVYRExhMjk2Wk1yMk1wNkJhUXRRLTZkRWszRHVPUFNKbms4WXR1aTBYaVFuSVRweVVCZ1lhdmpYUkctLUdiVDgyTDRLZWhOcTNkd0hfSHp1V3ZOOS15VzE2YmNPUnBDaFo2ZnJrSDc3ZWZWeWJWZnl2OHk3blU1WkNidm1SX3RvQkNjaHNMMnN4M25rSFRJYUx4T1pkSzNLY09YRWFHUE95d1VabHl4SDE2WnBN?oc=5,online alışveriş,2026-10-07T08:14:54.784617+00:00
2026-08-26T07:00:00+00:00,Perakende,"Kırtasiyecilerin zincir market isyanı: “Bir yıl bekliyoruz, sezonu marketler alıyor”",Gazetem İzmir,https://news.google.com/rss/articles/CBMitwFBVV95cUxQYkhSYklZcV85ek5XRW5LbHFGcnpscE5ETV9kZi14OWNieFJIZUlwVWlFVms3cWNEOTlHR0FwajYtRlgwZHRtb1I2ZE9OclRaRlpsdFhYRDYwS3RILXlZSTNfQ0ZqZmR6S2lyalRkMHJ0cnRPajdjc29yb0tjNHJPcUw2LTY4QWhRdmhpc0RDWTM4bVotZWVhVVI3dTY1VHd3c1BXVHNUbWpkYnNoQlpIMnJQTlIyMm8?oc=5,zincir market,2026-10-07T08:14:54.784617+00:00
2026-08-26T07:00:00+00:00,Kartlar & Ödeme,ECB: Dijital euro mevcut ödeme sistemlerinden daha gizli olacak,Paratic Haber,https://news.google.com/rss/articles/CBMiiwFBVV95cUxQLUhYSlZmam5rYVN3VlJ2NHpvSUNzbU42Rkk4V05RR1FPdkVfLW5xbzctaWRFUG8wZmJPekxuQTFqQm1TZjNwaGFPcGwzcjdOS1JRdmRWbV9BT2UzZV8zT0tPN2YwVzRmQjdKR01GSHpxdkN3V0RySV9LemhvWFFUQS05YllEZnVoN1pB?oc=5,dijital ödeme,2026-10-07T08:14:54.784617+00:00
2026-08-26T07:00:00+00:00,E-ticaret,Küresel E-İhracat Zirvesi İstanbul'da gerçekleştirilecek,TRT Haber,https://news.google.com/rss/articles/CBMiqgFBVV95cUxNRVhsbXYxOTFTSlZiVWdfcndRdGNXd29zeU5YRkpfZjY2QVZXenFGdEh4bk9FQ2kxVENQdE1EMXlrcURNaDF2RkhuRkJoNVJaZXp4R3BfUVltcE9zcTVXTHZPMW9lNm9yandUTEtIbmJsa1l4dlVoVGNFWkxWSHBpeEpyOGRhamNtNDRvVmQ4UzhoZWttSXZxazRLdVdDTFFrcDNCRkJHZFhVQQ?oc=5,e-ticaret,2026-10-07T08:14:54.784617+00:00
2026-08-26T07:00:00+00:00,Piyasa Göstergeleri,Dolar/TL’de son durum ne? 26 Ağustos 2026 Euro ve döviz fiyatları…,Bloomberght,https://news.google.com/rss/articles/CBMipgFBVV95cUxNeEpueUxSajYyY3laTmcteWthc1lMZUN0NnNWUi1hY2doQ1R0ODJRZUk5czdxT1FFSHpQUjNxRG81eC1WWnBKaW5sc1dJcXFMYWJ3ZEJSWTk5YXZPZnRZWnI2bEhHUjViVDQ2RUwtTUV2T3U4WnA2ektoUzR3T1U2RDdRMDNxdHNVTVVEMEJYUzJfS2tsSFdvRFpsWTZ1U2VodHlVakpn?oc=5,dolar kuru,2026-10-07T08:14:54.784617+00:00
2026-08-26T07:00:00+00:00,Bankacılık,Borsa Günü Bankacılık Sektörü ile Yükselişle Kapattı! İşte Son Veriler,Kamudanhaber,https://news.google.com/rss/articles/CBMinwFBVV95cUxPWmV5WTNQejdHZ3hFbVRGTUdSdlVYQi1ITUtreGk0TGhjYU5oTExNWHFtVjJXZEREMzlLVVE1Sm93Y2RkM1ZfbG91OWc5MEhLMVdQdkREOVBIMG0wV3oxbkNFdnpvVWFKMEhMZkFSNkdIemR5TG9MdzdwQUFhbzN3THZZX19RUjM5SnJZby1JU3RWM3Q2b0tzQ0VWN2w2em8?oc=5,bankacılık sektörü,2026-10-07T08:14:54.784617+00:00
2026-08-26T07:00:00+00:00,Perakende,İngiltere'de perakende satışlar ağustosta sert düştü: Fiyat artışları yeniden hızlanıyor,Foreks.com,https://news.google.com/rss/articles/CBMi_AFBVV95cUxQYUpvTDhoQkRFdmk1UWQ5RHBLRGpORWN2cEQ1c2NKYzhJcjA0VzJlQnQ1SHNQZnprRXZkTUlWN3dMQkJtMDEyZVZhRnVwUGxwdEZ2SG9CanoyZFFUQURRTUV5bnJLQzRfSDNlZzN3MXlOa05aeTBxbFVFYTJZaFFhdnhIa2gwSUR3TVN4RFpWeDZOVjBnNXNSN1UzRFhSRHBVckxkTXMwUm4tcGp0cnBaV0lMR0toVk9xQVI0WVAtdDQ3M1VDdlFfZDhvdFpKcGYyM1hjZTg4WENGM095TnVkYjBGZU1yYVR5N3d6ZWlkWXpQOVRobDBYLTZJejE?oc=5,perakende satışlar,2026-10-07T08:14:54.784617+00:00
2026-08-26T07:00:00+00:00,E-ticaret,Online alışverişte algoritma tuzağı: Bu saatlerde fiyatlar habersizce otomatik artıyor!,GZT,https://news.google.com/rss/articles/CBMivgFBVV95cUxOSzk3bTN4VTk5aTZMSjFidDFyM3dGTUt5YktXVlVLbEZVTUNfb2ZBRFpIc2hlOFNzYUJZeVBzcnNSUEpQU1lMRERXUlptTWw4Ukt3TEwtamVuMlJvd1d1RjlLMzBhdDdUcnVocVI0SDN2b2NRN0V1Zld4NGV5bk5ZMFVTUWFjb2ZOOFU2dDg4RXhQYVRsZTZaLWJyZnhBUjRRN05VaURTX3R4QnJBR2tFSXhxUUo5WkFmdVo3SEtR0gHIAUFVX3lxTE1LZ0FKbDdjYW1yZmF4clduQ3FNU21DdlBEVlZKQm1RRDZ1LV96ZGd6SG14VHVWUm1vRmNtb1hMNnpodGt1NHlGS1FCcEpGYTRfaEtDMnlETVlSaXVPcUo1U21oZmR6X0kxS1VEUFlVa0dBbDVldWFLaW1MRjZ2WXN5MGpuZ0pSS1JKX1RXU2ZNQnhxRi0wbjRfSGotRTBYWHpWay0yTjEtX3plVHFXNmFMNmQyYThrQk5PVkpFeUhlTE1TRXRZQmhX?oc=5,online alışveriş,2026-10-07T08:14:54.784617+00:00
2026-08-26T07:00:00+00:00,Rakipler,"Katılım Varlık Kiralama, Teknosa için 1 milyar TL’lik ihraç tamamladı",Investing.com Türkiye,https://news.google.com/rss/articles/CBMivgFBVV95cUxNaUdUMDlSR2tKbGZRYWN6c3Q4UHlvdWpYZ09CRXhsN2cwTW5FV3hHWGpGcUtvcGVmX19hdVF4RlA4NXRvdzBYaGI5MXRLNkZQTDhwMm9LRWMwTUkyNFlIeUE2Y3hEbFZkRV9JaEVGdG1NODZmZWJIeXd6U2w2UEF2RWt0bUxTczdGS1Q1RGdEN0otMkJzamVyOTNocE9nMVgxR3U4Sy1EMFFSeHVQOWZTQ1FMejVqbXpUWmhSQjN3?oc=5,Teknosa,2026-10-07T08:14:54.784617+00:00
2026-08-26T07:00:00+00:00,Piyasa Göstergeleri,"Dolar kaç TL oldu, Euro ne kadar? (26 Ağustos Çarşamba Döviz Kurları)",Dünya Gazetesi,https://news.google.com/rss/articles/CBMitAFBVV95cUxQcVlZNXdjVmh2MEhhbGNLdHFETE0yZG04WWZVX2ZtLWhXTzRwcUk0RlNaNGNFUFlIaXFqeUJOR21FbE5qZS1PNmdSRWVMVUJpbm9XTmszcUtQcHRWMWkwX29TWk44dkFzWnFSSDJTTkJaSXBJai1ucDB6Ry16cXp3TVdjTXM0V3JEdHBnUWRRTG9HaVVFeWRZUDJxb2hQY0pPRUR1MVJUNDcyNVljZlpadnNnSWo?oc=5,dolar kuru,2026-10-07T08:14:54.784617+00:00
2026-08-26T07:00:00+00:00,E-ticaret,Rusya’nın e-ticaret platformları Wildberries ve Ozon’un hedef alınan tesisleri,Anadolu Ajansı,https://news.google.com/rss/articles/CBMiWkFVX3lxTE5JQnRhbkx0eXpMOEMyaXZzYjI1bmRmbFRZUkxSbDZST3JVZTFkeTVZQWNuM2tzVUtfQ1ROcXg5cUwxYkZrWFBMajU5bS0tUy1GT3A5TWhYQ3pVUQ?oc=5,e-ticaret,2026-10-07T08:14:54.784617+00:00
2026-08-25T07:50:49+00:00,Rakipler,Teknosa okula dönüş kampanyası başlattı,Anadolu Ajansı,https://news.google.com/rss/articles/CBMilgFBVV95cUxNRVR5QUpPVDh1LXVGSlF6QldqOWdJbVI5a0xabFA0TW1xSVpwa1FWRWVFSzVLRFZfWm9Rc1U5LUwyQTdmcVh5c3JiOFI4cWlHVTF0bVRHazlDUHhxUkQzRjRjZUVLWENiNmNFcWlVSmpJdFNKYVI0LWFKWl9CQ3ZTR0RmamE1WnJSZllHcmdob1BJY0FXblE?oc=5,Teknosa,2026-10-07T08:14:54.784617+00:00
2026-08-25T07:04:27+00:00,Rakipler,"Teknosa, okula dönüşte özel fırsatlar sunuyor",DHA | Demirören Haber Ajansı,https://news.google.com/rss/articles/CBMiiwFBVV95cUxQRG4wMTQtcjI1RnN5alRQSTVDaGJ2VzNQM3RVLWZ3LTNHZEwzZVFhZzk0ZDJYc2J3UFNYMEV1Z20zT3ZFMUw3VFV5MTd3eWpSNmFFSVRubkFocTVXSXhJeU0tMlZzeEpHS1JVT2RGcmMzcmV3SjVYWUg4TUw2S3U4MV8ycF9lRW9ud0dF0gGPAUFVX3lxTE9WbUo4aEYzUXVrLW81OVVvVWtUcHZwQUtvQVdpZl9OZzhERlhOcXhLT0Vjd0xjS1RBM1JBTy1rQ09id1M4dTZTby1pN0IyUEYwemxYLXlUYnk1N09TcE9nbFBNNDhfaTRnMEt3ZGNFQ3lXY3NzWGpDY1UxamRVeTR5UTBOTUF6dmNxOEdzZ09Z?oc=5,Teknosa,2026-10-07T08:14:54.784617+00:00
2026-08-25T07:00:00+00:00,Piyasa Göstergeleri,"DÖVİZ KURU FİYATLARI 25 AĞUSTOS 2026 || Dolar, Euro, Sterlin döviz kuru fiyatları ne kadar, kaç lira? Dolar ve Euro'da son durum nedir?",Bigpara,https://news.google.com/rss/articles/CBMi7gFBVV95cUxQNGZSbUFJSjhNY1lWcDJ1S1AzYUd2MkZ5djZ0dmh3bFR5OXVzdDlkYXgwd2trTTJhQ0phcGVvM0ZXNWt5LWZjVXZoOHVxWTREbVRRM29WZ1RQTmF4Q3J0Y21HNFVTbGNQMDJreUUwSWR0VmwzLTdQTURZa08zeC1YbklLeUY5ZlBmdkVXUW4tSjlWSGc5Rzc5ZUtfNjBiVWMydkdxMUxSTHZ2WndDcVlmZURzdGhrcGV3ZmlnZ2NEaUhWNGc3eWg0QlUwVUVTMkFKS213RnpwdFVleWFDbjM1bzdCaW82b2JTbXdCV09n?oc=5,dolar kuru,2026-10-07T08:14:54.784617+00:00
2026-08-25T07:00:00+00:00,E-ticaret,"Terzi Ayhan Classics, 100'den fazla ülkeye satış yapmaya başladı",Anka Haber,https://news.google.com/rss/articles/CBMiogFBVV95cUxNMS10VXlqY0RKUmVab01LWXRDNFB3bWlzdmVVbXFGSWRWOGNaTmJyNzhUV2N2T0F3MUNWLV9YNnREQW1Db1BEc3V2R01oTHpZSi1QWks1U1ZuektlTGZjckUtSW5obDdpQldhNDRRdW1DSFpvdEFFTW9JZWRkMzlyaHUzaENUcDhXSU92cWdrclliTkNOWEttR25ReVFMaks2N0E?oc=5,online alışveriş,2026-10-07T08:14:54.784617+00:00
2026-08-25T07:00:00+00:00,Kredi & Faiz,"MERKEZ BANKASI FAİZ KARARI EYLÜL 2026: Merkez Bankası faiz kararı ne zaman açıklanacak? TCMB Eylül 2026 faiz kararı ne olur, beklenti ne yönde?",Uzmanpara,https://news.google.com/rss/articles/CBMijwJBVV95cUxNWXhIam9GU1M4enQ4aXVYNUk3ODBsUzN0ZEVaeE96MmhYLWRMWHZya21nWThaaGMwTEU0RENLYWJPXzZYc281bm11MGZBR0lBR09Telp4anFxUjFxckJtSTJVRS1IVmFHaDhObVVKSll0T0NJNGdVTG5OWW5MN2FQSGViWEZHWGh0Z3JqUWtQT29XOUNJMzRwVl94ZnM2NGRycTRGTkNHU1FJblBzWG51WnZkTzFyc3NpemFTZWM5VHNPQUZwYjM3cGgwdW9iaVdCTlhNazNGXy1jS0hic2V0YjVjc09vLXg4NUcxRXZCVFNsX2kzYTdkQkhJR1ZMOUxkZWZWbERLRUF2QUI1M1RZ?oc=5,TCMB faiz kararı,2026-10-07T08:14:54.784617+00:00
2026-08-25T07:00:00+00:00,Perakende,Perakende sektöründe güven azaldı,Bloomberght,https://news.google.com/rss/articles/CBMieEFVX3lxTE5uSjRqOURVQ0toenpvMERhX243MXFZSTB5M3lYZ1pFaXVySWpkcVl2UUcwZ1JvQ0RHdmpjN2F1Tjc2SzZGX2x1MVg5dmZIaWhzYnQ1WXhXenVBRjBjU0F5UlNKd3ZqeUhvX0tHeUlyM2xYZUZJYzZwcA?oc=5,perakende sektörü,2026-10-07T08:14:54.784617+00:00
2026-08-25T07:00:00+00:00,Piyasa Göstergeleri,TÜİK Açıkladı: 3 Sektörde Güven Geriledi,Genç Gazete,https://news.google.com/rss/articles/CBMidEFVX3lxTFBZZFU2cF9SNTkwc1NoUXR4Unk3aHZLZlpyTDdhVU5RR1hhVUZhZWgxZWo2aWp1NVU1YUsxaEVfR0loUzRlZHVMYTdoamhoZy1YM1lfN0hFR1EtenhKWlljN1NScUJpTGQ2V280MFlFdHc3aUsy?oc=5,perakende satışlar TÜİK,2026-10-07T08:14:54.784617+00:00
2026-08-25T07:00:00+00:00,Piyasa Göstergeleri,ABD'de tüketici güveni geriledi,Bloomberght,https://news.google.com/rss/articles/CBMidkFVX3lxTE84NVVrY2dtN3Q1WThSZFIwRVJJemF4SGs4NmE2YWUtMmkxZ2ZWekhyT0NNVFlpNE1VUDktelRYcGt3clFBUXZfTjBPb3Z2SGI2V3U0aTN0dnoxT1NUM1poQjFaWEJsUnhocmcza19yWDlmc1VfYXc?oc=5,tüketici güven endeksi,2026-10-07T08:14:54.784617+00:00
2026-08-25T07:00:00+00:00,Perakende,"Hizmet, perakende ve inşaatta güven azaldı",Nefes Gazetesi,https://news.google.com/rss/articles/CBMifkFVX3lxTE5mbkpaOWhUalBVS3dEZGFqN0RhUUVQaXV6SHVVSC1rNkdsN0JQdXBkbkVsM0ozX21ORjlCcDdqUE9pMWdqcWgzZV9lWGoyVTM2NkFBQjBaNnVKc2FaaEZCLTZrdlppMVRvRy1mMC1lc2VfVWVxY0o0YmNXRnU3Zw?oc=5,perakende sektörü,2026-10-07T08:14:54.784617+00:00
2026-08-25T07:00:00+00:00,Kartlar & Ödeme,Adıyaman Belediyesi’nden toplu ulaşım araçlarına klima ve dijital ödeme denetimi,Anka Haber,https://news.google.com/rss/articles/CBMiuAFBVV95cUxPZmtmYXliMW40Zm5ZandNUGZ1cFhsVHFKRTlrSk02M1RWWVlqM015UURYbDBQdnB1T2hCR0tLUVZnT0ZvVnRZd3VGYld0ZjVwbk5qUmRyYmZnSW85c0VuTEV5bFZZamFwc3cyUi1tYkxCNkxlT3BPc1pnWkpwOUZVclNoNWVkY04xbmRXVlRoRVBKcHhUTnIyNFFaMWtad3ZHU2l5TWVCSERWT1dIVHpkSmU2aVJfR3B6?oc=5,dijital ödeme,2026-10-07T08:14:54.784617+00:00
2026-08-25T07:00:00+00:00,Bankacılık,Bankaların mevduat faizlerinde son durum! İşte yeni getiriler,CNBC-e,https://news.google.com/rss/articles/CBMinwFBVV95cUxQeVlZbWhHS2hrSFZwejREMTBQNFJKZVhEeFZJSHRsM01ySk85ZkVUeUdBWHRTNDJOUk43Ulo0SzF5Y295UFl4ZHRtUi1GWE90RnhDSWkydDAwTjJMRkRZSW5iRnBBWXJiSGtnV1EzZm5qbnNJUGY0SW5qQnpCTklQQVd3aEVZX2RhVllTcVE5RW0xb01iaVBSaVJaNmtObVU?oc=5,mevduat faizi,2026-10-07T08:14:54.784617+00:00
2026-08-25T07:00:00+00:00,Kredi & Faiz,SON DAKİKA | Faiz indirimi sinyali: Kredi ve mevduat faizleri nasıl etkilenecek?,Sabah,https://news.google.com/rss/articles/CBMivwFBVV95cUxOTnBhME1YLU5aWkV6bXZLZ2wwbjhWUi1iTVBjM3prYVlQUDUxZ3RHdmg5VDFpSFZ1MlRCTFVBX1VVeElBYUJHdzE1U2VRT2pfTzRRM0EzclBrN2p5QTFlX3d3WjEyMzFfeGE2RFJxc1ZGSEd5VnpTdDUxWU45Y3c2SVlXQnc4ekVBVTdWc0w1a08xdFZOemtHSHROOGF6a29penF5OTFlREMwc095Rng3RDVkRzJlVjV2WElsR1Qtb9IBwgFBVV95cUxPNFUtUFNlUnY1aDllRW5QSjE5Z3RLOWQ1Mm5BTjVHdDBqdVZ0VThWUGVIRFpkSWlTbHhwMWdOMFNpRmFfaUNlSDJtajVsdmVXUy01blVvU25YbFBoTzFPeE5JLTNtSlBQYUJnaWpIZy05ZkZjUTA3V0R0SkpzeXZIRUE5V2xqVmhjSjFFYnhRSkdCdl94cER1MFdHUWxZY05KanhBQnNZcGJMZ2MyRWlVU2UyUk5UQnpnT19ieUR1dzZJdw?oc=5,kredi faizi,2026-10-07T08:14:54.784617+00:00
2026-08-25T07:00:00+00:00,Piyasa Göstergeleri,Dolar/TL’de son durum ne? 25 Ağustos 2026 Euro ve döviz fiyatları…,Bloomberght,https://news.google.com/rss/articles/CBMipgFBVV95cUxNZmc0cmI2UVJjQW9PMEFGOWFnY1MwRlF6N3VUY1JqTDFTa1hQeDJNSmRfQzVFZHpiV1F5NFR2dHlsODNDOTAwQU5ENWU5ZDFsZ1ROeTBVNk5EUGp0YllPdXBrZnk1N0dNNFgyTXozRmM2M1JvWndrQ1pyNURYUjd3a1JxS1NrbG0zdmxEdndxQ1BlUzNRY2RuOGE2RkxLNGZTMkF2alln?oc=5,dolar kuru,2026-10-07T08:14:54.784617+00:00
2026-08-25T04:58:44+00:00,Bankacılık,500 bin TL’si olanlar dikkat! İşte en yüksek mevduat faizi veren bankaların listesi,Ekonomim,https://news.google.com/rss/articles/CBMi1wFBVV95cUxNbm9FU1lfc1NWYUo4OTZQbGc1UnBsTVd5NUlqRDJrS3lCNVE0QmNmc3ltdjUxSnplcXBuSXJzUmxMSHpIQzBoVE8wc0ZYZXpHTnJzc0JUSV9QUTlkTnc3TmRLR1p0cmNIY0liTmJUTFYwaEp3RGZaNDRQRVdtZ0VVMDFHVTg2RGlPODYwRFNPdjNZVm5IRWR0cUpfX0dBZ2pwaVNBbGFUX0RBYlRsQk5OazJHRWdISmo3bVl4X1Z2RUdzRF9aelZfeTFqbHVwNm1lSU1PWGtrd9IB3AFBVV95cUxPUHp6UzZBYnBVXzVaamxMaFd4VDBGVHlFMFNRelFaNmc2QW5CTTJwOUVMWTVjTndXdTF2al9nU1BUZG1qVzRkQmhMaXF1YnFkbERyTUswUE1LdGozMDVXYzNkLTVYMWF5RGtBdTY5aUF0M1V3VW1mMFZkdjBfRFhnenk1OWlCY0NIQ1luUWtJbGJQRHBGX3dpME15QjVYYnYtZlRBOEtfT2VUWHR5NXlpRW9ZaUpVT0Q0S2ZaZTlMZWlzbmI5S1ZyclZhaGstdV9UN21feEhqV0pLOUhv?oc=5,mevduat faizi,2026-10-07T08:14:54.784617+00:00
2026-08-24T08:05:15+00:00,Rakipler,MediaMarkt temmuza ilişkin dijital arama verilerini paylaştı,Anadolu Ajansı,https://news.google.com/rss/articles/CBMisgFBVV95cUxQZ0VDOE4yVlFfZUNpM3k3VjdITzFLWWg3NXJ1d0xGeVNYazVVYjhPZjZLWWNzZlowbDhjNjhWN1U0Wjg4UmUtT1I5R0ZIMXdNOHpjR1M5Q196QnlrSDNiemwzYlRoWVk5Tk5yNVhDV1dFSFFUU1NRcjVFMVNaaDhUdi11X181ajBubDhBZE1QRW56eDlIX1NTeURod3NoYVREWHJTbGFrQkl0bmtoVkRLc3FB?oc=5,MediaMarkt Türkiye,2026-10-07T08:14:54.784617+00:00
2026-08-24T07:00:00+00:00,Kredi & Faiz,Merkez Bankası'ndan 'gevşeme sinyali': Neden şimdi?,BBC,https://news.google.com/rss/articles/CBMiXEFVX3lxTE9XODcwNktwdFJzYS1mUW5nQXA4WG9oOTZXZ2JRUkw5Y3YxckEyUVNFenoyV1FqU1R1SnFPbVh0T2ptUlBWWE5icnhBam4zcC1EdWJsSFR4dFZBR2ZH0gFiQVVfeXFMTlZ3cnlkZjc3RHpwT0NHTDhYd2lBbG54NWVURG1RU1M3RlVlUlFtaVYzMlRTdzFYaFlINnIzdlRUNW9HdU9yR2lNcmdxN1pFMkhRZHdlM2JaVklvdXRoeDRoZGc?oc=5,TCMB faiz kararı,2026-10-07T08:14:54.784617+00:00
2026-08-24T07:00:00+00:00,Piyasa Göstergeleri,Sofrayı kartla kuruyoruz,Nefes Gazetesi,https://news.google.com/rss/articles/CBMiZ0FVX3lxTE5tbkpIdnZUSmhnYzZORXFmVUJodHdHMzQ1X2JXRnpvbU9zV29YY2l5bDlqYmVqY0tMTEFpVlhQdXRXVk5lQzhKS0NjOVpMQms5cV9jcUVrMVpRYXV1NlVIeTF2MkJUa0k?oc=5,kartlı harcamalar,2026-10-07T08:14:54.784617+00:00
2026-08-24T07:00:00+00:00,Kredi & Faiz,"CHP'li Becan: ""Takipteki kredi kartı borçları 2023 sonundan bu yana 10 kat arttı""",Anka Haber,https://news.google.com/rss/articles/CBMitgFBVV95cUxQMzhrb0RjTTFyVUxzSVlXUHp0T3QyNjQ4QnpLaFlydzNaNkJ6QWQ0Sk50b1RSUHFWZTNOS3oxaGJ0MmE3M3J6Z1R0R1g3Mk40bExlQjlISFkwR2xvSkFrazBjUTE2eklaRkNyZWZyV2FTYU1EN0dSZjdXUUlBMEdwTXFFZVV4a2lteG82VmQ3RkVsa3pkNVpuQUZ2X0JVWF85UDZJS3ZzNVF2LUdwQW4wR3hReUN5QQ?oc=5,tüketici kredisi,2026-10-07T08:14:54.784617+00:00
2026-08-24T07:00:00+00:00,Bankacılık,Mevduat faizi oranları sil baştan: İşte banka banka 1 milyon TL'nin 32 günlük getirisi,Cumhuriyet,https://news.google.com/rss/articles/CBMiywFBVV95cUxNSGpJZmJwY2J4LTJoei1LVkN0VXVSeEdtb01FM3R6aXhITkFla1owWHlQdkozRkR2SFljSnRpckU0Zi1pVUFBVnhybTdJdkhBVmdqaURPdU1LeUdHb01mSWZpNElZTmZZOVY2VUVqNThBNzNHWnpGUzVIb1QxeHJFM1Zod2s5TGQtRXlQOVg2RUVHVmtucWE3eUpyRGZfX0V0NmgwUXJYS3EyS3NlR1lTZF9XcUhRVDZKcW52NzNYNWJiVVJzeGZReDd0bw?oc=5,mevduat faizi,2026-10-07T08:14:54.784617+00:00
2026-08-24T07:00:00+00:00,Bankacılık,"Mevduat faizi, politika faizine dönüşü fiyatlıyor",Ekonomim,https://news.google.com/rss/articles/CBMimwFBVV95cUxNWlFzenZ0OFFaLWNrQWFIUGhzbVp6RHFnVk5wOElMUzEyVWV0NHAyVTM4LXJsVzVPWUNOblBOV0RtX0RhWUpPZ2dFa1VTQUhfUjF6VXlTc1FxOFlUd2RYNk5MUl92bFZOM25tZmxRNk1NZlduMjJNeldTQkVGN2dvQ2xuNENNR2lIenVqNUp5NWpUSU5XdkcxOEtmd9IBoAFBVV95cUxOQThpaXd4UENGZXVfdjJYREtIQlFaVTVYRm5teVdSTTAtbVRPSjVIME9qeDEtYXJUbnpodTJlcm8yWVJzVEpNREFVdC1sWVd5Yi1GamVmckhDYU1TTlQ5ZzU4OTV3N1NtNVJ2Z1pJNi1pQ1FxN1pGY0F5aUZWdTl2QWhQQ21DdDNJeWhmMXc3blE4SElOUkZoNlpQTEdReVp2?oc=5,mevduat faizi,2026-10-07T08:14:54.784617+00:00
2026-08-24T07:00:00+00:00,Piyasa Göstergeleri,TEMMUZDA KARTLI GIDA HARCAMASI 1 TRİLYON LİRAYI AŞTI,Denizli Yeni Olay Haber,https://news.google.com/rss/articles/CBMimAFBVV95cUxPTDU3MUxwcUdpdGxIcGNwLVAxam1GTkFPZEp2VWJ0YU4zeTlUNjF6UEh4YnA3eE9tZVFOT2NTeHRfckFaUnJNakQ1Vl9nMi1wSmNpNHYxYmdLMGpYSUJCSXdlTThQR0VSUXh2R0VQakZkZzlobFMtWUlaR0FlN2RBb3Z6WjhuRHRiUk5KeG0yeDdUbHNGcFg2TQ?oc=5,kartlı harcamalar,2026-10-07T08:14:54.784617+00:00
2026-08-24T07:00:00+00:00,Bankacılık,"Son dakika: Merkez Bankası faiz indiriminde ilk sinyal! Borsa, kredi ve konut piyasasına etkisi ne olacak?",Uzmanpara,https://news.google.com/rss/articles/CBMi6gFBVV95cUxPNnJXVEV0NUxPSVhFaWVPLTB2b3dXblllUmF4R05HdTFJSVVodlRTU0k0X0F0cmIyWGJhQktRV2I1eE5LRmFPTldUYWtpNjE4RWp2OWE3MkdobWlYTmdibUE4SWlHanVwOWVYSG9EZW5nUGtnOXJoX1M1Z1dHaUNIUFRXaF80SzczTlZNTVZFTm9fb05NSko4RkpVcDV6dTVWVHYtdWozdHhFSTFVLWMzVmx3Z3BiTkxvUFJERjg5VF9xbTlDU0U2WUZMM3Z2a2U4WjRxTWlqVTJGUUlfcVYxQ1RSUEs4ZzB0UEE?oc=5,mevduat faizi,2026-10-07T08:14:54.784617+00:00
2026-08-24T07:00:00+00:00,Bankacılık,BANKACILIK SEKTÖRÜNÜN TAŞIMAK İSTEMEDİĞİ RİSKİ REEL SEKTÖR TAŞIYOR..,BankaVitrini,https://news.google.com/rss/articles/CBMilwFBVV95cUxOWE1DX3FDWTJleElvTG9KOVN5OU1pbVRrQ2Y2MXBROVFHNVEtQ3FxMFNPLTR6eV9zdjhucjN6RVJ3a1ZJSjlvWHZlZzNsc21XWHVteHIxZWtnVHFhNVVxeEVENXRFZzFPejlnSi03SkF2dml1UERUWk9mNUtzbjRpSDlmTUw0RURQZHN4b2VoTWRJZnhrQWFB?oc=5,bankacılık sektörü,2026-10-07T08:14:54.784617+00:00
2026-08-24T07:00:00+00:00,Perakende,"Polonya’nın Temmuz perakende satışları %3,9 arttı, beklentileri karşılamadı",Investing.com Türkiye,https://news.google.com/rss/articles/CBMixwFBVV95cUxPcVZFMGNXYkNsMzRmVUM3QVlhUjF5SWpCMGx2dHdjMjQ0ZEZwcllEcmhWWTgzMkI4RmE4NVBvVjdoTDhQUDh4d1NTdDB1WFpkV2dDZnhLcHZyX3F5UVFTcFo5cU5rNXFJQmFqN2F0SnkxM1c0V1ZIUGdIQTM3cDdCVE56dGJjRmxuRmdYVHZOVDZFQl9OU1BuV2JxcGxDbmRXcmJHVTdEc1RrLVNadi1FNE1WaEgxTGIyaEVMQmdHZ2lZeXVvclRr?oc=5,perakende satışlar,2026-10-07T08:21:55.564991+00:00
2026-08-24T03:47:16+00:00,Piyasa Göstergeleri,Bankalararası Kart Merkezi temmuz 2026 verileri | Kredi kartını en çok ne için kullanıyoruz,Odatv,https://news.google.com/rss/articles/CBMiyAFBVV95cUxQRklwa0plUDI2MTl0NmtPSGZLU3RjbnE4Y0dsXzBucmhESnRicTdPRFd3dGduNmdOWDNHOXA2cWRESUZvMXlPN2F6Q2tSdGpla3NRR2RKNUtsWVQtUjlZblFPQnZ3ZUZ5S3ZUcGlsYzBwUDk1MDI3QndIdnJqMXV4ZkMxMGozcUFYaTNJYTg2Rnl6cWNhN3g1d2JneS00cFhRWmlLSHVCQl90NzNfcEdBT3dhd1E0OVI0bm54WDZYaVlSVllMa1pvTQ?oc=5,kartlı harcamalar,2026-10-07T08:14:54.784617+00:00
2026-08-23T07:00:00+00:00,Piyasa Göstergeleri,Beyaz Eşyalar Ne Kadar? Spotçu Rakamları: Ev Eşyaları Fiyatları,GZT,https://news.google.com/rss/articles/CBMingFBVV95cUxNTXM4aVN3ZzZSUkZiNFEyUW9ka3lpbXg0azRmbnN3WHlkaTUxVmlocHhTSFoyU2llTEx1LVltZk5kbktST1lBSUI2WGVsTkNHVDhmUGZ6U01XbHFSVDUxVnhxTDFMYndqZFoxYWtnVjJKSWItc2daMzhZRm1zbEZWMmFDbWx0TlZRck0xcm5rVkpqZ3NtcWY5TlBCYVNUUdIBqAFBVV95cUxNQ3NfRlpvM2VCYlduS1BGX3V1dHdSOVYwLUV6T0VZbzZNQW9vM0hGNS1lNnl0Mm90X094ZllTRUp6blpCSFRFNXllb2daTHR0M2ppSExoOVczM2ZBY00zWFdFaUV5R1BVdEJpdU9CRGswbWNydVJjRGc4Qkh1N1duOUdUNnhtQzJYN1pHWFpndHcyem5RS3ltdW5BNFBDYWZ0WWFRV2QzVzk?oc=5,beyaz eşya satışları,2026-10-07T08:14:54.784617+00:00
2026-08-23T07:00:00+00:00,Kartlar & Ödeme,Borcu olanlara 72 ay taksit imkanı! Son gün yaklaşıyor,Yeni Şafak,https://news.google.com/rss/articles/CBMi3wFBVV95cUxQTzlKM3ZadnNMZGp3ZzVVdXFJX25MZkV6MGxJSnhDWktPMkw0TDZ1bEhlOTBkcDdIQUhxS0lwVHdEYURmQWZ5dVc5eU1UQ05MUlA2al9JQUF5d1R4cnptUFlEX0lHU1RBS0ExclRJVkhEbl9uTFRuYnJ5c1RfZHdlSkRxT2M2VllsVndrajNERTRjbGN1Vi1wNzNrRnc4R0htRzJZcUxJOHkyWExIV2FEeldneVhtZ1p0NmplNlBoMlFlanFzeVYxckc3dVdTYVNGR1VVcDFKc0JpSFY1MlRJ?oc=5,taksit,2026-10-07T08:14:54.784617+00:00
2026-08-23T07:00:00+00:00,Piyasa Göstergeleri,"Dolar kaç TL oldu, Euro ne kadar? (23 Ağustos Pazar Döviz Kurları)",Dünya Gazetesi,https://news.google.com/rss/articles/CBMisAFBVV95cUxPVVRxMWNNQ2ptZllNYzE5aDJVcDA5Z0x0Q3psb2dIT0lQSVVwTnBuNkFBSWZUaWdoY1U5OFo2Y0t2Xy1XdEQwUHlqQ0daSGdQT2NpUzJBVnhOS3pHdklfRlRFcFhQTkg4TGRRSjdOcGN5X1ZtVXVLS2FNV3BUUm1ldDhxbi1PWFlhQk81TFhtLTZWR1ppZkJXN0ZlQUllaHpfYnJtX2wxX1BxZi1jY0l3Uw?oc=5,dolar kuru,2026-10-07T08:14:54.784617+00:00
2026-08-23T07:00:00+00:00,Kredi & Faiz,Konut kredisi stoku 822 milyar TL’ye çıktı; ortalama faiz yüzde 42’de kaldı,https://www.ticarigm360.com/,https://news.google.com/rss/articles/CBMiowFBVV95cUxPNVFvRk85bTRGMnZUREtOUXdZQXpoWng3bGVXNHdwYTJTTE91QndFY2xkOTlDWWsyd3E2aTh1Zi1yb0tqS0xvYmJzcmk0aWRfQnpjLXRwU3R6dWNVRFlHNk96dTRGUXFYOWJ1bnR4MFhvLTdRcjhCU3lvVklPYjNKUm5FT3VhLXNhNEJVSTRQQVVQR0tKajBlLTQyMkR0VlBIMmVz?oc=5,kredi faizi,2026-10-07T08:14:54.784617+00:00
2026-08-23T07:00:00+00:00,Kartlar & Ödeme,Trafik cezasından vergiye borcu olan herkesi ilgilendiriyor: 72 taksit için son 8 gün - Finans haberlerinin doğru adresi - Mynet Finans Haber,Mynet Finans,https://news.google.com/rss/articles/CBMi0wFBVV95cUxPNjNURDZRd2t5RmdocUtuRWVuaFB3aTNPT2NZM1MyNjBzLVRZcVBPSFNQRk50ZUZ0QlJpV1g5c3hsWWRIcHc1Ql9sMlFlWThXeVN6ejgwRjlfeWFRbjZZSlRtYkdqZFA1aVc1MDk5YjhDbF85VzFwVWJkb3FaREdLS00yRUVTQjJhNHFoNW9URmNEZURiN09BVWNNTS1WNlo1SEpwQ2hGODFXMVZoOTBlbjA2VW1XVjY1MmN3SFpEdWxRckNYZlM1amwxNEx0cWZDYlRv0gHCAUFVX3lxTE9pNlljTUZCdWdrY2F1R2NXSXotN3RDbm5faFMyamlOWjJmc0EwYzBBampWSWZzYm9TVkp4d3hpSEp1dGptQW91eEdzZ1h5TmFqVEVXZHNrZDVTTVFWUzhiOEs4czBEdTJ2SFVHcFM1c3N6aUpjTU9CUVJTRWVUODhqaS0xUEZYVkdLejhPajJXbFpnaGVvcXlfRzdkSS1aVGlnR1dXeWlNLW9KLXNlcEtIVXlVNnJFQ3VhWTNnRXA4VmV3?oc=5,taksit,2026-10-07T08:14:54.784617+00:00
2026-08-23T07:00:00+00:00,E-ticaret,"Ukrayna, bu kez de Rus e-ticaret devi Ozon'un depolarını hedef aldı",NTV Haber,https://news.google.com/rss/articles/CBMirgFBVV95cUxOX2VrWUgzdWl0YXRqMV9LVDRXQlZieVhsVEVjVkxTZWJMNEc4OTg1VHdPc013enprcTFHdUVZLUNiRS02aUhEaWdnV0poVDZqRGpod3NUbDhQYXF0YmgxVHlUdTNEQ1BFMUtQekZ3RlVSTC0zZkIzRWZMeWZUOWRWaVFnQUVGNHFrTERaa2RXZllNMUpiMFdJVEJLMThhNVluNW1DM2c4MmhvT2JrY1HSAbMBQVVfeXFMUGZTME4tUV9STlZTa3B6bTByajN1UDZteXV1WTdlT1FpcGNUNmNBdlVoenB5djhfRXZVOHFCOVlscnhKd21OMzBORUY1UFpJNUIwNXFRN0h6QU01dXY0SFpLQS1HS3d0OGtHSlU5aHBoejZnbzBObG1VNUZUT1R1VlVhNmdHZC00eV9LdkpIeTdPRGFNTXFhbnJPcExJMGlaN0tZODFIeGl1dDFFcW4zQjJJUTg?oc=5,e-ticaret,2026-10-07T08:14:54.784617+00:00
2026-08-23T07:00:00+00:00,Perakende,"Yeni Zelanda Doları, zayıf Perakende Satışlar verilerinin ardından 0,6000'in altına hafifçe geriledi",TradingView,https://news.google.com/rss/articles/CBMiakFVX3lxTE05NEdyWlM4NmsxUVc3bzgwa182VDlrVVozajN5UFNaSTA1OHZNMi1uNkhmRjZGbWJCY0JuYXc1emVDV1BkeEZrd1VtNFhuemgtdmljcnUxSks0R0JtMGtuSWhYSzdDbHFKclE?oc=5,perakende satışlar,2026-10-07T08:14:54.784617+00:00
2026-08-22T07:00:00+00:00,Perakende,Maltepe’de ruhsatsız ve sağlıksız şartlarda faaliyet gösteren zincir market kapatıldı İhlas Haber Ajansı,İhlas Haber Ajansı,https://news.google.com/rss/articles/CBMi0gFBVV95cUxNSkQ3VDgxWmZnODRSVGZzMUNPNUhwTlZOMTJvVjhTTjZfU1c2bHBjNTVwdlRsU1FKX1dMWkNaZHA3bmtpRE1uZHRFV2N5a0dtVmtROF9UZEJGa0lOTGR4VmxOeGJCNzJuM2JFOEM4dkkzWmpmOEI5QTZFclREN05YX19aN0o0M3lvNEFTZENsR3ZyYUlHR1duUEJhYkNpUjhLczExRHBUaDBaeUozN3YzSjVPWFdQNXNiVG9iNlk5cmxhNjRMSUtEVTg2RmdPeTJtNlE?oc=5,zincir market,2026-10-07T08:14:54.784617+00:00
2026-08-22T07:00:00+00:00,Kredi & Faiz,"MERKEZ BANKASI FAİZ KARARI: TCMB faiz kararı ne zaman, saat kaçta açıklanacak? TCMB toplantı takvimi",Uzmanpara,https://news.google.com/rss/articles/CBMi4wFBVV95cUxOMHkxRWEtVEFiTFBrczlUM0hKelRUZVNjc0pqN1JXNnZna1ROQ1VRR1huSW9lY2wzYVE1WEdUNWI2VXVvSjM1TXNlSmFHbTRuQklqRFI4MFF3Skt2X18wZVlYRTNiSl8ybUFSZVBBQ0x6QjNEd0ZfOTNDeUFoTDdXZlhvMGFNdDJTTzAyaDh1MTdBdmxqcUNleFFFVmtLMUVvb2hBTVVQTGJkazFDMmVvelEzMTBBYWRtQmkyMG5BbUtzOVYweV9abFJNSHo3d3E2SjhtSlVRWGo4dzhiZnBwREJMYw?oc=5,TCMB faiz kararı,2026-10-07T08:14:54.784617+00:00
2026-08-22T07:00:00+00:00,Perakende,Maltepe'de denetimde sağlıksız şartlar tespit edilen zincir market kapatıldı,Aksiyon.com.TR,https://news.google.com/rss/articles/CBMirwFBVV95cUxOTWk5anZMUVVQbjRvVC1JMk05S21DQXgzNkJMMFZyNHJGR1oxMmlMeThPRTYxT1I1VjEyMGZxTUdIVS02X0x1R0tYWVB3b0o3NWkzZWg1eFpNYjNHdklOaWZfWFVFdXI5ZEJZcy16ekhrVzZ4N2YyQVlnUFNzLV90dDQ0SjlmdG93c09KS1R5MkpWZU1HRUFVa2VfS0ViUTlSYmF1akpwUlNmMkZwTFNn0gG0AUFVX3lxTE83RDR6SHk2Rjl4VmhsbW1GR3Y5dkJVTTduQk42UUNrX1Z1NDN2eG82X0otQWttQS1JcVlDNmlYSjBsSFJUQzNJNnFVLVZFMC1menVuT2l4alN1d3FBUWZRSkFkMjZOMWdJUWUzQ3JFdlVPWnlOWkxxZjFIeWk5ekVuMU1mM05WaFNzZmtXSVh3eWFsQTF0akxjanRGa1BoR1hrS05wV2lGZVRpdTZaemVWeG50UA?oc=5,zincir market,2026-10-07T08:14:54.784617+00:00
2026-08-21T08:52:29+00:00,Rakipler,MediaMarkt'tan Okula Dönüş Kampanyası,Anadolu Ajansı,https://news.google.com/rss/articles/CBMikgFBVV95cUxQZmNQWk9UNmRxbXF3Z2VvTGo3SFd4WFI0dHRJUmt5VE5wZTROaHVyU29HaGk3VUxzbzAyb0lyazdYRWs5enRkSl91Szluc1NXb1lTQlgtOEF6RzNTZWt0VU5QQUwtSkRXODNQcGhCX3VIa0gyeGVhRWctWlhwVDNnT0Zmc2ZCd3h2ZXZ3Sk8yVGVwdw?oc=5,MediaMarkt Türkiye,2026-10-07T08:14:54.784617+00:00
2026-08-21T07:00:00+00:00,Piyasa Göstergeleri,Tüketici güven endeksi ağustosta arttı,TRT Haber,https://news.google.com/rss/articles/CBMikwFBVV95cUxQUk1MNnhoelJSc1ZsU1ktLVZRQjkyeExWNmlUa0pWRURGOW5TbHU4TU5Wd0ZrSHcweWk3OGRxb3FVMTFDS3FxN01TS3QwR083YVh0ck1WZVJ5b2oyUUY5U191RTlBZk5Ycl9KN1AxeVhXNjJIME40dWhDaDZSZjJfcHhmRE5oZ240ZkE3MTVLbnR2NGs?oc=5,tüketici güven endeksi,2026-10-07T08:14:54.784617+00:00
2026-08-21T07:00:00+00:00,Kartlar & Ödeme,Vergi ve SGK borçlarına 72 ay taksit imkanı: Başvurularda son tarih yaklaşıyor,Cumhuriyet,https://news.google.com/rss/articles/CBMiwAFBVV95cUxPOU9LSmI1enhuWm9idjZ1d0l6cjFPT2VvMUlwYlRjVDBjQ1BuMTgtQ0NvMXRrNkdvMFRSZUpSOXBVazdZeFNxeEdNc1ZYWl96SDE1ZFJwelZ4OUFmR1doanZ5dDFXcXR4NkZnN2dQWEdfV0F2b3JFWXJXN2hfelQzRlhuMDFueDRQUmFnLUdzOTd1YmkzUVhSU1A1c05DeXA5cUdRdm1lM3N6ejdyMkVlSU50ZjYtS0xyQ3g2Qm9QYVM?oc=5,taksit,2026-10-07T08:14:54.784617+00:00
2026-08-21T07:00:00+00:00,Perakende,"Birleşik Krallık'ta perakende satışlar, Haziran'daki Dünya Kupası destekli canlanmanın ardından Temmuz'da ivme kaybetti",FashionNetwork France,https://news.google.com/rss/articles/CBMiqAJBVV95cUxNWTJrcTRUZnlqNERtWjVXZGVMS01UMnV4LWdtYVktY0JVb055OE9QaUJYdmZWcHljcFlOcURsRUZJZ25xYUhqWC1oQmZqLW5fTG9XbEZUUmRDQ05OOG94ZklXNG5mYXRPVnhWMlhPZmFMVGhNcmJkbEhTNFhzX0Z0Ump1bmZiSW5uLVI1MzU1M3k5NVNlTTdhTDI2VjV6RjlWaUtpUmstLUlvTXljcjVyR1NYUTJLbHh1ODBDZ3h1RXRCU1BSYy0xU29xUlFwMW1JaFRSRUNRTVJlZjYzWlBHcnZ4M0xPLXhrSHdONTdTOWhGOGZoUWYzSW5aS2c2NVI5VThpX1RxR3lBdWJUQjZscUk3aVp4eE1ua1pmWHhnaHVBcWx1MDhnMA?oc=5,perakende satışlar,2026-10-07T08:14:54.784617+00:00
2026-08-21T07:00:00+00:00,Piyasa Göstergeleri,Dolar ve Euro kuru bugün ne kadar oldu? 21 Ağustos 2026 döviz fiyatları…,Bloomberght,https://news.google.com/rss/articles/CBMisAFBVV95cUxQQXRYRW8tNTRrUlI3R3dtVzdQaURvek1ReTRubzRFOTdUMTl0eXNvUTRCOHRtZjdMMG5rREI0R2VWa2ZjVl90MTl3MUotUlRvaWFjOWdiY3pxTVpDWENNcHpiT0V2RW9DTjVadWt4bzJHQ3U0ZFFWcG9vdGNJdUhzdXpHcmh6dzF1Z29vTm9BdXBuUkpHbXI4Z1lmenkwRUlFWnkzSGZFVE9Bc0paclUwdw?oc=5,dolar kuru,2026-10-07T08:14:54.784617+00:00
2026-08-21T07:00:00+00:00,Perakende,Haziran artışının sönmesiyle İngiltere’de perakende satışlar geriledi,Investing.com Türkiye,https://news.google.com/rss/articles/CBMivgFBVV95cUxQU3RRR0FlXzhsOGFKRFlkcUFTN3ZrSzVDSVNWZ1N4MkJ3eFdpdzlqVUtVcmpPbGFWMm1jWDNVZlRpak16b2c5LUQ4RDh1VWlwOVVEbXhwRVVDTUlySUw2MGtQc0FjRGdYN3cyek5nbVVCVEZlQU04VHFGQTB6V2t5UG12X3Z4S21DVzdzeUs2b1ZtNjBiWl9aYkpzUEp3aElZRVZCSV9aaU1RM21SZzR4X01PRXZoVkVkUTNmMEd3?oc=5,perakende satışlar,2026-10-07T08:14:54.784617+00:00
2026-08-21T07:00:00+00:00,Bankacılık,"Merkez Bankası açıkladı: Bankacılık sektörü öz kaynakları yüzde 60,92 arttı",Kıbrıs Postası,https://news.google.com/rss/articles/CBMiwAFBVV95cUxNS19xbzhmMEZFWWFjMXcyVDJ0bnBuWFhmZUs1RXUtRk1ueGh1ZElVdWtDeExuaGJzcFhVUHowWWVxbWVnLUNGc3lQdGt4S1N0NVJkMHlNbk15dXRYelhkN0s1RFlHbEt4c01PM2FiNWpDSDNlUmJ1RUZWLXUxSWdDY2FrVE53dzNaT1JOWDhEdlhvN3NlUDVXYWlmVENlVUdaRnAtQUNrV0xQdmM2YllhUVFhZG9ELWdPcjR3cTZ4a1I?oc=5,bankacılık sektörü,2026-10-07T08:14:54.784617+00:00
2026-08-21T07:00:00+00:00,Piyasa Göstergeleri,"Dolar kaç TL oldu, Euro ne kadar? (21 Ağustos Cuma Döviz Kurları)",Dünya Gazetesi,https://news.google.com/rss/articles/CBMirwFBVV95cUxQTXcxSzdUV0UwRE9FSnB5cUVFVEdOQ2xDZkhJZkNERXFWZXBjUmN2QUpCYjVpLUpsTUZ2ZEpqbmk0bkJqaGQxZWJFdFFNeVJfZEF3THN6Q2JONDJMSVViaktyRnpGR1NZUHpoSGFCd3BydXEwVTdENVJteERCNlpQOEpmTFc0ME51YnJ2cFE1VHJ5a3N1WEo0SmpLWGpQSVZuRUNWbTQ4dWRwLVlmdVd3?oc=5,dolar kuru,2026-10-07T08:14:54.784617+00:00
2026-08-21T07:00:00+00:00,Bankacılık,Piyasalar ECB'nin daha şahinleşmesine hazırlanıyor: Mevduat faizi için yeni senaryo,CNBC-e,https://news.google.com/rss/articles/CBMiuwFBVV95cUxQOVloX24yajJZT1o0WVB5Z2pQSUlNZ2tXOTdkMWRZTG5RSngtbE5USlYxR2xiZ0JUYVlsNkM2SlBDY2psNzZ2cVBMaV9RcDQwR1Y1clVEM2dvdjNRS2cxOUxLbHpsLV9qRHlGcmpueGFWVGtKRnY4R2lqekx2d2VlQmZYUi1kU196X0FoOEZiQWNsSldqMU9rVGRtV1g2Vk9ucWNzWGpXX0FubEktaFZldGhjczlWN2NWX2xv?oc=5,mevduat faizi,2026-10-07T08:14:54.784617+00:00
2026-08-20T07:00:00+00:00,Kredi & Faiz,"TCMB MERKEZ BANKASI EYLÜL AYI FAİZ KARARI NE ZAMAN, SAAT KAÇTA AÇIKLANACAK? Eylül 2026 TCMB Merkez Bankası toplantı tarihi",Uzmanpara,https://news.google.com/rss/articles/CBMi3gFBVV95cUxQdzJMeGN3cTZzSmxpMXhLdnd6WHpqc1pZUnhxRVlJU1hvTmVYa29ka2xxLWhiWWNuVXI5RURiU3I5Vk9Gd0Q0dUduOUljWXY5ZmxmMFhfaUltTjc1NFB5RWJ3V3U4bmR5OERjX2RvakRyQnkyaGNDdUp4cE5NbDlwWjZRQ2FPOFJUSklFU1NRSWFWYUlIYjZJLXNaZFQwc0xtdWg3OTZhYzRmS1gxYldPZFlxWUhMQi1jak4zMUlzclNYM1g3MHY4WmlhYXNnVHNNSlFzNzRIcFpoS2JLcVE?oc=5,TCMB faiz kararı,2026-10-07T08:14:54.784617+00:00
2026-08-20T07:00:00+00:00,Kredi & Faiz,"KKM bakiyesinde sona yaklaşıldı, tüketici kredileri 3,4 trilyon lirayı aştı",birgun.net,https://news.google.com/rss/articles/CBMirwFBVV95cUxQb3R1RnJITEVhaE5JM2t4aVBfZEVDeVBmdjVFZ3hsNGgzV3BXU0lSMEFfZkpoeFpnN0cwNG9kemFsVEFyUlpCYktabXpBZDVSSlJjT3l5empxeDBZTjRnWG1iVVZrd1ZBbG5sRllkTDI2cTZ1Q0o5bTRQSXB4LXVJRENMdEdiQmlXVThXd1lCb2E3bnFhUEZSWDRCaDdoQVh1TXl6Z0xON0YyaXBfOTNz?oc=5,tüketici kredisi,2026-10-07T08:14:54.784617+00:00
2026-08-20T07:00:00+00:00,Kartlar & Ödeme,BÜYÜKŞEHİR’DEN VERGİ BORÇLARINA 24 AYA VARAN TAKSİT İMKÂNI,Ordu Büyükşehir Belediyesi,https://news.google.com/rss/articles/CBMimgFBVV95cUxPdVQ3UTd6ZEtWRHQzUzk0Yjl5ZHpBdUM2QWNicGh2OWtodFpPSy1MaElRUU1nZFRMbHZ6Z2FXcGx6d1ZTRU16MldGT2tMdWxnQTA1ZzBCeDJjcHRZQ2tmeU1SZ0F5eENTbXVqd01JY3NBb2phWGxweVBaeFlKb2JUYTRGd1hQU0dmc05Ra0VBaWdfX1RsSkk1eE1R?oc=5,taksit,2026-10-07T08:14:54.784617+00:00
2026-08-20T07:00:00+00:00,Kredi & Faiz,"Çin, kredi faizlerini 15. ayda da değiştirmedi | Son dakika ekonomi haberleri",Bloomberght,https://news.google.com/rss/articles/CBMihwFBVV95cUxPZ3RkcGYyYzhIWEdYd1hNb3lyaXJQb01Ma1FzVVV3T1REZFhsd1BqSjJkQWpDUnFYTkc3cVhUbUk4NXpHNnROVUNLME05QXRlMDBQSkliNmpqV2pLOU9mOU0xZmRYX3NCNC1zT3BuWlB0TWJLcmg5Zk84dm00LThpRjY3cllCVFE?oc=5,kredi faizi,2026-10-07T08:14:54.784617+00:00
2026-08-20T07:00:00+00:00,Perakende,Dev zincir market Türkiye'ye mi geliyor? İki ilimizin ismi geçiyor,Yeniçağ Gazetesi,https://news.google.com/rss/articles/CBMirgFBVV95cUxNOUprZm5yLVRFU0VtbFpzZ21YcTNHR0JjamJoeGpOMGNsQjd6U1EwODVNekxDeWhwME9rYmNVeHhyeU13bjIyeTRSUXpES3h1VFVFNkxxQ0RGNE1GMWg3dzhBc1VvNFpqcVgzUl95VTNvZ2NQLUdPbFNxNlU2ZHZfa3FIU0dxUXg3ZXRuclQ5Z2p1dW8zd1JYcWNVM2FOUTFFMXR6NHhQbHRHN0VSX2c?oc=5,zincir market,2026-10-07T08:14:54.784617+00:00
2026-08-20T07:00:00+00:00,Bankacılık,"Erol Taşdelen Yazdı: Akbank, Garanti BBVA, İşbank, Yapı Kredi 2026 İlk Yarı Performansları",Para Analiz,https://news.google.com/rss/articles/CBMiygFBVV95cUxNd2xEdDZlTGpHSXJsWWRrQks5a3FjOUxNdUFfUUpIdFBUajZBaE84b3NXbTRaWXQ0VVBSX3Rvc3VvRXkyTEIyek1vTWRleC1LNXRUXzBOdTBOR1ZGSnAxYVd5N3kwTnRBOXBwdmdURzQ0RmhnYi1fcjNZM0c0YXhMVmN5cEt2enh5RVh0dkRCRHlvamZrYWk0MnlRbHVHS1hFUWU1ZEtKVGktX1BuQlNucjFVbndDM1Rhckx3Si1CLVlTSnF5bXJ6TG5R?oc=5,bankacılık sektörü,2026-10-07T08:14:54.784617+00:00
2026-08-20T07:00:00+00:00,Piyasa Göstergeleri,Dolar ve Euro kuru bugün ne kadar oldu? 20 Ağustos 2026 döviz fiyatları…,Bloomberght,https://news.google.com/rss/articles/CBMisAFBVV95cUxNMTRRNExVX0lUTGJOZ3piZ0wtTHdFVXVZeWZtV1FkQ1dFNWliV09ObkJQR3lfSjE2ZEZFcGdMOVVIU0xrUXp3ZlZ1NGVuNTVWV0MtX3htOGdEcnJ0MFdFbFplLTd6andiTGx0UDhSeWJOR2gwZzVpNGlBeEk2NzI0bEI3UFZQOGs0Q2lGdDQ3dXItdjRJaTRaZXpMRS1RY1RET0x3QjhBemhwbXdVT3M3WQ?oc=5,dolar kuru,2026-10-07T08:14:54.784617+00:00
2026-08-19T15:11:35+00:00,Perakende,Gaziantep'te zincir markete üç gün kapatma cezası,Odatv,https://news.google.com/rss/articles/CBMikgFBVV95cUxQZTFZaEJqZ1g4N2p1bDEtT3lQTXhlYzRJUWttU212NzdLdGVIWDcwRUllU2RQM014VWVfTHZ5N2xoYUFLcEhPV19XdkZSTjhsOU9FeHJwMlk1QjZNckthTHQxYTZKUVRCMjZTTWpoeGxxel90bHV0VnVYMUcxT3pZc3FieVhFelRBVC1Jbm5hM1RNZw?oc=5,zincir market,2026-10-07T08:14:54.784617+00:00
2026-08-19T13:30:41+00:00,Bankacılık,Orta Doğu Krizinde Borsa Alarmı: Türk Bankacılık Hisselerinde Sert İrtifa Kaybı,Para Analiz,https://news.google.com/rss/articles/CBMitAFBVV95cUxPRFhsQjBCTTJfYzFuOWI3clB1NTk0cE5ET1lXVm85cEliZWFIMk9tR3dtd1g3bjYwT3dVSkhqbmVuVjRkcTJhZHFNMjZtdmNvanJtM3JXRDdsYmlCeERuczRXYnFiLVEwbVpHUm9lR1JXdF9yNVNKM1ZyOHpwOWJUZ2VMX01UOUc2SWpBeTRiYzlFSDBrbEhqS1lTQkFqXzlpLV9aZTY2LWZSdEhlR0NvQnhTQ0I?oc=5,bankacılık sektörü,2026-10-07T08:14:54.784617+00:00
2026-08-19T09:13:45+00:00,Rakipler,MediaMarkt Türkiye Samsung'un yeni Galaxy Z serisini kullanıcılarla buluşturuyor,Anadolu Ajansı,https://news.google.com/rss/articles/CBMiywFBVV95cUxOQy1YSTJ5VzJWVE1DVUo2NXduX2drSE9lODJVY1poNVdCSlNiVm5xc2s3XzdWRVJNNmN5eXlvTElXSUZ4WmlSVzE1QThfZnY4Wjlkb3Z4RFQtMVlqN2R0QWlOWmMtTzVzZ01YemRXcEJYbzFDOXdnZVQyT25fWVVQZXhfekh1QjZsSWpUNzFYTGxwUTMzYndPRllVbnBuNEdXZnR1TUUtZ21UUmprU013djg2REQ5Q1Q0VUI4UjllN3Boa0xTZjdEd1dtbw?oc=5,MediaMarkt Türkiye,2026-10-07T08:14:54.784617+00:00
2026-08-19T08:03:38+00:00,Rakipler,GG Arena by Teknosa'da ilk sezon tamamlandı,Anadolu Ajansı,https://news.google.com/rss/articles/CBMimgFBVV95cUxPc1dxeVpYRERWUmp6WUJTNTlNc3RudHVEZ0x5WmpCdVJzbXYybEUtanpleW9EVjRpckxNc1Mwdlh6MDV2OEs1cW8ybHY3djhLbC1KRU92MzFUaUJnT1A5VzdPX2EzeHhfOS1IblZwQWsyM2tyTmRtSUs1SDhYU3NwYm11OU1SMndzNWJQUkdja25HRkhFWFRzelFn?oc=5,Teknosa,2026-10-07T08:14:54.784617+00:00
2026-08-19T07:00:00+00:00,Kredi & Faiz,2026 TCMB FAİZ KARARI TAKVİMİ | Merkez Bankası faiz kararı ne zaman açıklanacak?,Sabah,https://news.google.com/rss/articles/CBMi0wFBVV95cUxPYV9NYVZRT1ltazE4V09vU3cyYjhKczFNeUI0WGttY1lxM05VbzdnQnRyam5pMnB5R05mQlZwX3NacVBWZFBHeGtSQU9vXzFXWVZWUlJHajdCLVdNNHhTam1ZT2RjV2pUQ1BjWUNJd0MxTnJxTTBkRjBPVUVsdEZmdzVfYkFUWWtQY0FfLWlnSkFVcW53TGs0c3R2THhUT0tSOUd3U09BczZTQWZIQTkzck1nUFREaVRnTktHWjhCdFczTW1SbFVuOE41Tjl4RlJNWURn0gHWAUFVX3lxTE40X3hNZEd6ME4yWUk1U3FlTVJFYndHaDFhOEZPa25VY0VIM3NfTXBaNktja2Q3QmlxdDJMTnp5cEF3bkh4V19yZXNkTzFteVZ3M0JrVkYwa0RCdG1ZU29XZXdoaFRfMFNyUVNPMVowaV9rSzU3cUs1MDZEaG0wNzBYNlQ2TllFOEJBeHdMam9sMy1uS3ZVOFdSTTIwX2t3LThnR1hRbHhWdC1JekxRLUxMbkgxMWxkVzhYT3Fscm90UHkwc1hpendYRjNmUGRGRW1uaVNLSFE?oc=5,TCMB faiz kararı,2026-10-07T08:14:54.784617+00:00
2026-08-19T07:00:00+00:00,E-ticaret,ABD'li e-ticaret devi dron teslimatlarını yıl sonuna kadar 500'den fazla şehre genişletecek,Anadolu Ajansı,https://news.google.com/rss/articles/CBMiygFBVV95cUxPOGFtXzVxcVBQclYzZDBuQU10ckZBVEMxNmhaMU5qMDNIYU5YcS15QzU3YU84U3lFVlNGNzBwd1k2bjJjRVhOZldVRE5ycGNMendSZk1hdUdHd3VDSWd6S3k2NTJuVGpDYWJocmZfRUVNSUgzTmhOb3N1VmFjZXgxelJRb3pyS2N6QmxPUEZYMllsV3BKQWNtb080cDc3Ymw0NUJJTmx5R0phaUplcTRPZzJtajZWN1ZWaDgtdHhvMjBQc0llWmpSWWxR?oc=5,e-ticaret,2026-10-07T08:14:54.784617+00:00
2026-08-19T07:00:00+00:00,Perakende,"Güney Afrika’da perakende satışlar yıllık %1,6 arttı",Investing.com Türkiye,https://news.google.com/rss/articles/CBMiowFBVV95cUxPRll5M1loemZ0ZkpVTVF2bm9Nb29RVld0VHRmMlk1TkZYbC0waFNUWENqd0VaUzVRdFlST0p6elVwN0VHanFlc21nZTVydWlLYjNFcGF0bFV2UFpIVUxiQWhtUTZObjJScXZWeEVkYXVpbzFZamJrRGs1eGRyOXN5RkpuWDJ3VmNOaTRzNVdHeDZlQnRkcHZwSkVlRDU1a1BtRXNn?oc=5,perakende satışlar,2026-10-07T08:14:54.784617+00:00
2026-08-19T07:00:00+00:00,Kredi & Faiz,MERKEZ BANKASI FAİZ KARARI NE ZAMAN AÇIKLANACAK? Eylül 2026 TCMB Merkez Bankası toplantı tarihi,CNN Türk,https://news.google.com/rss/articles/CBMizwFBVV95cUxQd0JhM0hXUVUxTWEweE8yaG4zWU4xVzNiUjlNT2hLLXdlSW1JX0M0MHF2aU5GSmRqcEU0UXg4VklhWnRjSk9Gbk0xYlhyTThaZ1dmUGJJdUR6dEptWG1oVU0yWi05UWlfSmRnSVEtcVdWMFBwcTV5THFtN2h1MDlmNkxMdUd0RXo2OWVBeVNjbF8zT1A2YzIxdFVzaVlwV1J3TUh3MGh4YmEtUGREVzBhNVRPT0tvaVI5ZXlxX25wZUdyaWZmaEFnMDdabkRCbjg?oc=5,TCMB faiz kararı,2026-10-07T08:14:54.784617+00:00
2026-08-19T07:00:00+00:00,Kredi & Faiz,"TCMB TOPLANTI TARİHİ: Ağustos ayında Merkez Bankası toplantısı var mı, faiz kararı ne zaman açıklanacak?",Dünya Gazetesi,https://news.google.com/rss/articles/CBMi3gFBVV95cUxQbEQ0M3F1S2FGTXZ0S25PMkxEbHJoMmFPc3dORzhReTd2aG5fU0J6VXgtQm1pZWdGUDA4OWtiUG5pdTg2Z3h6MTVFUHFXT1dRNmsxTlJYYU44UFRDLW56Q2tzVUxxSGxGaEprNWRVU1hIRmNTZDJIc1M5a0pHeks0VnBkVmdjZHJHSVVTajJyTDQ0b2toSzhYdkF2NFpxVVMwTVVyTUtzUWxIS3I1QkJ5ZWNaSHpSV1dxQlFfa1RkRGQ5Yk5RMUtuTXFjMG9QT3lWdjl2ck44OWpxU1Y2QWc?oc=5,TCMB faiz kararı,2026-10-07T08:14:54.784617+00:00
2026-08-18T14:57:36+00:00,E-ticaret,"TİCARET BAKANLIĞI HİMAYESİNDE, TİM ORGANİZASYONUNDA İSTANBUL KÜRESEL E-İHRACAT ZİRVESİ (IGEXX) 2026, 3-5 EYLÜL’DE İSTANBUL’DA GERÇEKLEŞTİRİLECEK",T.C. Ticaret Bakanlığı,https://news.google.com/rss/articles/CBMi_wFBVV95cUxNcno4M1BPNERZLVU2ZjFremI4UW5MZEpjcnlmeXlmTWRHUHMzaEJmZnVjbXg5RVNpTHA1Uy1tTlhzN2t6S0hjSTYwMFd6VGx6eWVLaHNuS3VOdldEdWJnVWtBNHlFWml2MDZlYmhQY0EtQW9YY2hjbDAxRkNVLWM3Zlk4Q0haV1ZBZ0FYM0RFRnVFNjY4VWdSZ0k4N2xsYkE5azlBaVIxWDJKV3I3WkJKNVhsdGJGRERKZVR1TEtrTGd2a1FnbFVkc3plME1XUm91SmJIUHRVX1pIbGRpcTNHdTFaVzl1M2tUZjRSVkIza214VDNOX1lEZzBHZnJNMjg?oc=5,e-ticaret,2026-10-07T08:14:54.784617+00:00
2026-08-18T07:00:00+00:00,E-ticaret,"TikTok Shop, Vietnam'daki kişisel bakım e-ticaret pazar payının %54'ünden fazlasına sahip.",Vietnam.vn,https://news.google.com/rss/articles/CBMirgFBVV95cUxNc1lBT3BfRFlUUGpxcmNRR0pCS211cTZHNDJqVy1mUURRWThYcWp6LUY3c1I0b0dEY01XTWl0TVVRQW0zSG14S2tLc1lSa05qVFJpZ0pocmRzT1NkYy13Z0E0MHBtd2U4bTJzZEU3Z3FZeFhETlQxbXhmclJUcUV5aER6VWFEZllEdkk4akYtR2ZDeFFYdDB6Z1VPT0l2VzZWTlZ0UUdnX2ZoUTZZaFE?oc=5,online alışveriş,2026-10-07T08:14:54.784617+00:00
2026-08-18T07:00:00+00:00,Piyasa Göstergeleri,"DÖVİZ KURU FİYATLARI CANLI TAKİP TABLOSU 18 AĞUSTOS 2026 || Dolar, Euro, Sterlin döviz kuru fiyatları ne kadar, kaç lira? Dolar ve Euro'da son durum nedir?",Bigpara,https://news.google.com/rss/articles/CBMi7gFBVV95cUxNTFVRR2owajdvTUIxYXJJU2ZMdjRYR3FtUG9nb1BJbWI5M1VXb240TFpkNXdmaHhLUEZVbkRzZXFEMzhGT19XS3FybUR6LTBQVWJvY2MzMkM1cmlNWmtPYlJjNnpkemowWnR5VWdpd25LaVRlRGVlRGpwc0g4X28xakIycmk0aENkZGZkcE40QTQzOVFaa0YzUlFjU0wzQUtBUHdYd2pyZTd2ZjhxRnpWSDZkbml4WHpCZUZrR253UTh0Q1RYMk52Y1FybnNvOGxNWVVQc1g2SDl0eURqRGJjNTN5dlRlTl9kQ211UDRB?oc=5,dolar kuru,2026-10-07T08:14:54.784617+00:00
2026-08-18T07:00:00+00:00,Piyasa Göstergeleri,Kartlı harcamalar temmuzda 3 trilyon liraya dayandı,Ensonhaber,https://news.google.com/rss/articles/CBMikAFBVV95cUxNeWJEQ3ljZUZYYXB5WTBQbmViVk4wR1VkSHVpSHRlWk9ZMmpFajEzbmx1eHhldklHa0Rmdld1elhvWFJ6UEllcDN5ZDl0RGhOSFBqektIeFhabmJJcjFTQml2TGxpTy1HbFpfWlBfNGRqRUJVSFpiV1VzZFhuaWtuRC10NWQ1OUpNNzhKWk5wVXI?oc=5,kartlı harcamalar,2026-10-07T08:14:54.784617+00:00
2026-08-18T07:00:00+00:00,Piyasa Göstergeleri,Kartlı ödemeler temmuzda 3 trilyon liraya dayandı,Habertürk,https://news.google.com/rss/articles/CBMilgFBVV95cUxQcDFpaGxZVUxueWRrNVJjYUo0T05oYlJhOXVwSEhlNS01UVVWQnAySEdIaFlLbFNjTlM3aXR3R3VseUV4amNzNTJEMU43YVpTSVRpazJRaUtkV19tOWpRckVFQWt2T3FpVDkxeTFhTURBWGFBd1pVQ0ZsTlFlckFuOEUxVGxDNF8wcmkyU09DaC1lWWUtVXc?oc=5,kartlı harcamalar,2026-10-07T08:14:54.784617+00:00
2026-08-18T07:00:00+00:00,Piyasa Göstergeleri,Temmuzda kartlı harcamalar 3 trilyon liraya yaklaştı,Sözcü,https://news.google.com/rss/articles/CBMijgFBVV95cUxNMzRIcWN6dlZnb2FPTlRPQlJpWlVnWXJIdGp5SE5OU3NEQkZYSXBva09PTHV1Z0F0NzdIMmxnOE9nMWVzWmViVGlfNHhTTERqYXdCZENHdXhMdWZIdmJfcDlQZ1hqbVJHcFpZWlliZWVOekd3TFk2WEZuNzlXU2Q2a0JBdUhhdFM0RXluNG93?oc=5,kartlı harcamalar,2026-10-07T08:14:54.784617+00:00
2026-08-18T07:00:00+00:00,Piyasa Göstergeleri,"Kartlı ödemeler rekor kırdı, borç patladı",Halk TV,https://news.google.com/rss/articles/CBMihgFBVV95cUxQbTNpTFcyVll0eWxtTU5DNEUxbkxYT1AtbUtIbnhibS1YLUtPdWRqSGZ4dTF2V3hzbWFiMjVlbEdmNWJBbnRLYUNpRlk2QUx1ZndEMTRqX3dLWVZXcmVITURZTVFkaEc2aVZ0NEpJNjdxMW9teXdoM3dWZkNFMzZpUnVWX29jZw?oc=5,kartlı harcamalar,2026-10-07T08:14:54.784617+00:00
2026-08-18T07:00:00+00:00,Kredi & Faiz,"1.20 FAİZLİ İLK EVİM KREDİSİ SON DURUM || 1.20 faizli konut kredisi çıkacak mı, şartları neler olacak, kimlere verilecek? İşte 1, 2 ve 3 milyon TL kredinin geri ödeme planı",Bigpara,https://news.google.com/rss/articles/CBMijwJBVV95cUxOcURWUU1nc1hEY1RhZHRQTUhBT3BMZWJpVENBNTNZT2NKN0YwSUZPaWx3Z1pLTHV6UUhxZTJuVWU2bmphSnFqTWJmRWZ4dWZmUHRENFM4dHEtVGRwcDlGdG84VGVkcUpTNS02VzZsWVVPaVVIR1VoN041WXdyNkN0Um01VWtGRTJPQnBXRVVONlByV19FX1E2OXJMMzZpVk1aQ2ptMnZUVzMyMUlfQzJ0TVRTSGhHdGlsbW5LWGhaRmlMVnRnQ0xkemJFMzByVjltNzRuY2hPRDA5SEZBTy04eUpRNnFTYl9QXzJSdkFtXzYzR3h3T0ZaNGYwYnVWNFhZSVZzalFscXRzRmh0NF9N?oc=5,kredi faizi,2026-10-07T08:14:54.784617+00:00
2026-08-18T07:00:00+00:00,Piyasa Göstergeleri,"Kartlı ödemelerde temmuz verileri arttı: Harcamalar 2,97 trilyon liraya çıktı",24 Saat Gazetesi,https://news.google.com/rss/articles/CBMiqgFBVV95cUxNUG8yLTcxRnZPVFVIVUVUTVo3M3FuMG5ILV8zLU0xV29yV2V5dmFlSWpYRVQ2NEQ0YmJobmxBa2ozeEV4QjB0Vk41TmtzWXF2eDQybVNlRVZxc2N6R2Y4NmNNWjVmaG51dlNKU2lOci1lOEhBSEw3WVk1UUN5WkhZcGI1c3p5Y01Dc2ZhMHJGYWNBTWlVTGtuYlJPci1rQjlfVXZPdkhNbUx3dw?oc=5,kartlı harcamalar,2026-10-07T08:14:54.784617+00:00
2026-08-18T07:00:00+00:00,Piyasa Göstergeleri,"Türk beyaz eşya devinde kriz! Satışlar çakıldı, binlerce çalışan gönderildi",Son Dakika,https://news.google.com/rss/articles/CBMimwFBVV95cUxNMlUxS3FHeEh3bU1JdXM2UUFDZ2RzUEVVNXE1T29McWYyZkxaWkhBd2hKM1NwcVJjWjY0S19oLVpzcXkyb0FINW5tTy0yNzRIcUdyS0xQaE8tSWRnb01xU2VEYXFUNTdNWFJ2TkxxaFJIYXh5Z2Q0S25GT1dDM1ZXd3hMWFJ2aFBDQ3VEVWhzcUZ2RkM3YXBKNlNQY9IBlgFBVV95cUxONk9MelVLNm1QNmdCYzdWdmMtRlRMSW1Rd2NOSEtoR3dObXl1NjRxRkt4S2dRMU1ZbHZkX1FhRDFQYWNOUVR6WTg3TERhN2pQTzJndUhXZVM2LVVkR29FM01taVBPVGJzT21ETjVJQ2lWVDJPWW9XWEVValBPQVJRTTZ5eGFmdThabUxkTjQwa1NIUTUxOVE?oc=5,beyaz eşya satışları,2026-10-07T08:14:54.784617+00:00
2026-08-17T08:21:09+00:00,Rakipler,MediaMarkt Türkiye temmuz ayı şehir bazlı teknoloji satış verilerini paylaştı,Anadolu Ajansı,https://news.google.com/rss/articles/CBMiyAFBVV95cUxNMEZIUFdsTFNva1Y2bFRDdTg4ak9waTJiRm5pY2lxbktkeW5zNWd5dTdEbFduejZHN3N3d2VWdmZhRDk5OFh3TlBXd0h1QlZWdmVoZzdVejlnQW9JODYtWGRqYVpFQXdHSTBJOTg1a0pkUHhqb0FnQV9MZnNEeFdNMG1BLWxlYVVGRW1oWXBpUXBKaG5DenRFVkxINmxCUk9pN2VCeXFvOFFJR3JwbzZVc0xaN205Q0RtVnVPaEJtcmhkRFVEYzJRYg?oc=5,MediaMarkt Türkiye,2026-10-07T08:14:54.784617+00:00
2026-08-17T07:00:00+00:00,Perakende,Perakende çalışanı nereye kadar?,Gıda Hattı,https://news.google.com/rss/articles/CBMifEFVX3lxTE5qcDQyaFlLX3VNTm9FMWlXekJ6YloyNjdNZkNxUmgwY042N0tHcjFXRzI5QVQ3cXFtN2xEOTR5bTJqcE0zZjF5VGJsUEljZDZVY0h6RjBETUpDeko1MEgzamlaVG5mVmJrb0Z6Z3hSWXJxMlk1anhZakpXc2jSAYIBQVVfeXFMTUdRQ3dUQkRUYWNBUnJFaDJIUV9xUlZVQW9nYlJXTVJPQUYzdlphWk02ai1lT2JvNVUzQjJpWDZMTDBRUlNrT20yTVNfQjZnUm5QYmtoZExLRkM0YURoaFA4X1J0a3ZiZHZGblgyUVluZkhnLWFYTThBbFNTZ2NnN0VYQQ?oc=5,perakende sektörü,2026-10-07T08:14:54.784617+00:00
2026-08-17T07:00:00+00:00,Rakipler,Temmuz ayında teknoloji alışverişinin zirvesinde akıllı telefonlar yer aldı,Para Analiz,https://news.google.com/rss/articles/CBMisAFBVV95cUxQT3h1aC1mM2d4N09CZDdMTWpWOU5UejFGN2NmVnRNS3JHNHNkRmtOZzZSMnFuUk9BSnhoYWk0R3A5Y0MzMUNmUkh6TVU3WDJtME5NNHFLXzZqRHdWMndkYktWUk1mc1NJdlRfczhwS1EyWlJTX05YZlk1RS1teFBhS1RhdVJJZGJrNmc5cHY2V3lBR1E3YUZhNGJMWUp0RWp1ZTJXNkJJaGRuV0c1ZnFDVg?oc=5,MediaMarkt Türkiye,2026-10-07T08:14:54.784617+00:00
2026-08-17T07:00:00+00:00,Perakende,Türkiye'de ticaret sektöründeki çalışan sayısı yıllık bazda 80 aydır artıyor,Anadolu Ajansı,https://news.google.com/rss/articles/CBMitwFBVV95cUxNMHROY3hfTUc4US10MXVFVl9iYUZqWGR6d3FqWWxFZnlVQkp2S21FUEtVNHR3dXlIanM5WExEdnFYNzRrVWhoX3JWT0dic0FpWEVpMXNNYUwxTkdwSWRoX1k4VVg0V1M3VjdUUElyemFmaUdqaFJCSDJJNjRKNDZQdU1xbEFSV1lfalpiLTB2WmV0N3lpZEowRkZIMzg5NlZ2U2JoczV0Uy1aaFd2ZklXVmh4SXFHTlU?oc=5,perakende sektörü,2026-10-07T08:14:54.784617+00:00
2026-08-17T07:00:00+00:00,Piyasa Göstergeleri,"Dolar kaç TL oldu, Euro ne kadar? (17 Ağustos Pazartesi Döviz Kurları)",Dünya Gazetesi,https://news.google.com/rss/articles/CBMitgFBVV95cUxNTlhxODJUdWd2S1N5WUJMZmItQUJuLWFydG1fSWtZTUM2RkZnOHlyV2ZuMzdHTGcyVFhyaHp5T2JaeVV1LXVnN0VLSDAwMnRGc3JjQlQ5dHhJZlBlTkZNc245WWxQWEQtdGJwdGxOODBTLXBqV3RVcjM5V2cxYVZNZ0NLcGpfc3lqYXh1azJWczZael9MZkg3TmNZdTk5Zk54SllvU3dQV1drQjVUd0k5dU1ZRGVYUQ?oc=5,dolar kuru,2026-10-07T08:14:54.784617+00:00
2026-08-16T07:00:00+00:00,Piyasa Göstergeleri,"Dolar kaç TL oldu, Euro ne kadar? (16 Ağustos Pazar Döviz Kurları)",Dünya Gazetesi,https://news.google.com/rss/articles/CBMisAFBVV95cUxNZGYwLVpiSXJ6clZxODZEZ0x0TFNvTWp0cEF0UkZ2cEMyaWlKQVltNk43V0MxWkNVamN5Q1VaSXVHaklSb0JtS1lzUVpnN1VCdmdXMmxqRklOVzI1b2FhSzNfMmhycmNnSVZTS1JTSzBwTVRLS1NyTGZibzBYcWRSaWpiSzRTdzFockdVMkQ1dVVURWJ2RlpyaTFLMV9BVmlqMnF2M3JERjJ2RnJmZFZrVQ?oc=5,dolar kuru,2026-10-07T08:14:54.784617+00:00
2026-08-16T07:00:00+00:00,Kredi & Faiz,"TCMB faiz kararına geri sayım! Merkez Bankası faiz kararı ne zaman, hangi tarihte açıklanacak?",Sabah,https://news.google.com/rss/articles/CBMi0AFBVV95cUxOR1pMQVVtd0JodUpROXFSVlJxVVFIRXg5OEVaY1NNSlplM1RPanFiTFdhVnpidWJOaWRIdk83dHVXMnJqaHhzdTMyTTBwS0ZvMV9rT05YcS1UTFd1ODhaeEVDLUJpYVZVeW9hMGxpZ3VnUnNpNFpOaFlsQ202bVNYMW5CQ3ZGOU9nTWVfT0tKY09ZY1c0M2pFb1RtUEJHV0kzMTVQNEJUdGtlQ1pmbkR1U0JnLUNOMkxyMmJzNEUySXhfQVFZTm01bmUxRUdRdFBM0gHTAUFVX3lxTFAxV0FGYlBSbTJ6Rk9LenhkcEtPZzc2a3JHSVFJTUpqbE1aRHVBOS1CMDNOVEF1SC1KbGZrODlOQzRERGxpZWR1ZFJWSEw0d19ZNVp0dEgySXI0SXlZcFM1RWdhRHpqeW9BdEJXYk0yRWRENTBTcFVweTVIWjZfcHE4X2tQR1ZHWDlydmlpU05yMV85MXp6TmJmdHdNUHlEbUpESlVlclp4YTZmV3lsS3hMN2FnS0V1UlYxbjY5N09RN0NiblZrSk9Wa3dvNFh6NlREQkk?oc=5,TCMB faiz kararı,2026-10-07T08:14:54.784617+00:00
2026-08-15T23:57:31+00:00,Perakende,Eylül’de perakende satışlar arttı,Para Analiz,https://news.google.com/rss/articles/CBMickFVX3lxTE9uajBjTVZMQkZRV1ZYQy1SMDRnZmlGSVVpTjFva1daT1BkeTljeEFZOUV3QnZnUVJQdVVsdENQYTZjY1pOeGhmQVI0Q3hiUEtqeWxRTUUzNGNHU3Y2amRuSmFOMzRURGltUEowYU5JRDRVdw?oc=5,perakende satışlar,2026-10-07T08:14:54.784617+00:00
2026-08-15T07:27:12+00:00,Rakipler,MediaMarkt Türkiye’den Engelli Hayvanlara Anlamlı Ziyaret,Haber Ege,https://news.google.com/rss/articles/CBMipgFBVV95cUxNeHFRaWZvVHE0YW9naEdCZW14UWE4NzdpRkM4bmtOTFduOVB1NkQydFdkcm93MFp6ak1qaVE1ZEd0dXhVUlVMQUtibXBnbTlrQVBJc185ajQ1NnV6bnV6Wng4SldLWmRMSGlFdC1nTmpvRVhTeWFxQ2NabnNZa0VPYWJTZXVxRmM5MnpIQW1qMEhQdHRzelZHN0JENVhITkJINmlZWmN3?oc=5,MediaMarkt Türkiye,2026-10-07T08:14:54.784617+00:00
2026-08-15T07:00:00+00:00,Piyasa Göstergeleri,"Dolar kaç TL oldu, Euro ne kadar? (15 Ağustos Cumartesi Döviz Kurları)",Dünya Gazetesi,https://news.google.com/rss/articles/CBMitgFBVV95cUxOb3h3eXh5aWo0RWtOUzN0MkVsUmk0ZzlIM2liSmt4TE51QmZqNGlsSVhQQmd0anVlQ1RBU0x4QkxfRU9KVU9OUk9vWWVuYWotMVNLaFNOWlhGamNJU1pjU0h3dmRNdEdXYWd6WDdFd1N5NUt0UlpaQWl5dmlmbjVnc0dHX0ZQQS1mQTkxZ1VTMUlyaVpBRUp4UmhWMHo4dkxIT0Z3LWF3MW04c0ZIVi1XQzYzT0g0QQ?oc=5,dolar kuru,2026-10-07T08:14:54.784617+00:00
2026-08-14T07:00:00+00:00,Perakende,ABD'de perakende satışlar temmuzda artış beklentilerinin aksine azaldı,Anadolu Ajansı,https://news.google.com/rss/articles/CBMirwFBVV95cUxORUNOQnlONFBQNVdpU1BkZzNkRzliX3BYRWJDbTZPRmN6MnRDVTJSeWJNQUFWN3liRXREYUNra2xGc3l0aFo2b25SQklzenZKeEdjaDd6STRNamxxTmwySnpaR3VnZkdrVTFGdzl2YVZCcG9jaGtKU0ZYeWR4bVZzMlB2X0tQSmRfVVN4RUN0TjRUeHVmdzFLV29mQV9FRDNoRU5jVzlqZUxUaGR6eHFj?oc=5,perakende satışlar,2026-10-07T08:14:54.784617+00:00
2026-08-14T07:00:00+00:00,Bankacılık,500 bin TL'nin 32 günlük getirisi belli oldu: İşte en yüksek mevduat faizi veren bankalar,Cumhuriyet,https://news.google.com/rss/articles/CBMizwFBVV95cUxOclhGQjd6STlXNjBLNjVVZGdFZzZUc0Rwb25rYW5rT1BlQzJCYnlReVFneHdGalFDSm0zNV9QbE9aSE4xMzY1TWZZYVVkMzZTYUY5SEJxOFZ6c1FiZ0x5WkdaSU03X3ozU1p5RTR1bkRWaWlHTVEzNldyX01keHliUnZKNDU4NllkcDg5Z0M4dVJOdmtsOVh4dnVkaXlRVGlGMzBDdjNlblNJM1R6UVg3Mkd4WmxfRTRKd25Sdld5cGlvS1JsR1Q3ZWJHdGVXNmM?oc=5,mevduat faizi,2026-10-07T08:14:54.784617+00:00
2026-08-14T07:00:00+00:00,Kartlar & Ödeme,Tüketici mobilyada 12 aylık taksit istiyor,Bloomberght,https://news.google.com/rss/articles/CBMihAFBVV95cUxPSHFZclVjY2FrbF9iUTJOc09OaEt2SXFKUG55NnptR21ORE1ER0M4UEtteUs5Vy15ZmlMZGRIQkFoTGJRdVlfWVNNUHkzOVVKTTFSRUlhYnJRSWRlSFFlZGtCbUhsdzNYRzVpbGtXbjlwN21aTDVDNEh3dnZ5SGNPdnBualQ?oc=5,taksit,2026-10-07T08:14:54.784617+00:00
2026-08-14T07:00:00+00:00,Bankacılık,"Bankacılık sektöründe takipteki kredi oranı mayısta yüzde 1,6’da kaldı",ΚΥΠΕ,https://news.google.com/rss/articles/CBMi6AFBVV95cUxOcEd6dmxFZXh5cUE3SUlXV3Z3RkVYR0dIN0h4V003c2ZJa3Vic2kzLWV3M1BlcVJxUHhXcWQzMURlYmlxSkdvak1feE40akhNVk1Ec1hBakJlRldobU9MUG9MdU9lN0xxdG40YW1NcHY3VlplWVhKRy1OYmhKZW9HODdsRGlrNkZEN2FaNkJUNGNwY3BtajJIRFZWeWxkM3NvQkg4RkU4UkFtT25zNmpoQlk2Y01mR1NWZ3dXYXZWdWF3Y0tocklRV0dBcjZvMnBxTHFNSkpubGswNzBCazd1Z000aGZudkZo?oc=5,bankacılık sektörü,2026-10-07T08:14:54.784617+00:00
2026-08-14T07:00:00+00:00,Piyasa Göstergeleri,"Dolar kaç TL oldu, Euro ne kadar? (14 Ağustos Cuma Döviz Kurları)",Dünya Gazetesi,https://news.google.com/rss/articles/CBMirwFBVV95cUxQb1pZQUQ1cjlTbG1JSmRhUk9XVnR3NlhFZ19sSUR4UEVOaXZwc2c1STNVX3JBRTEwN3VIdGxPTzlvSTZNRVB3TmZSNjRCYkpfM3luanhFN3NKYXF2WXJzd2ZnMUxnVFU3YmNBZGVZUHVRcmt6YXd3LWtoQkpIbno3ekpqYTAwMEh6WEVtRy1yVVhqdE13aGExR05jWFF0bU1zN3pTTmhpVjgzTlc1Zlk4?oc=5,dolar kuru,2026-10-07T08:14:54.784617+00:00
2026-08-14T07:00:00+00:00,Rakipler,"Diyarbakır’da Vatan’ın yeni mağazası açıldı, izdiham yaşandı",Amida Haber,https://news.google.com/rss/articles/CBMioAFBVV95cUxPQ2tOZHdScEpweVQ0Y1puZHBQaXJUd3F5WDV5UVBMSTNVdkk0c2RGRjZqbkhyRjdBOWhlZXNULURpSDNtYmNkbFpxdkFGWHdRbmcxeVRzSXFkM0EzdWNqSkNtRk9OTWlFamJWemt1Ri1sakJFZktDeHlDaUJacy1HbjNTWG9wemxKT0VWZG9IZWpjOW1BdUhraTIwZDhXOVJX?oc=5,Vatan Bilgisayar,2026-10-07T08:14:54.784617+00:00
2026-08-14T07:00:00+00:00,Perakende,ABD'de perakende satışlar Temmuz'da beklentilerin altında kaldı,Foreks.com,https://news.google.com/rss/articles/CBMi3AFBVV95cUxQY0ptLVJidk9WN3Nnc0JwbzNIdHE0aVAxWVdxTjBUWjdMeHlOa29wU1c1dS1rZWtYaHNyM052M0dmQVRMZ2wyYnliUzFsUWdCdFMzUlpnT3ZGOUpYaFJSYTZETWE2bTZFUnJxVW1TZnBGdnNKNVlOTHlGb0NzYlNGV1hHQ1R1bWtGcEhPUjc3dm9qck45dDRzR3FvRTdDdXl5V3pmTGNKR1JGcnVpUkRzejRPVjZHckNBeXhlV2FEaVVFbi02YWRPZFlremdfR2Q3NnZsREhVaWFlOFZC?oc=5,perakende satışlar,2026-10-07T08:14:54.784617+00:00
2026-08-14T07:00:00+00:00,Rakipler,"Vatan Bilgisayar, Ceylan Karavil’de",avm dergi,https://news.google.com/rss/articles/CBMia0FVX3lxTE1FSHRYbFQtRkNJVFBtUEZRT1l2R0pFemxMUXRYVk5hUFBUa3pxVVNSTGdmMW5PTGxneXhqbW56M3JjT0NtaUZueTRUUXk3QnlEdGxXQkwtSWt2VTg5dWtDQnk0WkVJa1RWaFJF?oc=5,Vatan Bilgisayar,2026-10-07T08:14:54.784617+00:00
2026-08-14T07:00:00+00:00,Kredi & Faiz,"Merkez Bankası faiz kararı ne zaman açıklanacak Eylül 2026? | Merkez Bankası PPK Toplantısı hangi gün, faiz kararı ne olur? Piyasalarda gözler Eylül ayı Merkez Bankası faiz kararında!",Bigpara,https://news.google.com/rss/articles/CBMilwJBVV95cUxOVTUwMTZGbHVkZmZBb0NtTWkxWWdSczduUnZMNnpWVllzbHdmaTYxZFRFekwxaE9aWjdQZS1KX3ZlYnJkc09raGdFQjhuQzZ6RTFmdm1ibC1OOTBMMzlWT1FjQ3haV25BRG9YQW5TanR4LWw0TXFTYkZiNXF0SWVnWVJMbVFEWjEzZjQxbXVweG1hNkpCdTJ6dk1uX0JPOF9vSFREZmZkR3hZczN1aEpocmtfdnhKNWJOU0NZOWdiNm1ONl9WeTVseWljOEZIUDlYb05QbGxhZUJTVFc4QTVXVXZCM0tlZEtoenllSTVYTUFqZ25KTTA4WHJGdFJrN0o1eFVHWGk3Sm5mWE9PM2NOUUpXR0VzWlU?oc=5,TCMB faiz kararı,2026-10-07T08:14:54.784617+00:00
2026-08-14T07:00:00+00:00,Piyasa Göstergeleri,Dolar/TL’de son durum ne? 14 Ağustos 2026 Euro ve döviz fiyatları…,Bloomberght,https://news.google.com/rss/articles/CBMipgFBVV95cUxQOUpBRE9rN29WbmUyN2luclptS2J6MzlISklhTnBxUWRpYnlYeEtJZER5eVJVWEVlRXV1azRIcmFxc28zWTkzODkyQWg0c09JNXRPMlJnY1NwN1VqYTM2ZjI5NHpvcnNjUFRLSDZCaER1aWhCZm5oN1NuYnFJZ0RtRi1LVWZwUl80bTJYa3drUnZuLTU3cUo0SUluSV8xSnZIRXBGdVdR?oc=5,dolar kuru,2026-10-07T08:14:54.784617+00:00
2026-08-14T07:00:00+00:00,Kartlar & Ödeme,"Mobilya alınırken sağlamlık ve fiyata bakılıyor, kredi kartına 12 ay taksit isteniyor",Ekonomi Gazetesi,https://news.google.com/rss/articles/CBMizwFBVV95cUxOZEtMUDdkYWQ5WXU1djU3Z1VyRm1HSGZVeC02elJRUnE3aV9Cb2JTdFFHTXJDQ0E1OVRXUm5BOU1pakw1OGFPcDBBQS13b3JhRVBGVDRIc0hFOFNkamIwS25fNkNoUFBnYW9heDN6UVptYTJ2bVl6dTB3RzNEem5YamdoeUNMbUpDV3hVd2xlR3N6OWl5cmdQU2xnb09FdVhhSUtPUE1NNUtXTDIwZ2xLYzFQRXlUZE9jZjhUTnk0cngxb0xtdTFHVzdzWWpmVFk?oc=5,taksit,2026-10-07T08:14:54.784617+00:00
2026-08-14T07:00:00+00:00,Perakende,ABD’de perakende satışlar beklentilerin aksine geriledi,ekotürk,https://news.google.com/rss/articles/CBMinAFBVV95cUxPWklyV1JqXzd2Y0NjcmRENXp3Sy1mNk1CVFpyU2JuX2w3WHJxUXkyN2xuakFxOWpfRlJ5S1g4eFNPNlVSdXZRcGZiY1dmVGJkblBvdzlaSGJjaXY1bzZUbjU4czJiOU5ZSUtWdnRxSTZUQkFROHJvVEtJWDE2V1VudUY5UEdyRmhJOWZKNE5hT2JKZFRPdUdVTDRFQW4?oc=5,perakende satışlar,2026-10-07T08:14:54.784617+00:00
2026-08-14T07:00:00+00:00,Bankacılık,MEVDUAT FAİZİ 2026 | 1 milyon TL'nin aylık faiz getirisi belli oldu: İşte banka banka liste,CNN Türk,https://news.google.com/rss/articles/CBMizwFBVV95cUxPaGx1bFhzZWpyZktOS29wTGJUdmxXQnZKLXNiNVNjcmQ4R0g5elBlakt6LVhJQWUyeVNNTElqQXJfdnNKeWU4SUhuMVc1LUtXV3BHOVQ1cjdqb2tIVEJKNU1jMEh1RlI3eUZWS2doNG5lY0UxRlpnOGptSkl6YUF0WThDSWFkTm1Yc0V3TEFfVDJ5RHhkV3lhSlVlTnNHcG5yLWlYb2ZZand3b3RDM2ZpbEE2T040aUZQWV9ZZm01U21GWl9HM01rZEpXOVc5dFE?oc=5,mevduat faizi,2026-10-07T08:14:54.784617+00:00
2026-08-14T07:00:00+00:00,Kartlar & Ödeme,Sanayici düşük faiz tüketici taksit istiyor,Dünya Gazetesi,https://news.google.com/rss/articles/CBMikwFBVV95cUxPVVg4alFJUG91Z1lXZEJRMG9GM1NrSEkzeHRpWFhXUWJkVnQzUFNNVWFndERmc0pXWHpwQklXb3hWd0VtZlVNV1B5dTMxdEs3SGluV0JaUkFuZTk5NTZSckNXM0VBVi1YcDhDWE5sQzhoUU42RVNXdnRNLXhuVjNQb3MyaFcwbF83UkRpdlVuaG4ydlE?oc=5,taksit,2026-10-07T08:14:54.784617+00:00
2026-08-14T07:00:00+00:00,Perakende,ABD'de perakende satışlar temmuzda azaldı,Sözcü,https://news.google.com/rss/articles/CBMif0FVX3lxTE1zT24ycVVQQXNsd2dYVm16eGZfTnRsTWRSMngzeGEwdlBtMWhOSmxOb0czVHl3V2Q0YXhLTVAwdGJKaDIzQzNXVlQ1TGQ3dGVyVTdVUnpUMDRScFk5MW8yZHZndTJPQ2NhS2tXbGp5VDBfblZIWXE4ZU9uOE54bjQ?oc=5,perakende satışlar,2026-10-07T08:21:55.564991+00:00
2026-08-13T07:00:00+00:00,Kartlar & Ödeme,‘Mobilya tüketicisi 12 ay taksit istiyor’,Bigpara,https://news.google.com/rss/articles/CBMisAFBVV95cUxOOFFNckxOQkRXZGxyTVRZZXlTc1g3aUVrZ1kyR1gyX1d3cHhsRzdRdjNyTFR0c0hodlAzeHhLVzhRdjB0cExMaTlnbDdKRmJsQkQwUWljbEFndTZLaURaMnRSeHRmWDJyTTFkY0Uxck1UNC11NnRlYzktSWpvS21JeVJNbTZraGlwcFNwV3V1OFd5M3hlVUFCWEc3TVpINGdjc0xyblVnUzlqMS1UVzc5bQ?oc=5,taksit,2026-10-07T08:14:54.784617+00:00
2026-08-13T07:00:00+00:00,Piyasa Göstergeleri,TÜİK açıkladı: Tarım ürünleri üretici fiyatları Temmuzda yükseldi,Yeniçağ Gazetesi,https://news.google.com/rss/articles/CBMirgFBVV95cUxQbkIxQWV6ZjRCRFlfM3gwenNtdVJKS0tXclhpZ1JUdEFxNUVHNTlwWk00alRXSWtKclhFYU05RnFpWnJhUFcyRldTbDlyQVhqVHhhUTFMR2ItY25iVXc2THk3Q3R0YjBYRGQyOW5peDRkWklkRnNFdnFEaXFIUmt5dVAxUzZKWUE3Q1FncDYySnlITUhjczNhSmR6MmdXcDNiak9kYkxEc2FqLTRpSEE?oc=5,perakende satışlar TÜİK,2026-10-07T08:14:54.784617+00:00
2026-08-13T07:00:00+00:00,E-ticaret,Neden Alışveriş Sitelerinde Bazı Ürünlerin Fiyatı Aşırı Abartılı Olur?,Ekşi Şeyler,https://news.google.com/rss/articles/CBMilwFBVV95cUxNemRGU0JBTS1nU191dV9TVXVGaWE1VWpkM2N5SWxPWUcyMWNLZEl1cU5QM05OeHRqN1czLXhoN2lHRndBQllkY2d1Tl93dy1Ock1HTzFzVkhXdl9jTXJqb19ybU1GVXN3UnBvWktxanRRSlA0bUhzRTdaZllacS1iVXI2MnF6T014ZEdxSl9sWXpWOWZRVmRJ?oc=5,online alışveriş,2026-10-07T08:14:54.784617+00:00
2026-08-13T07:00:00+00:00,Kartlar & Ödeme,"Vergi, prim, trafik cezası, MTV, öğrenim kredisi... Borcu olana 3 farklı taksit fırsatı: Yapılandırma sürecinde kritik detaylar...",Sabah,https://news.google.com/rss/articles/CBMi-AFBVV95cUxOTVBfdV9IM2FnalFyTzFDclVFbEtEZTNlbVJJa1pWYmEtNjVYX0tBSll2WHZzVnRWYURZaXRNTWNfa3dBSGNjUGwwNS1BTG13cGtoQ2d2d3B4MHFkcFc0U3IzSmlPZHQ3T0Z2UlRNMUk0NlNKMUNsalU2UTkwWGNQSzljb1lyd1N6OWxXWXV1UFU2R28wTkl4aWRHZk1hRi1DMlpPaW5JdTEwTkphbWxSV2F4aE96Q1Q3OG5tVEV4ZUd0MHZyX0tMZTNsMGU4M0R3LWZteVVtRE9IcUs2R1hnRXliZllLbGh2VGJIX3hnSUxOWVVFeVllcNIB-wFBVV95cUxQZ3B0eEtpd0ZnUTlBUEc4RkthNnNiTXFpamZXSEptd29xekVXVFdyNkk5cFdUck8xcG50eWYwVHMyaTVuSTBpZXNZd1pmTklVZkZEYlZ2bVI0YnZ4Z0FJWklWOS10aGhwX25lRXZFeUZtaF9NeFRKbzIzd0Yxd0Y2c0xOSVp2WFV5QW0zQy1xRjV3dTk2YXRtdThyWDV1RlprbUhlcnlaeHoyWjg1ZE1wcVBSU0kwdkFVa3otNTFiLVJrSVUxVlpVR3Z0em9ldTVCWnpFYmpLVWhpbnVwSTRkQ2NLSnUtTUtpckJSanNuV3FsSHE0aVZ3VC1qZw?oc=5,taksit,2026-10-07T08:14:54.784617+00:00
2026-08-13T07:00:00+00:00,Piyasa Göstergeleri,Dolar/TL’de son durum ne? 13 Ağustos 2026 Euro ve döviz fiyatları…,Bloomberght,https://news.google.com/rss/articles/CBMipgFBVV95cUxQaVRnb1VhSVVTb1FyeEtISXJhM196bjl3Y0hrUjEtZmQ4Ul84R0FYUFgyYkFleFpuSUJoSVdpZ1YzYzMzVS0yemMyTTlIZ0dRMmUteVN5cHl0ZU1NMm5MZ0VBMGhNVEwyOGUzQ2J2Ym94ZjVmM3lVMHdTUmFBbVJHTmhWbk13MGZUdXl3TUhjSy1mT0cyVE9hUXpUMEJPQ2t6UkFwdlhR?oc=5,dolar kuru,2026-10-07T08:14:54.784617+00:00
2026-08-12T08:17:44+00:00,Rakipler,GG Arena by Teknosa'da eleme turları tamamlandı,Anadolu Ajansı,https://news.google.com/rss/articles/CBMinwFBVV95cUxOeFMwM25qenFVWnh0Qm96RmNHazhBc09Xc2Q3S2VTQVlCN1FvYzRtYTVvenZkMC0wWkt3WGYzR0oyZzZtLUhub1FWZHlPM192TDZIdFpaZG5GNWR6MDZsdGJzbGdkcmw4RXQ3Q1FQcF8tbVhnZEUxU2pZY1hkZHlqZmd1QWZ5bTFlOGhfWExvR2RUZVhGdTVUZGZjZVRsdWs?oc=5,Teknosa,2026-10-07T08:14:54.784617+00:00
2026-08-12T07:00:00+00:00,Piyasa Göstergeleri,TÜİK açıkladı: İhracat ve ithalat fiyatlarında dikkat çeken artış,Yeniçağ Gazetesi,https://news.google.com/rss/articles/CBMirgFBVV95cUxQQ0xrMks0ZlJjY1FteE43dDg3OWpCc0J2eVZKdW44dEVTcGo3WHJvaFpJRGwzSFI4YnkxOHAwaWl3T0hmVGE1d202M19DWW1QZDlJeHNUSUZfcnJzQndZU1J0OTlUQkJmMmRXNFFnOUpIa1QxTnloNll3SXdQMzhsS2VRbWNjMVJtY09iVDI0TkpRN05HRms5aEFsaDVQcG4zWFBzNzhLYTh2TU9rR2c?oc=5,perakende satışlar TÜİK,2026-10-07T08:14:54.784617+00:00
2026-08-12T07:00:00+00:00,Rakipler,MediaMarkt’tan klima bakımı hizmeti,DHA | Demirören Haber Ajansı,https://news.google.com/rss/articles/CBMifkFVX3lxTE9MUE9BaVd2UU9fWXMxMjNKZlNrZE1TUDRxSVBZVkFxSHZYNDZUT1pOTFNBRndnbFFqS09oMzhxRUhnSHpKbUdVM3pma2ViOE9fRE1SeFltMDE1NWF1NVBKcmhsNWFFb3ZoMnd5NFZvcEFBN293MUJNQ1lQLVhsZw?oc=5,MediaMarkt Türkiye,2026-10-07T08:14:54.784617+00:00
2026-08-12T07:00:00+00:00,Kredi & Faiz,"TCMB Merkez Bankası faiz kararı toplantısı ne zaman? 2026 Ağustos'ta toplantı var mı, Merkez Bankası'nın sıradaki faiz kararı toplantı tarihi hangi gün?",Uzmanpara,https://news.google.com/rss/articles/CBMiiAJBVV95cUxPUkpqNHgzM1pnekFCX01HVDZYWFJtZnl2eUwzY0dhcmUzbDJTdC14S0pKTlowTjZ1WUZ4endmc2Nhc0dUQmdwTWplUnNPLXFGLTdCMjRmbGhTNFZoSXJoNVNleGFaNHhUeUpxOW9USHFtR1VwYVNWakNkTElBZER5cVNSOHRCamJWZk95UFpvNk9tQ1hYSVJ2a1FyZl9Gem9vUld1Tmx2UFQzN0pVbVlXWS1NVmxJMi1qUUlBcy01amMzdUoyRnhMeDFiQ2ZyWFRRM2dkYnRSV3ZQeWF4SDF2aWZZalQ5Y21xcElUMlppZlVZaGk1WjIydjRXRDZVYUVHUkJJOUY3b3g?oc=5,TCMB faiz kararı,2026-10-07T08:14:54.784617+00:00
2026-08-12T07:00:00+00:00,Rakipler,MediaMarkt’tan klima bakımı hizmeti İhlas Haber Ajansı,İhlas Haber Ajansı,https://news.google.com/rss/articles/CBMijwFBVV95cUxQUzNucDZVWHZLNWlUeUt3WUdSUFNUTVp5Nk1jZkJDc3FMT3pMbTh2NTJWZzhrT21yRklCbDRWbkFoQkR4aHFYWXFWQllqVVZQaEdfdWNaVnRDMG9aZVBqS205eHFidkZzVUxHZVdBZk5CM2NGNzlEMTMxSXRiOE55SmZIT3h1dHBfdXRQc1VBRQ?oc=5,MediaMarkt Türkiye,2026-10-07T08:14:54.784617+00:00
2026-08-12T07:00:00+00:00,Piyasa Göstergeleri,"Dolar kaç TL oldu, Euro ne kadar? (12 Ağustos Çarşamba Döviz Kurları)",Dünya Gazetesi,https://news.google.com/rss/articles/CBMitAFBVV95cUxNbkQtVTlBSE5sLUhMd2l4bzAxWTZLQ0FtcVhDdHZxSVg5SXdQaWRXVXFaVGZoaGp4UGtNOENyaDQzQm0wTHREQ3ppVEZwclVZZnlXbHhpVS1BTkMzYmM1RUQwOFZSYXBMSk5INlZkRUNQZVUwNGRRNFNSc2o5dmdzaGsyRjFHTGt5bmJkRV9fYzBsRzl4THkwbWdmTUpSTE51Wm44X1p2WjEwSE5jWnl4YURfMEM?oc=5,dolar kuru,2026-10-07T08:14:54.784617+00:00
2026-08-12T07:00:00+00:00,Piyasa Göstergeleri,Dolar ve Euro kuru bugün ne kadar oldu? 12 Ağustos 2026 döviz fiyatları…,Bloomberght,https://news.google.com/rss/articles/CBMisAFBVV95cUxOdnBNWDlRWFp4Q19TMVhmMXZvRkdSNzdRS0tSQlo1LXFlMExUMnRTOXZGNlNGcmZyNkkzUUU2ZjUtQ3ZMTE1WcGpfWjlIR0hJUkVrdEVhdUVpOU1ScGJ4bmNQNjVBdVhLQmhzdnpYOG5lZU0zQ2IzNFh5MXVZdWFQck0ycVBUU1FPT1Boa1NyOTZzcmlLR1JJaFpNT0YtbVo3dk1NTE5CSUZDaXA4OXc2ZA?oc=5,dolar kuru,2026-10-07T08:14:54.784617+00:00
2026-08-11T11:16:59+00:00,Kartlar & Ödeme,Tami ve Vendapp Pay'den otomat alışverişlerinde yeni entegrasyon,Anadolu Ajansı,https://news.google.com/rss/articles/CBMisgFBVV95cUxNaUNLLVVhWEJkT2MtYTBlSU5BN3NFdktTUDVoRktIX21wTWtQMkhPMmpNMkRBSUlmaGllNjNJSU1EQjd0M0xZblZ3S0dVWUtKZFgzUFA5MDVEYTJtN1BwRVBieWNUN0x5MFB5NXo1cm9CODUtamdGVm9rNmxYZGwwY0tFTm1FbWE4NzdxOHpqa3lMTVAwc3U1ZkpqTktjREZRaTQ4bGhSNGFvVVYwRWxwQm5R?oc=5,dijital ödeme,2026-10-07T08:14:54.784617+00:00
2026-08-11T07:51:20+00:00,Piyasa Göstergeleri,"Ticaret satış hacmi düştü, perakende satışlar arttı",YatırımX,https://news.google.com/rss/articles/CBMilwFBVV95cUxOX3NSTkVpa3QzYzJDV3IwaXRSXzVDa1N1RzQ4ZlROVmcyWXZBemFLUXVTMmtUR1pQOC0yWVlfZk5nVWhwSEhIemk0Mm93My1vWkVqdGVldUtvbm1YbWdvTUdYcGJDWExrcVdoWkwtNXNFYnJxcEV3bUxZZ0dxU3VCcUpVRURONmRuRXRYOVFzaUd6SU5qbV84?oc=5,perakende satışlar TÜİK,2026-10-07T08:14:54.784617+00:00
2026-08-11T07:00:00+00:00,Piyasa Göstergeleri,"Ticaret satışları geriledi, perakende satışlar tırmandı",Gazete Pencere,https://news.google.com/rss/articles/CBMioAFBVV95cUxOVXF3N2ZpeFAwNE5LM2I3UmhXblFkX2IyTldXODdoRFlPNE5nV3VNa1puNGlzRDAwUkNITWhNd2N2alJKbmQ1cHhJSU9yaUQtejBTb01DRDl5MVl2b3hWODdUNjJkblZaWG1YQ1NaY3ROTWw0c0JNdGpKUVBRWE10SkZlM0kwUDZPRUxtelRUQ0t3RjlZaWJnNGRtUFV2SDB0?oc=5,perakende satışlar TÜİK,2026-10-07T08:14:54.784617+00:00
2026-08-11T07:00:00+00:00,Kartlar & Ödeme,BRICS ülkeleri hızlı ödeme sistemleri ve dijital paraları arasında bağlantı kurmayı görüşüyor,Foreks.com,https://news.google.com/rss/articles/CBMiowJBVV95cUxQUzJNNHZFa2VZMlRLZmxWODFOQ1VDUU1XamdnWktDeUhibGVIbEFSNVIyZkx4Vlk2a01kYzU4bDhQcHRNS0toaktUU3ZSbkRqSmVBXzNfUHlveG1qMnQ4N1RhVUpOZjZUMVZWNHFJLUNXNk5vNzB6SFhSMFozN2pvb000UUc2OWw4MWp3SGs2RHJDUTUyLTRYUXNZNmVFV0cySzJ1SUtMb0cwQ0dFWWE3VVpHVEUySDl5MWs2UGNRY1B4LThlTTc5eE1FazkzOXVXaXdTdm82SGs3MkFQRWV1TTU1Mzd5OF9fc094Mmo1dzZTTDgtcGxCOGZmdFpKZnRHRGFsVUFJSEF4Q0ZWY084QkxOZEh1WlhVY19SMjJ6eTJ0cUE?oc=5,dijital ödeme,2026-10-07T08:14:54.784617+00:00
2026-08-11T07:00:00+00:00,Perakende,Perakende satışlar Haziran'da sınırlı arttı,Bloomberght,https://news.google.com/rss/articles/CBMib0FVX3lxTE1sX2NlaTUxTFRzSkc4R2VBQjk2X1J5VE1zNkhVYlJiUFZkX0kzbFlvNE5RNEd3b3hLWHNmd0RuVEFneUJUaURfQTlNS3NCdzkxQ2FXMnd2eko2a2xWOVQzdEl0VzhETjB5LWtZNlBqMA?oc=5,perakende satışlar,2026-10-07T08:14:54.784617+00:00
2026-08-11T07:00:00+00:00,Piyasa Göstergeleri,"Ticarette perakende satışlar yüzde 11,8 arttı",Ekonomi Ankara,https://news.google.com/rss/articles/CBMiiAFBVV95cUxOam5FVUlVMVhVdWxRY3NSZUhlX3FoZUc5eWdtaF9IbEFIRG9iSm0waEE3VGllNWdVVDl6OFlCR2o4MXhseF80S055cnlpNlQ0Qm5GVlFhYW1QWkNMUG5lQ0VFYmU4ZEpzS1l3TGcxRWZsN0pFN2Z4OVotaDgxMHZ0Z0R2WmtZQ0RJ?oc=5,perakende satışlar TÜİK,2026-10-07T08:14:54.784617+00:00
2026-08-11T07:00:00+00:00,Piyasa Göstergeleri,"Vestel Beyaz Eşya'da zarar azaldı, satışlar sert düştü",Ekonomim,https://news.google.com/rss/articles/CBMiowFBVV95cUxQYjJsVVZ2RmFjNW5HMlV0ZDJIQ0JEU0ZZLUlxNkVUQ0N6bEFGc3NoT2xWR3pZR0dadVJIWjBGNi1NcDFQR1M5bjdaaWlLNlcxbHNNc05YdFRyeFYzSjlBNEZUSl9mWHVtNmZrcmlWWngtRDhOTGVNMWktUG9fRENpRUI1S3Rfb2RlamFmVzN0X0pmQ0Z4YnRDQ1ZJVFFSVjhoWWI00gGoAUFVX3lxTE1HX3dfREZlTzFvNS1DWjNlLUpPb1NCQ3M4emlNZU1lcEpYOGN0MlNDdlBLNmZDNHRrbFdTZm9feGFmdW4wMkNXazNuZ05neGx2T3VkTUJ4dDdQNFhMcnNZU2Q1cnc4b25LTE1sWW83V2xZSS05OGFMZ1lMcHcxVXlBVG9MRjhLUEdWOXI5cDhTLXZTejJkTDlMZGxqZXFHQzVZUFVHcld6Zw?oc=5,beyaz eşya satışları,2026-10-07T08:14:54.784617+00:00
2026-08-11T07:00:00+00:00,Perakende,"Ticarette haziran tablosu belli oldu: Satış hacmi geriledi, perakende yükseldi",A Haber,https://news.google.com/rss/articles/CBMirgFBVV95cUxQckxMLU1xQmFvUUtrVWFwU013dkQxaEdxTUxuVFpqVEQzRDhIM19Ub2hpNEM3VjY0NUpjUjVYd19Id0NjT0JkOHctNWhpdmlSMWpZUGIzdVBGTE1IeVh0bUZrdE5hdDg5VzQza3p0YWRiMjJvcnFjSlZjWkhKdGgweUJEME1qLVlPb05TYnJZUW50ZUIxVElWUGpidGZ4OWRCcVd6amhnWnBfMzI0YWc?oc=5,perakende satışlar,2026-10-07T08:14:54.784617+00:00
2026-08-11T07:00:00+00:00,Piyasa Göstergeleri,Haziranda ne aldık? Gıdadan giyime alışverişte dikkat çeken tablo,Takvim,https://news.google.com/rss/articles/CBMirgFBVV95cUxQZ2hfTldJbkM5dmVZbFA2OUU2bmVMc21PWDBPQnRRX0djbWI4bG5SQ3VjZkFXcG1sbGFjdDJ1RjdrNU96NXRnV1FBRWJ1UHV5QTNYUzR4cDFXY2lJbTNPRDhEUjF2MEI2LXI0OUd2NHJRdFJtbmpHQWg3TW84b3FSaVlqMDktb1hpc29qNFJnWVM2VmdkV3ZHU1UwYk0wekNPMk50ZEJGTzVQelRNTnc?oc=5,perakende satışlar TÜİK,2026-10-07T08:14:54.784617+00:00
2026-08-11T07:00:00+00:00,Kartlar & Ödeme,SGK'den prim borçlarına 72 ay taksit fırsatı: Son başvuru tarihi belli oldu,Cumhuriyet,https://news.google.com/rss/articles/CBMivAFBVV95cUxQRm8yVHh2N1hiMzQyTDdfS1JydXEzalZIMlZlX0czSnpkM1ByaWowRDFGZkJMYUY3NmhrUDdNR3pEUlFGREZrMGZ5aWxhS3dmN2VoYXYwQi1TR3hhNXFSZ2lGLUp4VkFUQU9kbTFwNENEa3lhTjVnMmxSVnhycFBBRGkyOFhVVDJtX0tHQktfR1F2ZEJGRnVzXzhhYzlzd0gtdHZVZjNsUGFnV2dmYUJlMllSTld3X2pXTUEzMw?oc=5,taksit,2026-10-07T08:14:54.784617+00:00
2026-08-11T07:00:00+00:00,Piyasa Göstergeleri,"TÜİK açıkladı: Ticarette satış hacmi düştü, perakende satışlar yükseldi",Yeniçağ Gazetesi,https://news.google.com/rss/articles/CBMitAFBVV95cUxQRjFTeDZXTkdpUjNiWHgtdllqVFduR2NSR1I5S2VnWGpzZDJpb05nUkxzSEp6dy16STRSaHpiX1JFalcyLTFINE0xOEJldFRHNFJpX3NrajN4MTZBcDZhTHlRVjB6NEFSVGNVSHZvUHBlV1hqRk84eko3Y3RmdU9oV0pQc0NfbjlLeGRpY0lHZlNuVXlNX2tSNk11RUx3TTBxbHJVYWdWMmhQd2cwemhOVDAxQWc?oc=5,perakende satışlar TÜİK,2026-10-07T08:14:54.784617+00:00
2026-08-11T07:00:00+00:00,Piyasa Göstergeleri,TÜİK açıkladı: Perakende satışlarda artış hız kesti,Manşet Haber,https://news.google.com/rss/articles/CBMiigFBVV95cUxNYktSNkI5S0V0Y1V1TGp6ZncxWUNIb29IZFBtOEJzQ3VZRG9ZQ2Znb3gtb2RFWVoxTExBZ2MxdnFGdjNUWjIxbjE4WHlOSDhUVWY5OW4wUlRpZGFnbjMtTzllckstWC1qcGlfb1B0UXFNRXBDRnVwanhJNHNWSERTZzR3ZVpCOXdoSnc?oc=5,perakende satışlar TÜİK,2026-10-07T08:14:54.784617+00:00
2026-08-11T07:00:00+00:00,Perakende,Türkiye’de perakende satış büyümesi Haziran’da yavaşladı,Paratic Haber,https://news.google.com/rss/articles/CBMigAFBVV95cUxNR0dPTzRhS3hEM1g4MEVZVWx3VTlkMnpYRG5HMWU1Y0ZNT1lBS2E4M3NDYk9NT1BLV19kUEtrWmdnQUlFMVJ2c0dqOWVhVjVrMi1JYzBwdmFRM25qTEctdU43WlNPNmNUaEliaU91ZlpXbTd0R2dQQWZWMWFHVlBWNg?oc=5,perakende satışlar,2026-10-07T08:14:54.784617+00:00
2026-08-11T07:00:00+00:00,Piyasa Göstergeleri,Egeli beyaz eşya devinde satışlar çöktü… Bir yılda bir Vestel gitti,Ege'de Sonsöz,https://news.google.com/rss/articles/CBMidkFVX3lxTE9GdGpZbDUxS0tEYkN5RHhyNTFZX0E5cnNxM2VtOWZ2UVg1T0c2RlVsZDcwQzhodFRfMENGVnRYc2Y3amVtMUlpOTJRNE1SOGxnWE5qQWlvY3FEMWVNMTVXX0VwUnZBTnRiZThNOUdRT0ZQT3MwMkE?oc=5,beyaz eşya satışları,2026-10-07T08:14:54.784617+00:00
2026-08-11T07:00:00+00:00,Perakende,Saadet Partili Murat Ali Aksoy’dan zincir market çıkışı,Karasu Haberleri,https://news.google.com/rss/articles/CBMijwFBVV95cUxOY3lTTFNsWlRoelBpc3hsWWUwdm9ESE5rVDQxVFVuMkQ2ZTAxWWdodjVRMk4za29TWk9jbWFxRWJLUnNMUTNubC1TYWlaTDFYaVBtZTdIVmw2dmhZY3VndVZ2QThOQmVnRHoteGJHNC1TaVZTUEc2WEU1UWpIcDhoS2FTZ0dFR0lyb0NGcFR2VQ?oc=5,zincir market,2026-10-07T08:14:54.784617+00:00
2026-08-11T07:00:00+00:00,Perakende,"Ticaret satış hacmi haziranda yıllık bazda azaldı, perakende satış hacmi arttı",Anadolu Ajansı,https://news.google.com/rss/articles/CBMiugFBVV95cUxPcUJ3S1dSUWNlSV9QbXVjS0ZZRG03QUdVcm9JS3NWMTdNa3l2Umprb1lZdXhWOEpScEhrcG5kZWxmUzB4TlUwVHhWNXlOR0R3WmpsZUVWV21HWnFmb2pOdUVWNjlENjQxbWxPYlhxMENKY3RtbGptbERBb3duV3hkWnRobEY0UUc2VXJkWWlwajNuT3hlTUVnRWM0MVptWUxEeHZlY2xLQ2k4TmNmUWIzenlZdFJDeG0xS0E?oc=5,perakende satışlar,2026-10-07T08:14:54.784617+00:00
2026-08-11T07:00:00+00:00,Perakende,BTSO Başkan Adayı Özer Matlı’dan perakende sektörü mesajı: Bursa’nın ticaretini birlikte büyüteceğiz,Bursa Hakimiyet,https://news.google.com/rss/articles/CBMi4AFBVV95cUxOWUNnZFNXcENpeDRzOTg1MEltSmV5NzFJLXVhV3BxaW9VeVlSNFRPT1hCUmxtbDVqVWdjMVNVenFWS0Fqc2lpbGktV0FjMDJPYnVzdDJHN3BFQnp2OUozNlRQeExzTDUyZmVQN0U1eDVWM2d4eDJ5YTlmTVp0NmRFa3FCQjBmQ21UVEplSy1MUmdvWm5qUkxPWDQ3bm9wcmtRMFRORGdWNnBDUEVnWGM1cUF3UHJ5blF4LXkxWW9Idzhra1JjTzY4RGlTUElkUEtwQWdwZ3JhMkRKOXg0WTJ1aQ?oc=5,perakende sektörü,2026-10-07T08:14:54.784617+00:00
2026-08-11T07:00:00+00:00,Piyasa Göstergeleri,TÜİK kritik ekonomi verilerini açıkladı: Ticaret satış hacmi yıllık bazda geriledi,Cumhuriyet,https://news.google.com/rss/articles/CBMixgFBVV95cUxNb0FLMnhOM0RaZGpaazV0NVhDaHV1eHc4dE1VcTVIcWMzU3lLc2xWbVY3Z0ZxLTVTYmNqVlBZWHF5Ym52M2JRWVhKVjBDNjJRTHBtbHlLeHRoeV9memtEWnZ6Nk0wYmg1WXN5NjQyLThOaUhZbDI2YkdLSVZMTk1MSUpwQk5DaVI2dm02emdTaUt5YlhFX1I4MTlpRGVBM2xvM0tONnNlZlR0cTUyZk00WDUwQmlCcG01Rk55WElYMTNLX3ZNcUE?oc=5,perakende satışlar TÜİK,2026-10-07T08:14:54.784617+00:00
2026-08-11T04:12:17+00:00,Bankacılık,Mevduat faizleri güncellendi: 1 milyon TL ayda ne kadar kazandırıyor? İşte banka banka liste,Ekonomim,https://news.google.com/rss/articles/CBMi4wFBVV95cUxQeUU4bF9KX2U4M053aGd1QXRqOEcyazFmbDR0OWQ3ck5QWTQ4T0pKQ21ORTZxZjlDelRVRTRUTEZWUjVKLTEybFg4eGd5YUFsSkh3QzdHWVR3R3ZWUW54QXJLT2NHX2Fka2wtNXdiLWpDbUtqTUptWmxuMDcwbVU5ai1wNk5teHd1ak1OTlhaYk1EX2FFQk1SaDNROW10N3dsamQ2RDZEUG9RNGNXUVh4UnVtRDUxSnZjemlqZFlLbUxDZF9scFpBYUM1VkR2REM0blVWR3ZhSWw5MW1jX2VwN1JxQQ?oc=5,mevduat faizi,2026-10-07T08:14:54.784617+00:00
2026-08-10T08:56:28+00:00,Bankacılık,Mevduat Faizi Temmuzda Reel Getiride Zirvede,Alomaliye,https://news.google.com/rss/articles/CBMiigFBVV95cUxQa09zT1BzRE51T0pTNWNxeU1IWjhTVzNXZUVUOGJUUkxpUmNKaWlxbklVVFJGSmJYLUNmX01GdWJCQmFZX0k2cHJIT3dIN2gwOXJWTzd1eTBBalI5M1lJVDJPN1ZtNWJtOUJ4ZWduWm9Ga1MyUDZPNjlyY3ZaX3ZvXzRDZFMtb0VjZ2fSAY8BQVVfeXFMTVUyYUoyWHFvQVBrM2x5UjkzQVpjUXZBVW1Fdzhlb0p4STJyem92SXVydUNTYjBkT1dvSmZRVzN3X1pHYlVBVjBLVGllYXJ5TVpJS1BKbHNHTGozNXZMSHltU2dReG1qREJsVk9yX2N1NkNBQUpVejhMZlE2Y1FRWkRqODctV2d3TWRDcXdvcHM?oc=5,mevduat faizi,2026-10-07T08:14:54.784617+00:00
2026-08-10T07:00:00+00:00,Kartlar & Ödeme,"Vadesi geçmiş vergi borcu olanlara 6 yıla kadar taksit fırsatı: Faiz yüzde 29'a indi, son gün 31 Ağustos",T24,https://news.google.com/rss/articles/CBMi0gFBVV95cUxNZlo5dXp1RDN4aTJmX1Z3NGttVW1LM2RCMzMxTl9Xb0oxU0JlNHRZXzZnZjZSV2doSlhBS3Z5ZzgxY2lfZXRULU1mWGxYQTc5dnJfN1lUTWxpRV9IbEl0LWdmSFJaOHJyYVdhRHl3UXBIT01yTXRvSlhPSlhrZTVKN1ZwdjFYZlY4RG1lSEJBZmZucVYybW5KU1dYQnRFakdWbFNfeFNxZUlqNXRiRzl2QnpocHNmVjU5M1laRlhIelZfY1BOM3R5TzhfSGtESHA0enc?oc=5,taksit,2026-10-07T08:14:54.784617+00:00
2026-08-10T07:00:00+00:00,Piyasa Göstergeleri,Dolar ve Euro kuru bugün ne kadar oldu? 10 Ağustos 2026 döviz fiyatları…,Bloomberght,https://news.google.com/rss/articles/CBMisAFBVV95cUxPaW1YXy1nZEtNaThuUlBqcTVQUzI3VjJhc2FqQmZ6X0JEbHVyZ3dLMzVZRWFkVVg3Zno3akx1Mk9iTVVkTTFVdy1BZ1VnV3llMkstMDMwUDYySVFaTTY0T19xVEp6ZDM2VHNNb3oxS1ZMbVgtQ2VrX2p4bC1Ed3NXT3ZKSm1iTlAtR2c1bDBfb1otMnJUaFRYTjZUNy01VEdpRE5pUlZQd1hJUnhEaGdQTQ?oc=5,dolar kuru,2026-10-07T08:14:54.784617+00:00
2026-08-10T07:00:00+00:00,Bankacılık,Para yine para kazandırdı: İşte bankaların verdiği mevduat faizi oranları,Sözcü,https://news.google.com/rss/articles/CBMiqAFBVV95cUxQTGdxWHJKRGxjdjJUcE56RS0tbW10Rl9IRDh1TExHUmpKNDhCMUJrTDhWZjF3THd4M2FoMElqdzNHWDJlbTB2d25tZjV5c0xqVHQxR2FEdW1vczJEQmdQaWZtZ1pyNVNHMWF0MnFfY3RaNDhUOGx3TlYyQVpWTkxuNml6MGI1T3hOM1Vpb2I1M2dLMDdvRHR6Q3hyWjVranNucnNfallBVjU?oc=5,mevduat faizi,2026-10-07T08:14:54.784617+00:00
2026-08-10T07:00:00+00:00,Bankacılık,"Mevduat faizi kazandırdı, altın ve BIST 100 kaybettirdi: İşte Temmuz tablosu",CNBC-e,https://news.google.com/rss/articles/CBMiswFBVV95cUxNV2pKVmVqRnIwbVRlR3d1U0pXODRzN1hpdWVHdnNFLWJWWWhUVHZxMHczWTQxZG1BdXA3XzhHbm1TMXM3NXJLZk9sRzRtQXI3Z0R2cjR3OWN3U0Q1V0lFaW1ILVZ1OHBmR19UMnVFcjJrMlBua1Z2czVPdWxwakw3N2I2WDFNbnBZbFpuR2FVbk9NVHd5Xy04dWtEMGc4R1hhNHExblo1LVREWUdzTWQwQnNrdw?oc=5,mevduat faizi,2026-10-07T08:14:54.784617+00:00
2026-08-10T07:00:00+00:00,Bankacılık,Temmuzda en fazla aylık reel getiri mevduat faizinde oldu,Anadolu Ajansı,https://news.google.com/rss/articles/CBMinwFBVV95cUxNcnRXOXF2UTVqWjZQdkJweURycld1MzJjLU40MThPSHBQaDNneFlyWm9JYnZmdU53MDltZUNBT1M4b0NPMG5JekZLQmo0dThRbnE4RUZTUTVMNEg4ckJwQlNmM2dxQ3V2Qi03Y3EtdUtLWDVIWmZZUF9WQWZSaDZTQzFEWnpMQmg1bHdJVFJXVEtheE5CQjBTT3dCM2RibGs?oc=5,mevduat faizi,2026-10-07T08:14:54.784617+00:00
2026-08-10T07:00:00+00:00,Bankacılık,Temmuzda en çok mevduat faizi kazandırdı,Diken,https://news.google.com/rss/articles/CBMidEFVX3lxTE9qTkV5Z25jYlNfTmhVZGRnS3JsMFhFMGRsMUw5OFZpOVlaYlBYdnpxU3lqcEdmRmpUbFFYY1ZGSWp6c0VTZ2dXTmJrdE4yd1dadWdFd1VHUWYyejRBVW44NGpoQ1lQUXc2ejQ5eDdCWGttSl9S?oc=5,mevduat faizi,2026-10-07T08:14:54.784617+00:00
2026-08-10T07:00:00+00:00,Perakende,"İngiltere'de zincir market ücretsiz dağıtıyor, Türkiye'de zincir market çöpe atıyor",Gıda Bülteni,https://news.google.com/rss/articles/CBMiugFBVV95cUxObC1qa0tfRTloWmZGckFRS3RMS1RtWDZtNlUyUzJ5S3UzSlQtZXNXOWcxbEF3YVo3bGpYYV8tNnBGczhZdGdHdEVYcVNDOFBhUGYwUkNta2RiWGd6ZG5udkhHLUs2MDNkYURtYjdlN244TzFXN1dnT2VaRl95SGNKUDY3LWpubTFDbnc5UTI5VjY1QjdfdXB4S0I0bVpMZ2ljV3pILWQxaUtRWU5GaWxXMnpUcG9JR3htdnc?oc=5,zincir market,2026-10-07T08:14:54.784617+00:00
2026-08-10T07:00:00+00:00,Piyasa Göstergeleri,"Dolar kaç TL oldu, Euro ne kadar? (10 Ağustos Pazartesi Döviz Kurları)",Dünya Gazetesi,https://news.google.com/rss/articles/CBMitgFBVV95cUxNcGN5LUJ2aUQ5akUxWUVGNXJ3WFJ5OXpOVWNSRWw5VXpES0ptV0gyMmkyUTdycWRqYkZSNE1vX0VLZW9Tb1IyRHJXQVpoNVk5dF9kZVBaRk5yN1Q1bGZUWUduX2hDdlVzYzNkRkxVdXhhWHJwRElfZFNKUmNWNV9nb3RyZ3J6cVFOUXl0dzAxY01iVmlpbVRKRTFHYzMxZTNsSVR1QTZkWktzTklvc3VuaVBVZHFHQQ?oc=5,dolar kuru,2026-10-07T08:14:54.784617+00:00
2026-08-10T07:00:00+00:00,Perakende,Antalya'da pazarcılardan zincir market uyarısı,Yeni Alanya,https://news.google.com/rss/articles/CBMifEFVX3lxTFBWU3dFS2YzWHBwdkdkVmllY29hU3hYYmVXZnUtNkw2NlN3QmRVbWxQajdxWWtET1ZnWldiWExGY0VOYzVCa0NQbzkzR2p6emJONzRlazR0MUdXSDhTU1dzYndITXV6M0JCNFEwb1h1N3dybktTbkljeWE0NDQ?oc=5,zincir market,2026-10-07T08:14:54.784617+00:00
2026-08-09T07:00:00+00:00,Kredi & Faiz,44 milyon kişi ihtiyaç kredisi kullandı: Takip oranı 9 yılın zirvesinde,Ekonomim,https://news.google.com/rss/articles/CBMixAFBVV95cUxNeVkzZGd2UHJEZllxOUFVYjFKa3R5NnAtaGNaaXRWY091aVpkMThKN2NBRDVudC1VM0x6WTdNV2Z1dk9JQU5oSTZsSXo4SWpOWXFSQUpyS3FkWGMtbzMyQVdqUUxWeFUxRVBPZE10YkdfUlR2bDRrcW1XTlpmUUR1emJZNnZjMHNMN25nX0l5aVA2UFFCUEN6bTFuVmd4NzNfd3djWnBNNUllTEl4WmZYUjdTQU44ZENPcE9SbzRTNi0wWmQ30gHKAUFVX3lxTE9rRFVlTGNrU3A5NllwWDJCRXJQREtPZUp0cnI1WXpyVkVqY1pVY2ZabE5iUUlNMEk5c1Y1SVU2dVJXNFFTbC1FUl80eG9uOG1rRi0tQ09ZRkQyelIwQ1EyV1RxX0prRV8tbEc5TG5ndC1QTUVZV1V2RXhxM3BQS1BCanduXzBqRXBLam42SGdlWm95YXUtR2duWWZTTzBESlBMQjEyOVM2dko2VGVsRlZPUnNYaW1rZC1MTjB6YUdDVHhvQlNxYVNrNlE?oc=5,tüketici kredisi,2026-10-07T08:14:54.784617+00:00
2026-08-09T07:00:00+00:00,Kredi & Faiz,"44,3 Milyon Kişi Borçlu: Tüketici Kredileri ve Bireysel Kredi Borcunda Rekor Seviye!",Muğla Yenigün Gazetesi,https://news.google.com/rss/articles/CBMisAFBVV95cUxNSFBlSUU2M2RBSmxlc3lpalFWdDRzdV9CcjhJdm5oUl9DMENnMXZlU0FIZk1rVW1saTR5bTR4TUJJbHJJaWp1cHJBMU9nNEsxemRnMUdIcWtVWklBNHhZQnh4REZIX21ISGd3WG5NOFJwZFZSb0JqY3Z3SnNxMF9qYnctYUEtTXhmem1ORnR6M2FjbDJocE85NV82dF9vNHJOMTVBaGYyeGR1YWNJUDJwRA?oc=5,tüketici kredisi,2026-10-07T08:14:54.784617+00:00
2026-08-09T07:00:00+00:00,Kredi & Faiz,Vatandaş borcu borçla kapatıyor,Ekonomi Manşet,https://news.google.com/rss/articles/CBMibkFVX3lxTFBNclNlV09iMVI3NnBMMnhjU2ZNaXhVZEx2bG5PNEhCSmtCOFAyazF5X29MdlpHX1lOdlE4czlyWmFyQkx5N0xsR0Ffd2F4Q2xjbHZhRDFkOXhQdUJSdEdZZm5DLTZSNWtVdjZSWWRR?oc=5,tüketici kredisi,2026-10-07T08:14:54.784617+00:00
2026-08-09T07:00:00+00:00,Piyasa Göstergeleri,"Dolar kaç TL oldu, Euro ne kadar? (9 Ağustos Pazar Döviz Kurları)",Dünya Gazetesi,https://news.google.com/rss/articles/CBMirwFBVV95cUxPcl9ENkI4WnNEaGJkQXJHdFpfbDJZbDZWQnVJNFZ3M3dzVlEyc3Z4U25Qay15UWVnOGVYTU1QTVNJWnd0YUFzODhpU0VQQkk0WVJxVzhKYks0RUVjamw2dnV4cmxneEtwazJEWUtMd2h2Rk8tcjZwbDVBSEM2RGloTm1vLWQ1U3lUNDVLSnlsdnV2SXFscWhjMXhuSEFseFhGakl0cnVLeVNjSzQzalVr?oc=5,dolar kuru,2026-10-07T08:14:54.784617+00:00
2026-08-09T07:00:00+00:00,Kredi & Faiz,Türkiye'de tam 44 milyon kişi ihtiyaç kredisi kullandı,Kamudanhaber,https://news.google.com/rss/articles/CBMiigFBVV95cUxOYnZVMENVeTNXandPNk44MTFEYk9OOE90UmhDNjFUaDdoekRkSHlGa3NUYkRBa0hhdHI0WUJDcVV4a3hDV2xmbkhhSk9QTkUzX2dkcU1kcWtiOHRQYnF5aEIxdENsdTdmLVZfM3VudTI4R2FsVkFTRkpLTFN0VXltM3hvaldXZ1ZObkE?oc=5,tüketici kredisi,2026-10-07T08:14:54.784617+00:00
2026-08-08T07:00:00+00:00,Kredi & Faiz,"Merkez Bankası PPK Toplantı tarihi 2026 Eylül | Merkez Bankası faiz kararı ne zaman açıklanacak, faiz beklentisi nedir? Eylül Merkez Bankası PPK Toplantısı hangi gün?",Bigpara,https://news.google.com/rss/articles/CBMimwJBVV95cUxQQnRvbTVRRWF4MGFOOThSRjhGZVZGcG5DVkJRb2w5Qi10a1lyVktWclpxS0JzQzdnc1RMX01jM0FTMzRGTXh6M1ZSLTRQbzlYNmQ4TVBSaENNNFF4OHlOSTBTQUl4dExmVjhGU1lVMFNWWVRBamZJelpPUEZmaGpBMktHbTlWMlBYb1Y4c0Z3OE9qcndkUU15bFBQTTZvMW5FM1RySkhlc3F4X2VQNzBZX255OWxNeFlKS0JLX090WG5uUjh3QktpX3BfNV9GUUdTaHZlM1VfcmVpWExoNFRXMkdqYlo5Zzk2SDBzLUZfVVNkcERkS3FFQUYzcHQtMEh1ZTdhSGEzLWQ5M3B4SkEyYVpVOEIzSGpDSXVj?oc=5,TCMB faiz kararı,2026-10-07T08:14:54.784617+00:00
2026-08-08T07:00:00+00:00,Bankacılık,Dünya Bankası'ndan Suriye'ye 100 milyon dolarlık destek haberi,Borsanın Gündemi,https://news.google.com/rss/articles/CBMioAFBVV95cUxQVFduZkRVSl9BWl9VM1JwTXozbnBHUVNTTS1MY0dhV3RvY0tOX25sZldpeTFfa2VwekVKRXRpM3VsSkoyTk1xUjd0TUxFZFVscXM3WF92Z3FkQkdXc1hnSXE5SlB2ci02VlBrZXRoRElqVF9MRWdvNHVjNUNVUEtWUFY1UzZHQzBaTmhDSjF2TmN1Y3ZvVGJaUi0ySUdOZUhG?oc=5,bankacılık sektörü,2026-10-07T08:14:54.784617+00:00
2026-08-08T07:00:00+00:00,Bankacılık,Dünya Bankasından Suriyeye 100 milyon dolarlık finans sektörü desteği - Ekonomi Haberleri,CNN Türk,https://news.google.com/rss/articles/CBMirgFBVV95cUxQWUs1QWg5eFgwQmp5bFFjeTZwSDd6NXd6cFdBMUc0NTNRSkdyYkpsZm5BYmlKbDhzMkNEUERGV2hZdXhkLUxGMWhacE5TOEdONXQ4SXBrOGEwWktoUVVsZDJZR3F4WUplcS1DVWpQSWtLQ1ZDblBVcmpDYUFfSnE0TTM2YXRmNVQ4NzFiUkRrc0xpNzNLZlRqYjd6TURWbDV6X2RVLVQ4bnl3SXdJQ3c?oc=5,bankacılık sektörü,2026-10-07T08:14:54.784617+00:00
2026-08-07T23:15:14+00:00,Kartlar & Ödeme,İKİNCİ TAKSİT İÇİN SON TARİH 29 KASIM,DÜZCE BELEDİYESİ,https://news.google.com/rss/articles/CBMickFVX3lxTE9NMlZfOEI4U2RWRy1qbjhZRGpPUmNBaVRwT2ZBUUhYX1ZtZmZiZGZza01IRF9TLS1CR3luNDlqdThYa0s0ZVdOSXV1bkkzNkh1RGhraGNIQ3R2cFFyY1ZvazEtWDUwNkhsY3hXN21KQ21aUQ?oc=5,taksit,2026-10-07T08:14:54.784617+00:00
2026-08-07T07:00:00+00:00,Bankacılık,Mevduat faizleri son beş ayın en düşük seviyesinde,T24,https://news.google.com/rss/articles/CBMijgFBVV95cUxOblhiZ1dlWUR3QW5jUUxEQjhBRDlfRzdiaXhEb0Y5WnQyQUVNakRCdWZVaXc0anJxSEdLZ284RE5yYWt5VEZQQVlfMnBJLWZoMzVSZ3BWSVd6QTR4Y2o4d2s1QkZ0YXFERGpOTXo0Q214QTNNbnBrNjZhNGxCNGVINDVRODBiOU5BcmZWcGRn?oc=5,mevduat faizi,2026-10-07T08:14:54.784617+00:00
2026-08-07T07:00:00+00:00,Bankacılık,Dünya Bankasından Suriye’ye 100 Milyon Dolarlık Hibe Desteği,سانا,https://news.google.com/rss/articles/CBMiS0FVX3lxTE9LRlJ2WWlNVVNfWnlJb1VBaWZUWnplRjhqelAwcW81UVN4cVhOZ0REVnBvYXJ2Y1ZFSnVNZXpPd0luOTNrYXpsanZOTQ?oc=5,bankacılık sektörü,2026-10-07T08:14:54.784617+00:00
2026-08-07T07:00:00+00:00,E-ticaret,Türkiye'de Online Alışveriş Yeni Normal Oldu: İnternetten Sipariş Oranı 10 Yılda %60'a Ulaştı,Bisektör,https://news.google.com/rss/articles/CBMieEFVX3lxTE9ncXZJTFZZcWduMUo1U2pISW1NemhiLXZPV2pZUzM1WGd4bHRxanhFREQ2VmpXQTBKelI1bTc1S2RiN3RfQnQzbUdhREtRMDJFNFVpT1VpcWt2RGZDRTZGclJEaVJUVjRZZXZ4YnJJbFN1Vzd2aEJLTg?oc=5,online alışveriş,2026-10-07T08:14:54.784617+00:00
2026-08-07T07:00:00+00:00,Kartlar & Ödeme,Kamuya borcu olanlar için süre daralıyor: Kimler 72 aya kadar taksit yapabilecek?,Evrensel.net,https://news.google.com/rss/articles/CBMiugFBVV95cUxPaG1rVUxLQUVGeDAwV1hyVmEzX3dnbTZ5ZmlTRW1oVXBSQjdWdXhmb3pEOFZmYThSaEtyUVhSRHNGTFZOQ2lqSVM5UVhGYkQ3UHg1ZExoeDNiYk5GZThyX05JdXlRckRvZHlwSWh0ZV91WW9TRmlYWnNqRERoVUxCaHJpSF9IcEw1X0Y1a1JXRUtBZzRaWFM3aGJsZ1BLTUYyN19VUWRncmszM1FiQjBMNjdPVTdVY1VlSlE?oc=5,taksit,2026-10-07T08:14:54.784617+00:00
2026-08-07T07:00:00+00:00,Kredi & Faiz,Takipteki ihtiyaç kredisi oranı dokuz yılın zirvesinde,Bloomberght,https://news.google.com/rss/articles/CBMikgFBVV95cUxPLW0zWEV2ckRCbWphWlFOMXhrMUJFYTRubWQ1U1V1d0V4eUFCYXRvNTIwT3BJMXJaQnRXSTRPbnVoR2hPRFpZS2dnU0xaZXRxSm0ycDBfTlk3ZzRRc0loVERpcWJHQlE0SU5UMGtPaVl6bnFudTNFcGtzanM0ekQwQUFNNGJrV0Rldm1XZXJPZlhqQQ?oc=5,kredi faizi,2026-10-07T08:14:54.784617+00:00
2026-08-07T07:00:00+00:00,Bankacılık,BDDK'den tasarruf finansman şirketlerine yeni düzenleme,Anadolu Ajansı,https://news.google.com/rss/articles/CBMimwFBVV95cUxORE94UWZuUjBsYWEyWE9XbHQ1OEdHZ0dZTVBROTFWeDQ2cmlvRWxGWGtMN3BuVkt0SWZqSzl6NFJPTzZkaEh4NElkQnpkenBaSnd1UFZBbng0OW84cVQ3QTl1clMxeERwZkVSS0d1SVhFUTE3SVIweHV5TkFWcGExYU9wUU1fQ2c1d2VNUkR4S2ZibUNGNk9UVEZyOA?oc=5,BDDK,2026-10-07T08:14:54.784617+00:00
2026-08-07T07:00:00+00:00,Bankacılık,Mevduat faizi son 4 ayın en düşük seviyesine geriledi,Ekonomim,https://news.google.com/rss/articles/CBMiogFBVV95cUxOWXlQMjFUVjNhSGluck80bXJUbTctTXhUWHowNHdxcTh4b3lJZVVCelptbWkzQ1FmdEZhY2RIQ1hTbkFBWmRra25ZYkJxa3ZwcUp4dGxldFVVdDZCUXB3UGxCeWdPc0ppdFVTcVdfOG85bkVyRVphcDhERTIzdldhXzJYc0hpQnpvcTBRZmRTaE50Z2ZVN0hUMUZ0UEZkN1R1UHfSAacBQVVfeXFMUHBnQjJZTDRrZ0Y4WUUtOTdwREhKVWFqYl8tWEtMemNqc08wVUxOUjVIY1Uwd3pXdWJTRHhDOElKOXRjaTRYaDZMOU5GUEhlbUN1a3l6SGVaVDhHOUcwSWdkbklvcWY3OXB6VUxoVkx2REQ4NkhWNDhCRko0TzFnRnBEa3M4UlFmcHMtWVBoUGc0LWpTZXh4aDYxSmlyRkJiYlFfZkpWMTQ?oc=5,mevduat faizi,2026-10-07T08:14:54.784617+00:00
2026-08-07T07:00:00+00:00,Piyasa Göstergeleri,Dolar ve Euro kuru bugün ne kadar oldu? 7 Ağustos 2026 döviz fiyatları…,Bloomberght,https://news.google.com/rss/articles/CBMirwFBVV95cUxPS1ZKU1I4VHRndkpXSElfUWx0NFR2R3NZazFFVm5PZUpDMnhQZWFRU2NtNlJmbHlUelB5c2xUbGI3S0dBOTNBNEtsWmRTUk0tRjV0RjI1YlExUGdRQTRMTlF0ZE9tYTBhNF9tZnFXRnV1SlU2bGJHM1ZTWVhmM3haWHN5NTdFSE01Tkl1WFFnRFR4XzB1bDh5Nm5SaXE2LU43LXpHZDJEYjlUYXFiQ1NV?oc=5,dolar kuru,2026-10-07T08:14:54.784617+00:00
2026-08-07T07:00:00+00:00,Bankacılık,MEVDUAT FAİZİ 2026 | 1 milyon TL'si olan ne kadar kazanıyor? Banka banka mevduat getirileri,CNN Türk,https://news.google.com/rss/articles/CBMizwFBVV95cUxPcUllRTdMalVYWUgtTDhyd01RcVkycDAxX1h0YXVCQ3laNmpzbFlCdUR2Rk9oZ2VUbjgydXlFTHZoVlF2WnQxdmtrV1NFM0lseTd6NUhhanpYUjBfMi0zOVFGMmhuTjRqeExYTUVHUWxaSzYtNFp0MjFLWF9JZmFIVWlaVndWbXRnSThSZHR4cjZDZ19DLVdUNHFVa0w4OFlhNDVTbUJhcjdfd3lnOWxtT0dyaVloVVl5SG9WOEtVcE1GNnNsNVZjak03WUxzdlE?oc=5,mevduat faizi,2026-10-07T08:14:54.784617+00:00
2026-08-07T07:00:00+00:00,Kartlar & Ödeme,Vergi borcu olanlara 72 aya varan taksit fırsatı,Sözcü,https://news.google.com/rss/articles/CBMisAFBVV95cUxNUnd1Nmlrc2FZLVE2Y3lfZEdQM2JBQnVqeDFNN2Q1dXYtZndaUnFGUnJpa0FqajZWR2FneF9CUHNYUmRPWVc4WXpJTnRpMl9MQmJvVUM3UFRnaDgwbDgySDZDZlc0YkZzaVBqdFloNWxfbE9tRDhLNnFtdExmMmd4alhPNTI2LXMwYnZjdG1XSXZaOVF1aEFUWnVjU0hIY0MxOE9uRHNIMVlSTHdORmVUcw?oc=5,taksit,2026-10-07T08:14:54.784617+00:00
2026-08-07T07:00:00+00:00,Bankacılık,TL mevduat faizi Mart'tan bu yana en düşük seviyede,Bloomberght,https://news.google.com/rss/articles/CBMikAFBVV95cUxQekNjNkxiVzh6Z3hzdFFWUThETmFoQklhUXYwU0h4dFB2TG5KZVdSSUJKX2Y5V0REUjJrMk10R1FOcmlMMFhqVTRabmhSVVQ3eU9sZlVYMTNnblVYNVJZQVptaWZBNWw2ek1SSldmTUpkUjRaZ2QwcUx2dE9OVHRuQWtZSGhfbzEtVW9SWWkyYVU?oc=5,mevduat faizi,2026-10-07T08:14:54.784617+00:00
2026-08-07T07:00:00+00:00,Bankacılık,Mevduat faizleri 5 ayın en düşük seviyesinde,Dünya Gazetesi,https://news.google.com/rss/articles/CBMinAFBVV95cUxQbkhrdzBpR2FlWEF4TGl3ZTNrb0o2TnpVeHRSX2djbnc0RkttbEhiUUZ5RUptaVRZV0xjanpvLVJyVHIxbEsxTDF0UnRWWjRSZERWcjF5Zlo4Rjdpc0ZZVllZTkp0R0JrS04yRXlkZ3hhcDZWRDdxNF80eEsxM3RFS2RoOGlSamkyMm5LSzBsenBUSWQ0R2xreXZXZGM?oc=5,mevduat faizi,2026-10-07T08:14:54.784617+00:00
2026-08-07T07:00:00+00:00,Bankacılık,Kamu katılım bankalarının birleştirilmesi: Yeniden düşünmek,Ekonomim,https://news.google.com/rss/articles/CBMipAFBVV95cUxPWkY5ajdGNWR4eTVCbnFpR1Bqd2NsVHh4Q1JnWEc2ZllHNDlOckdsX1ZGdlc0bFBaaVpmb2JfTWRkblRVMHRvbVVfcGpHcVAzNzdXUVo4SUhVRF9zS0RwNXpsWl9lQlNMSDJET0RMX0swZGtOYXh5S3dwWE1BQ2U4d2F5bTI3MmFNVmUtOGg2bTRIazBZVzhKYTFJcThQc3Raa3hSRA?oc=5,bankacılık sektörü,2026-10-07T08:14:54.784617+00:00
2026-08-06T07:00:00+00:00,E-ticaret,Ukrayna neden en büyük Rus alışveriş sitesine saldırıyor?,DW.com,https://news.google.com/rss/articles/CBMiwgFBVV95cUxQZGRkLUxONFBVdHF3NGg2M19SLTRGblVGbDZXRXcxUmZWbG1rVXlNRHVxYU8wMHd4bWdiakV5amwtTDZUOTBWcDRaQ0xWZElYUVdDclV5NDlwOS0zSXRwMDhaUnMyVmxDdmVUWW9lRVVZQUxQRk9GUHFiWWNoeHI5ZFRKLWVrTXVpX0tNMVNMUGJoSE5ISUlPS3pkcm1xa0Q0VmpZRVpDNEpMSGRvc0lBMVF3VW5KYVFkeTlvNG9YOXlhd9IBwgFBVV95cUxQMEl6Z1R2aldxUXN1emd3a21xWmxGREpkTWRNMG5HaW9sRGNmLU1KVW1KVW5aLXZ5NFdFdnM0M09DZEJzLTRZOHBQeThvT0syWVVqcjBIWXRwWUVraGp2OHpKd21ybzJocGxnOXFkbEVDcFFENGsyOTVsVEdxV3QzR1pqdlU4eHBuRVlNYjdXTlZfdnE5UjNLMFhTelA1Qkt3bU1SSWF1QzhKT09DeEhKVUZJQm9vLXJzN1E5UnRqR1lkdw?oc=5,online alışveriş,2026-10-07T08:14:54.784617+00:00
2026-08-06T07:00:00+00:00,Perakende,Euro Bölgesi'nde perakende satışlar beklentinin altında,Bloomberght,https://news.google.com/rss/articles/CBMilgFBVV95cUxNcGExVHlwYkQzcnk1c1Z6NkRlVDVQa1lGTWJEMlNvTUZPOXNaN3FzakplNVhhNGN5azRvZjZVRDVHVkp2cmhwdUVJZEgtMVhRQmtXRGdLaGVyNk9wbEZOZ1pjTl9Hckl3YzRLVlZ5QnJGMktDdGVxZHFpYzBWWHZIemVsZl9GN1hUSklDNnU1aTZRdGYwQkE?oc=5,perakende satışlar,2026-10-07T08:14:54.784617+00:00
2026-08-06T07:00:00+00:00,Piyasa Göstergeleri,Dolar ve Euro kuru bugün ne kadar oldu? 6 Ağustos 2026 döviz fiyatları…,Bloomberght,https://news.google.com/rss/articles/CBMirwFBVV95cUxObXZqLW9lVnZrRFFLeW5rVHdNcVRYbEtZTUF6UjFqZGpmQ2R5WXQ5anJodGswcTlNcHJhd0EtcWNkclZ0ZVRRMGI3cmV5ZGhMMUo2eEJxeE5hQjBuNG9qd1R3TFVqWHhUNlYzUm1lZWZhdmlMdUdUM1p1ano1anNKTnZQeDNZSU5qNUJ6STcxR1BaeGNBYWc4ZFNaTGVSNm91MFhYdFZaSzdmZ2Y1cEtv?oc=5,dolar kuru,2026-10-07T08:14:54.784617+00:00
2026-08-06T07:00:00+00:00,Kredi & Faiz,"Tüketici kredileri yükseldi, KKM geriledi!",Bigpara,https://news.google.com/rss/articles/CBMisgFBVV95cUxOQXJRU1YyMHptcGQwUnB5OWxOR2pkVWFFVzQtMnI4alZlZFZicHkweWRoZ1AyOG8tbEZaR0FlTXE2UFlyaG5ESUZZazlndEdjcWcyemZWcldsMmpHaGZoRUliVUo1Rk1tUEl0VmZfNFZub3dHWGVBdmptcnc1Zy1fVGU4OGs2T2J2dVZxaDVDaVVISWVuVDdFRlRDT1RobUo3UzhQcER0d2NqZXZZaVRPNC1B?oc=5,tüketici kredisi,2026-10-07T08:14:54.784617+00:00
2026-08-06T07:00:00+00:00,Bankacılık,Bankacılık sektörünün mevduatı azaldı,Sabah,https://news.google.com/rss/articles/CBMihAFBVV95cUxOTDZrNzA1TlF1UHRQN0lfbXYzY1M5ZlBNNmJrY3NHWWhISjFoODEtdnMtdG03TU90bVNpZU9QN1RSQTNNWDFlVE1qSGdfbGdzY3J3RnVoS3JoXzh3V3Z5M0tNNzdkUU9RaXdtS3NxR1dKWXltMkM3LWJCQllWSm4wWGpQLTXSAYcBQVVfeXFMTVBiZ05ES0RuZHRrQkxHOGN0Y3EyWms2MVQtTnJFcVc4dWMzaHQ3QkFUM280MDc1dHExdmRGdTBvZDZwbkFfbEp5NkxZb3NkeTFVTktORFZHYnBESm1qblJLWG1vV3l1RzNOY0dHVkdjbWxBTmsxTl9abVJaSjBnT0J6TWo1Q1dJ?oc=5,bankacılık sektörü,2026-10-07T08:14:54.784617+00:00
2026-08-06T07:00:00+00:00,Rakipler,"Teknosa’nın 2026 ilk yarı satışları tutundu, zarar genişledi",Investing.com Türkiye,https://news.google.com/rss/articles/CBMirgFBVV95cUxQSjRhdzhKSThldElBSWRxbC1NN3F1Y3lMYWRZQm9WaklSN2xCb2N6Z1RJaHhab01FUEVJZU5WMVV5VzRwS1ZQalJQQU9nQTJFVF94YUtSa3BHRXJ5RXBmaXJVLW1fdG1PYmdwdlhEUHpVZVZaMzkzQTRuMWlqODF5VFNPUi05ZHpIbjUxaS1NdVdKUzc0SHpFSHYwRnoxVlpxYXVEbTlHTl9RZFMtZUE?oc=5,Teknosa,2026-10-07T08:14:54.784617+00:00
2026-08-06T07:00:00+00:00,Perakende,ÇTSO’da Perakende Sektörü Masaya Yatırıldı,canakkaleaynalipazar.com,https://news.google.com/rss/articles/CBMimwFBVV95cUxQVFJEMUM0VDVOZE9MWHE0R3RLOTVqSWdGWTl1dEwyTU91NGlIRnkwNkRnLVVpWTN4RUFwTVBJSXhlZ1JoM2g1YkNOODhFUHdfLXl3T3VZNnE0UDBzSE5KSkNUM0xZMDhvejNYN0REV1NXZFBxTi1RNW9ucFhaSTBjSTZld0FnWWMtY044TjdPZno4Q0loNWVKZG43cw?oc=5,perakende sektörü,2026-10-07T08:14:54.784617+00:00
2026-08-06T07:00:00+00:00,Perakende,Avro Bölgesi'nde perakende satışlar beklentilerin altında kaldı,CNN Türk,https://news.google.com/rss/articles/CBMipAFBVV95cUxOeWE5SlF6dVA1bE5ZYVN0Qm1fdUtDZG13NkNaZUlxOFBMSVZrVVRpQl9HREJfZUFFNlhVVzRGblJSTmRrVFVSY2JBUDBNWDFUN01BRkJQZUdMVDl1TWZ3MDk1WUkySHBZV1BQcFZ6OUxySE83RFBncUJzazBGTmtaenFWSHVLc0RCQTVzV1lFRHZvbDJDZnM2ckdiZDNnc1hSU0JnMg?oc=5,perakende satışlar,2026-10-07T08:14:54.784617+00:00
2026-08-06T07:00:00+00:00,Kredi & Faiz,BDDK verileri: Tüketici kredilerinde son durum ne?,birgun.net,https://news.google.com/rss/articles/CBMijAFBVV95cUxQeDJ4LTIxWkFCNnFDTEk5VFNXbFZ2OTRfWTlTak5BdkQ0eXY5LWZqTXFDdEdnRjR3aWdJeGlPb045UkRjM083clQ0RUNzS1RsZFpDS3otZWxuaGN5NmRqdVJjNnYtekc1ZXQzeU9KbnhFYWJDYnBaQndBeEF4TXpscnBVa3ZYbGYwT3puRA?oc=5,tüketici kredisi,2026-10-07T08:14:54.784617+00:00
2026-08-05T07:00:00+00:00,Rakipler,"Teknosa, 469,68 milyon TL tutarında finansman bonosu ihraç etti",Investing.com Türkiye,https://news.google.com/rss/articles/CBMiugFBVV95cUxPM3V2NGRaZXE1cUVPOFo1cGhIZXFGYk5UOG5YTkRaam1DUFUtRDlpZEp2elBEVm5ObkVISXVlM1E3WV9oWHBIaUtLVHROYTdwbng5NV9QanI2cjhzX1lnM0tvSWJfaEw5Z1VYQkZYYlVTbnAwUHdUSnlvNjF1QWVXckkweFF6d3g3UGM0NV9vMUVVRXFnZG5OSkdhQ2lMdkk1d2hEY2lpSWpGMEI3bnJOVjB6RFowSzN4YUE?oc=5,Teknosa,2026-10-07T08:14:54.784617+00:00
2026-08-05T07:00:00+00:00,E-ticaret,Türkiye'de internetten alışverişte rekor! Her 10 kişiden 6'sı online sipariş veriyor,CNBC-e,https://news.google.com/rss/articles/CBMiuwFBVV95cUxQMGItcWQtcW1YUk9pSkVtd2pkdWpFSEZGazFZYVV0TUt0bENVWm1qa3pMN213MFQwRnpmZktmaE5Ia1VFMnlLbW9PbHR1dkpMYkRxWDdJeEp1Rlc5YldfeUN6bzdEb0d3ZUFlYkR4YzNRRl91SmNFREFERjRSNF9nUHVuRzRJOXVvR0FTTzJkTlZyQWdidmxTRW1fcFYyQTNzanpvRUdHSFJXeVk1Z25JOURYM2J0eEtmVThN?oc=5,online alışveriş,2026-10-07T08:14:54.784617+00:00
2026-08-05T07:00:00+00:00,Rakipler,TEKNOSA IC VE DI - KAP Haberleri - 2026-08-05 tarihli,Bloomberght,https://news.google.com/rss/articles/CBMif0FVX3lxTE1GM0UwZFBiSWxvYlk4UEo2NXJ4cTN2X3lWRXVTODBIaTltdl9GZ3VzcU9OZ205ZnJtR3o2ZHhqdzJid2wtS2tibDJscWVvM3RUUmk1UHhpMURYanRaeWh3UmNlcWRXWTFNTzJra0pwNUtrelNlOUFjVWN3QWZ5dVE?oc=5,Teknosa,2026-10-07T08:14:54.784617+00:00
2026-08-05T07:00:00+00:00,Bankacılık,Gaziantep'te banka yöneticileri ile iş dünyası bir araya geldi,Habertürk,https://news.google.com/rss/articles/CBMixgFBVV95cUxQaDlkUl9jM3FPbk1WR19yVFdYVlNFZV9WdE44LUR0R0ZaNnFtUDlvUllwY3lQLUxzM1ZvNmZ1LWpyS29QZkNKa3ZzOXdoN3Zmcko5Qm9vRWlRRlRoYnN1Z2lKMUFtZmU1MllKM192Vy16WTJ3OGNBS29kZWs3eE9YWWUzcG4zZ1RLaV9WTzFLcExtSWRNcDVPcG5wZ2lIamlGa1hNY2ZIeTFYakJ5S3ZPbEJ0QjR4YnhkTTJObGJ2czl6OGdCX2c?oc=5,bankacılık sektörü,2026-10-07T08:14:54.784617+00:00
2026-08-05T07:00:00+00:00,E-ticaret,"TÜİK açıkladı: Türkiye'de internet kullanımı yüzde 92,3'e ulaştı",DonanımHaber,https://news.google.com/rss/articles/CBMiogFBVV95cUxPUXJUdlIwRDUyRC11SVM1bE12djBHR3JWaFlyOVNsdVJFM1RqQk9acVZrRVRxS0pXOXhaZTRJcmd5S2N1VFFLTElYdElXcHRndjFYVkdkR1B0Z0FRR3BnWFREZ0xiU0ZoVGFXdWg2NnBEVjlzN3loSjZtYkJ6emx5bjUyRHl6ek00TjJZZjlHYkdVX1hKcUxPbWJMbFljUmI1Tnc?oc=5,online alışveriş,2026-10-07T08:14:54.784617+00:00
2026-08-05T07:00:00+00:00,Piyasa Göstergeleri,"Dolar kaç TL oldu, Euro ne kadar? (5 Ağustos Çarşamba Döviz Kurları)",Dünya Gazetesi,https://news.google.com/rss/articles/CBMiswFBVV95cUxOTmloN203NEJrSnF2dXBYMmh4azFES0NfdFpvc1VFMXZuZ19MTkRtVkRBSEVEYmctRzg2ZWxkdmxYWTRsdTVaOEtFLWlTdDlSYnhGUVIxbEZ5aUJUaFY5ZnM4TVlNeC1CQlFsQlc0WGRNZ3R6UXVpbm5qalUxSnBIWnVQcHNEMjhOWkRHWVdTaFNNQkpMSFdHbU96b3gzVnZSZXpvSVJCaWQwdzItaFprc3QwOA?oc=5,dolar kuru,2026-10-07T08:14:54.784617+00:00
2026-08-05T07:00:00+00:00,Bankacılık,Finans Sektörü Gaziantep'te İş Dünyasıyla Buluştu,Habername.com,https://news.google.com/rss/articles/CBMilgFBVV95cUxOSzZKWk44VFJjUmItSHkyLWx6QS04QVRwandpX2dUQ0NvUUtQNFZDUUZuQ0Rwck8yV1l2QUdhYXNYSzNfblZpQnA1eVZreGxXM1ZzcEVmOGl2ZHc3d0xaWVFFbmRoVElOcjN2TjNFVDNraW5DLVU1SDROZklTd3FnSko4TUJVc3FFdEluejYyRjZkWW52R2fSAaYBQVVfeXFMUDBoQ09pTi1DTmYwVC1XOFQzdFI4YVYyTERPdE52OHVJTmZWQVFrc3Y4YWMxNjg5YlBhWFkya0pzYmdILWlBNDlKMTBqb3Y0aDVOVld3ZkFWZVg0LWpOYmQ0QUhReWJfRGlPV3VNbmVFUFBkT0tTNGlDZEREcjdfV3BJVlZPWXlmd01RRzRHaXg5OUNhbW9qaDQybE9FOXZPazMzWF9FQQ?oc=5,bankacılık sektörü,2026-10-07T08:14:54.784617+00:00
2026-08-05T07:00:00+00:00,Kredi & Faiz,Merkez Bankası bu ay toplanacak mı? TCMB faiz kararı ne zaman açıklanacak?,Dünya Gazetesi,https://news.google.com/rss/articles/CBMitgFBVV95cUxPTE5qcjZLbHg3cktKc241VlktLUF0b3ZsRVVnaV9DMkIxLW0xWExTTTZaNk5sWWRtSW9JNWlXNFlZUFk5cmtNclduSUJUcURjR0U4dFlnS0hpTjFKSXVTS21EVjZQaXNTM0JnMG5xaDhTWlV5Y3BLVFBiUy0xUkJLZjBqTHpqZ0V6UnA4MmJoQzlleGpiTElnd1pUczBNOF9MNmhvWURKbXlLaWpvb2NDWi02dkl4UQ?oc=5,TCMB faiz kararı,2026-10-07T08:14:54.784617+00:00
2026-08-05T07:00:00+00:00,Kredi & Faiz,"Merkez Bankası faiz kararı toplantısı ne zaman? Bir sonraki Merkez Bankası faiz kararı hangi gün açıklanacak, 2026 Ağustos'ta PPK toplantısı var mı?",Uzmanpara,https://news.google.com/rss/articles/CBMiigJBVV95cUxQb0REVmdVRzhsUGlVYkNQTXJsNkE1anZwRzJ6YmU4M2tIY1daRFE5TEQxa3FFMFJqdnFFblFJYmpSWkFHUE41ZXlyOU9rVmstVFBKZmZhbGhSaTBkaTdVSU02RkplYjI5eXlxNW1LYnBEdml2RjNSQjlQZThKcDdoRVNsZFlDc1UxakxKV1NUMWhQLW11elV2b3VvMkg5a2x4X3N2bkxLSkdETXlSOWF0cWFvVGd1OEtfMjdWOFZvaE5WT1lEcnVaLUVXdm5JYXJxVXhyeFpuWUxuUzFZVzdwSVVKckMxNlIycUkxQzFiWGNRdTV2OG9LUWxXaTd5d3R4UHZBRnRkUW1mUQ?oc=5,TCMB faiz kararı,2026-10-07T08:14:54.784617+00:00
2026-08-05T07:00:00+00:00,Perakende,Büyükçekmece'de zincir market krizi: Kiralar yüzünden gerilim yükseldi,Saray Medya,https://news.google.com/rss/articles/CBMirwFBVV95cUxPQmRubUNxV0I0NkVoSXI2bUZlNDFXZEpCOVdpTUJqQS1XTUVfd19pOFQ2aTVjdWp1UWItUDRJckFXTmwya013YTdfVVByR25CaDgxRW5udzZuZVZSVnB6RWFBV0RaVHh2VjhLTnFZSUJ4ZTdaUWtnWHRLSFVzUk5rUkFsdW5GWDdYNVVkb3I3d20zYktzY21kWXk3c1BXUDJHck9OV3JMZ0Q2UlZqakpR?oc=5,zincir market,2026-10-07T08:14:54.784617+00:00
2026-08-04T07:56:39+00:00,Rakipler,"MediaMarkt'ın ""Stokları Eritiyoruz"" kampanyası 6 Ağustos'a kadar sürecek",Anadolu Ajansı,https://news.google.com/rss/articles/CBMivAFBVV95cUxNMkw0VGl3ejJ2bGZmcTNyYUpOOS1ZbXN2ZURON3haaW4tdTd6Q1VKR29GWlJJbnRQMmgwYU0yYTBGTWV2VXd2NmdWOWdCdktUVjZUY1d3T3JVYy13UHQ3Q3Rudl93NjVFSWVxUll4blplaTJadWJ0dW81UGFrdThwOGcwdHRqYnlGRE55VWgtVkZhcl9vc2VoaF9OS1EtOGtOb2liYTBNRk4tdkt5RXZ0SFUyUHNwcXJDamxRVA?oc=5,MediaMarkt Türkiye,2026-10-07T08:14:54.784617+00:00
2026-08-04T07:00:00+00:00,Kartlar & Ödeme,Kredi kartı kullanıcıları dikkat; o sınırı geçen daha fazla asgari ödeme yapıyor,T24,https://news.google.com/rss/articles/CBMitAFBVV95cUxOZTg5TUlWcFp4UUdnbGxuQnNjTjh4dVVZQkg2Zmg1MXkwXzZ0WkhXQXBzckFOZzREQ1VSSk9xM0FXUnU0WnFMai1oamlVdVRUUHFjd3YtSUlST0FwUVBQV1M4TkFJcDZFUld6WU1neWt0bzgzaklETDBlVDV2UzItQkprZGljaGl3NW9LTm8zOG5Za0t5LVE2RTF5LXFpcjRaRlBKLVVtVXlyNUs4a3RidlVYTHc?oc=5,kredi kartı,2026-10-07T08:14:54.784617+00:00
2026-08-04T07:00:00+00:00,Bankacılık,Bankacılık sektörünün mevduatı arttı,Anadolu Ajansı,https://news.google.com/rss/articles/CBMigwFBVV95cUxNeXhVY1dxZXVXVWNLQ2dEdDNHbWRjZVljamhrUEtyNkQwMnRlZWRUOVpSWTdjSkplUXVxM3RXamhZVlktLVBoTGx2YTdoakJYZVd6anpTOTVoS3pjaGtYN3IwZzlqSVRMb0pSWTZKNGllRjl6V3R0aTd1RmVjeXdKanpFVQ?oc=5,bankacılık sektörü,2026-10-07T08:14:54.784617+00:00
2026-08-04T07:00:00+00:00,Piyasa Göstergeleri,"Dolar kaç TL oldu, Euro ne kadar? (4 Ağustos Salı Döviz Kurları)",Dünya Gazetesi,https://news.google.com/rss/articles/CBMirgFBVV95cUxNRXVhZ0JTWDl1R2pBektpalo1ZXI0Q3pydmVfaFdQRWZBOFl0cWw5MzdsNVl0LXRac1I3LV9rc09VOGxjNHZENGZDd2tOTEtqdTkzNDhZbF9kdU9yNG81YlJ3dmN0UnZ0ZHAzWDhQMXQxVUlIbExhLXZ2YTNNdS1mNjB2VFFwZktMSnR4M3ptM2NqdjBIMmtOYkRXaWJDRlNwMWRxeHV5eUNURUdxUkE?oc=5,dolar kuru,2026-10-07T08:14:54.784617+00:00
2026-08-04T07:00:00+00:00,Piyasa Göstergeleri,Dolar ve Euro kuru bugün ne kadar oldu? 4 Ağustos 2026 döviz fiyatları…,Bloomberght,https://news.google.com/rss/articles/CBMirwFBVV95cUxPc1JuTUg1azhreGJFUEtnYi02QVhMTEtESDFBaGNSSzRIcklFMGRfLWFjSmpwZEVwVVB1MjVHSFVzcWVZVHBMcjNacmlwNU5TUGRHQWtOaDF1SzVLa3J6TUJ2RWVnT3JoZTBMVXlNQzFYSXVfVkMzbUlaMGtjTXlqeVNxVXZlWUkyb0tOWUNaRlpOQ0xHVUkwZU5zVlA4Q0FXdWFvbFk5QkF1c1ZmSEQw?oc=5,dolar kuru,2026-10-07T08:14:54.784617+00:00
2026-08-04T07:00:00+00:00,Rakipler,"MediaMarkt Türkiye, Yeni Mağazasını Sivas’ta Açtı",Maxi Haber,https://news.google.com/rss/articles/CBMif0FVX3lxTFB3VV9kOU9UbzUxVGVjdWlTSEIyNFJlSlJYclFTYUVZYWdPVUJ3bkhmZlgzVzNZN185OGJQeXVaNDU5QjJBY2FydTI4b283czROWDJGTEpHOHFSeDg0dGNSTXI2UHh4T1lJR1ZHcXEweWdncURRZnU5QWVhZGNJZVk?oc=5,MediaMarkt Türkiye,2026-10-07T08:14:54.784617+00:00
2026-08-03T07:00:00+00:00,Piyasa Göstergeleri,"DÖVİZ KURU ALIŞ SATIŞ FİYATLARI 3 AĞUSTOS 2026 || Dolar ve Euro yeni hafta nasıl başladı? Dolar, Euro, Sterlin döviz kuru fiyatları ne kadar, kaç lira?",Bigpara,https://news.google.com/rss/articles/CBMi9wFBVV95cUxNV0NOMUIyaG12OUxfR000Q0s1VUM5dDNyV2ZRY0x4RUI0WjlBckNENzZ0WmgtVW5HaEhQQnNxRnROejJnWnRYTkVvNWhKUEpMbWdpbW9uNVVreE9iWWZ6cUg5c0dTU2tIM0U2TlBsOGFCQkF6OXgtS1l5UXVOUGtJTEJxWXZSVVVhY0VFZE40RExZYVJOUWlicjBhZ3pPQWtlN19nN2VSSFIzT1dEa0FZamt3S0pIVnlUOWJ2N2hJd2IzVTlIZFRwWDZwREMtSlktX3NqbTNJbFJhYXc1VGxwU1RoTFAybGMteFlyc3FPc1Mwdzl5aGVJ?oc=5,dolar kuru,2026-10-07T08:14:54.784617+00:00
2026-08-03T07:00:00+00:00,Perakende,Türkiye'nin beklediği market satışı gerçekleşti: Perakende sektöründe pazar payı nasıl değişti?,CNBC-e,https://news.google.com/rss/articles/CBMiygFBVV95cUxPeXhjMk12ZHJHYUN3WHRndlhMTDV5R0tERGV1VVlKd05wRnhlZHk2MUZtdkhsWkU0b1dwUk9rcXNCSEJrbG9JWnZzX3dXVTdEYXhwY2xfVXlpWkx3aE03WjVYS3RCVFdMM3pqODdVMW5pcE1uTW81M3dLeTNJek9pMXFFRFlHXzczaGhxU1N3NkZtOW1xTV9USWZmVTB0dGVFbGlfeGZ2SFR5RlI4NmxfN1BIbVBKYk56c1lWSjdQX3VyNHZhbHZxUW93?oc=5,perakende sektörü,2026-10-07T08:14:54.784617+00:00
2026-08-03T07:00:00+00:00,Kartlar & Ödeme,Dijital Türk Lirası Projesi’nde 23 proje üçüncü aşamaya geçti,Fintechtime,https://news.google.com/rss/articles/CBMimAFBVV95cUxPNGdrMFJQNktDREZMNmhDaUVKRThib2xmbG92d2pLS1pPWHYzcVdXQXlGUWh6cVR1bkJiSjBKdDRWM2VNQzdCaFRqOTdQNTlwVVM1QUYxc0VNQjB6OC1EbUdmZkJzVEpnRDVXbUh2dl82NnlUc3BEV0tsZDhuM21WRW5hUlpoM2tsQXpNcUFCdm5uRGRhOVZPdA?oc=5,dijital ödeme,2026-10-07T08:14:54.784617+00:00
2026-08-03T07:00:00+00:00,E-ticaret,Edirne'de İnternet Alışverişi Kabusa Döndü,Edirne Haber Gazetesi,https://news.google.com/rss/articles/CBMigwFBVV95cUxNR3I5LVRPVVJOLU9rTGpHX0lYbHBVOG4ycXAyLUVqNkg2R0c3YzktYlVwT3hETElENVg0dnlxSU9lRVlmSHlYV1pkWHYxSGo3SGMzNUd3UUx2WTZHMkVGQ0p1T3J4U0pubHlHc2Q2cklNWXFfNUlDRm9KUmViNDRiTEdXWdIBiAFBVV95cUxPanE2MlpkUFZqc1VZRjJLdUJuN1hqZTNLY1JZUGlGZkQ5QzF2VHpITFRVNVc2OHJLekZmSUVNNnpqSlBiRS1ZdG1WZFdqRXA2alpFc2tHMnNjQlZ4VDlLdnIybVNOMGtTbmUzLS0ybFZHR1Y0LVREbEpRclZYWU1LY2ZyLTR0TEZO?oc=5,online alışveriş,2026-10-07T08:14:54.784617+00:00
2026-08-03T07:00:00+00:00,Piyasa Göstergeleri,Dolar/TL’de son durum ne? 3 Ağustos 2026 Euro ve döviz fiyatları…,Bloomberght,https://news.google.com/rss/articles/CBMipAFBVV95cUxQOWNsN25nNlREM3BHckpNSkx1RUpaUmZTbTh0ZHhTNDNwbC1sR3lfNGNSQWRHN29iWllFcXlXRHBBa0U4dVlNSnc1bm0xTnBDM2F6N3RUVV9sRlY5VGNfOXkzbENpVHhiYjUwaloyZS0yUGJMc0RvZXdTeWwwd254ejFadFdRLVotcm1NWjZacmM3RmlIeXpZR3VKOUktR05BSkZTMg?oc=5,dolar kuru,2026-10-07T08:14:54.784617+00:00
2026-08-03T07:00:00+00:00,Piyasa Göstergeleri,"Dolar kaç TL oldu, Euro ne kadar? (3 Ağustos Pazartesi Döviz Kurları)",Dünya Gazetesi,https://news.google.com/rss/articles/CBMitAFBVV95cUxOYjh2T0NkeU0wcWh1S0Q4OHl5dU5XUEdIc0xNOXVPNFFUODlBdnNwM2ljQ1VGWURvN2hZdVRPZ2J0bndZN05PdUdIRjZuMlJiMFZHc1FiMmxibTcyTUlpUVNfeGRENFFJYTQ2WVpVTXZYVHZlbnpvUEk1TUcySlZoNDJVaDR5MDNVd3ZRUlJEYkUyNm03cUlnby1OMmUybU9KR1RHQzFRMjZOamF0U0lpWlNCNDc?oc=5,dolar kuru,2026-10-07T08:14:54.784617+00:00
2026-08-03T07:00:00+00:00,E-ticaret,Çelikkayalar Online’dan alışverişe 150 TL anında indirim fırsatı,Konhaber,https://news.google.com/rss/articles/CBMiqAFBVV95cUxQd2VhWFM5bXFZQnl4U2xFRkhxTkt5cHR0OGhzVkg4dmZUYkdxOE85dkNMemQ4S1Q1Q2J6YV8xcHc3ZUhvZUxLU1dkM2xqT0JaWGVEOG1oMlpXaTQ3Mmp1LVYta29wdGtfTzV1Tl9iQ2FtZUxvQ2RVMHRjVnpNZ1duNW9reDk1RVBlempjUEk1ZDdfdWxBMzZVZ2owd1FOWDNCNExxQzAtNlI?oc=5,online alışveriş,2026-10-07T08:14:54.784617+00:00
2026-08-02T07:00:00+00:00,Perakende,"Rekabet Kurumu'ndan ilaç sektörü incelemesi: ""Ön rapor kamuoyuyla paylaşılacak""",CNBC-e,https://news.google.com/rss/articles/CBMiswFBVV95cUxOcUpSOG9QcDd3eWdHT0VGTGZhYUp5bmVTN21jRTZxMHl2amR1Q0didndEc0FIb2FZYjB4aDVBQ2l6RGEzRl9aLVUyWE52QWYtVlBYcmRPLTFqTlVMN2RBN2pUVEtpdXlJaWpBd0tDYnRWalpPN2pLdGFiWjZQUFNYYXc1VjRsR3p6MEh1TXFqd2prMWhQeUw3TXNhcEZpOTRmZWNrSUNHTk9wSWwzX2l2b1FyTQ?oc=5,perakende sektörü,2026-10-07T08:14:54.784617+00:00
2026-08-02T07:00:00+00:00,Rakipler,"Sivas'ta teknoloji rüzgarı: MediaMarkt yeni mağazasını açtı, 27 kişiye iş kapısı oldu",Saray Medya,https://news.google.com/rss/articles/CBMiwgFBVV95cUxQdkFFQ0FxY19iNlVLYTZUWEJIeDhXdTJUY2dwWVgwNzIzX2c3NGp6NUk0U21LZFBZem4xakdHMXZWOVdpbFhraGpnMWdhWlFCaE50clFsSUxsMGYzckFydnlSeFlpejZVSDN4YXdtYUc4b2pPaV9XZ3dJUGpkdkxfdzB4SlMweTM3UnFnUjZDZElmUEl2ZVBWM3djWUs0QmVHc1R1SEY1SDQ4V1ptZU9BVk1fc1cwSWZHYW42OF9xUHQ2UQ?oc=5,MediaMarkt Türkiye,2026-10-07T08:14:54.784617+00:00
2026-08-02T07:00:00+00:00,Kartlar & Ödeme,"E-Devlet unutulan para sorgulaması başladı: Unuttuğunuz paralar ortaya çıkabilir, mirasçıları da ilgilendiriyor",NTV Haber,https://news.google.com/rss/articles/CBMi6wFBVV95cUxOdFZha3hVM1dYSWJTTXZLSDl6SWFtbF9sNy1EU0lmWHZUR29yb2g2dFgxRDFpZjc1V3FyVG9henV6RE5hR1hMZ0QzSzUtNmwybTZQVXozcDh5UTdGbmp3OEp0NE1vaTFZU3hVZUJua0tWYlNNUENfTXF3UzNYY3AwazA3cTVfcVhENElwQnJkY2gyQ1hocWJrWENWWXJxUlB5OFBZM1RXdThrMFF1WU9YU3pjZEZ2V0tyaGJMdjFZczBWbHlRYnRFUi05ZDNaQkpvOFFXSTNBblNCd1dUdnVnWmdvTDNZZzBUNnBr?oc=5,dijital ödeme,2026-10-07T08:14:54.784617+00:00
2026-08-02T07:00:00+00:00,Kredi & Faiz,CHP'li Gürer: Vatandaşın yılbaşından bu yana bankalara olan borcu 1 trilyon 43 milyar lira arttı,T24,https://news.google.com/rss/articles/CBMiygFBVV95cUxORjBrbEpGTEJPVG9zOUs5ZWItR1lhTmhRSW01MHhNcmRjRVFwRDZ6QnJ3dGw4SWFhX2poNVNhVHFZTDRJb1pOWklMR1lqTlIzR1B1WkhjR0d2WE4wVGd1SDZaYm9rOFM5LVVKWnpkd2JkVk1MQWVHcS1jZ19vNTJPd2phWlpuRllBMUtBNXlHTlVzd1FEMnh3Qk9TSm13UHVrUXc3SUpRLUZwVG8wYi1IbWtvdWRNTWlqVU1tWlIza3A4dzg0T2FNUU5n?oc=5,tüketici kredisi,2026-10-07T08:14:54.784617+00:00
2026-08-01T07:00:00+00:00,E-ticaret,Bedavaya alışveriş çılgınlığı: Dopamin aplikasyonları,Gazete Oksijen,https://news.google.com/rss/articles/CBMiowFBVV95cUxNMnZLbjBTREdCdHRRdXk4aXhhdHhzdFJxdmVsWVFEb3Nob1dFdDVFRTJ3b0l3M0hNX3lyeDROaDl3NEhoU0lIU0sxVjcyRU1tNWZCU0xvcXRSOVZINElkNk1LQzRBX2tVNzZYUllNOHZ6eWxkODhkS3EyOWpteTl4VF8yR3VzN2sza0tyZURPOFVtdVcwV0tBSnZ1MnhLaXJ4d3lJ?oc=5,online alışveriş,2026-10-07T08:14:54.784617+00:00
2026-08-01T07:00:00+00:00,Perakende,Dev zincir market resmen en büyük rakiplerinden birine satıldı,Ardahan Haber,https://news.google.com/rss/articles/CBMiogFBVV95cUxPbnB0cTVNeVZldWlMNWhfd0FEMlpWYkVUeVdQYzJYZ1RHak5rWUJxOWNaSjZzRXljc2hkaDR4eU9TYzVHUjVOX1BwY3NCY1hLTEZDVW53R1RrcG16ZEVIUVJaME50M3dOS0ZJeFJHcERHTUt5VzJDR2RuMXNTbUF3WnZxWW8tQllueTJNVG9jdGdrRXI4cGdkWnp4REVKT1c3OUE?oc=5,zincir market,2026-10-07T08:14:54.784617+00:00
2026-08-01T07:00:00+00:00,Piyasa Göstergeleri,"Beyaz eşya sektöründe alarm: İlk 6 ayda ihracat yüzde 19, üretim yüzde 15 geriledi",ParaMedya,https://news.google.com/rss/articles/CBMivgFBVV95cUxPaGlWLTBYbUNRZ1ZPTVZEV2hNWnNEY0ZIb21lRHpuT1h4cXg0VnFKN3U5TU9wa3NvTUd4SmJnaFFJeHVaRXFiV1FzbnZNMTdsMHpyZ0VRTndFMUdTTVZpVHdyRnFjRG1OR0s5R1h5ekNpblp6WlktaWtFSkR0UHZXYThmSGdrZExsTzZFcjhhNDZsamQwaEd0clFhOFN2NjVuaUExU0FBb2lOM3EtOVU1czBFMVREaU4wZDhYbEp30gHDAUFVX3lxTE1MVk5rd001dEllSWdGZlVsTDFMT3hEaGdaUkFDdjBrc0Q2cmFHWmNxTzlnYWdCZDJfcXJmWlRsc2hoOW5rY3haMEtocmFZdV80a3lBbHFmM2htZjEzYWstcFltMkQzU3pGaU9qdVhxdmdfZE1jNmR2YmF1MWpZSmMwV2FocllNcEhDcUMzQ25wMVI0N1JWeVhNMk9jc3dkeldGTzc4bkd5QlJ2X1ltRjFHVHFGU19NT3p5WTdFT25pX3RMUQ?oc=5,beyaz eşya satışları,2026-10-07T08:14:54.784617+00:00
2026-08-01T07:00:00+00:00,E-ticaret,İnternet alışverişi ve sosyal medyada bu uygulamalar bugün yasaklandı,Sözcü,https://news.google.com/rss/articles/CBMipAFBVV95cUxOZHRZa3NjbWtpMW9pdzcyTDRhOTRmOUkwVjd0R0NCb2IzQUtOWVBZZGhXQXlFazA2MDZVZExtdGdNbUROWG5FSVR6eFZPM1A5RDluNmZTd1lFZXEwSmtwT0FWd3dzQW5jNnprc2dROWppX05NY0ZmX29kWUNKajRjQU42a3NyUXZ3LWltSTVYWldHZ2VPV2prWmxHZVVxSlItWmlWeg?oc=5,online alışveriş,2026-10-07T08:14:54.784617+00:00
2026-08-01T07:00:00+00:00,Piyasa Göstergeleri,"Beyaz eşya, yurtdışı pazarlarda rekabet için destek bekliyor",Ekonomim,https://news.google.com/rss/articles/CBMi4AFBVV95cUxQdHctV0RKM2NuckExUEc5aHB2YV9CbzJleENLa01rNS1LdUhrVmNQdUZCOWpSWnFUN01vNm9LcEVvREQxZjYxbUkzQ0prMmViQll6bXVRazJEbGFrY0kwUjhhUjRWSndyd2QwcnlnMjVrRlBfTHhXTjNPaUV5bWdURTZBSlNGd2N4UUVMX3ZUVkpiUXZJaXVUYnpvMUhFRGpqcFZ6X1N6Q3IyN09WVGVnc3paYW0xVUd4U2M4U2NJeUluRl96dkpxRFpWQ3FyQ2JvQUtzbDItSFhrbFk5S1RQYtIB5gFBVV95cUxOR0JVSENwT0lWTjZsWDQ1RzhaeDJuYmNDSkhmVDRkY1hTRzVjLVFUR2FUOXdaaGF5V3k2NUhraXJlTHlzNXNrUEJ2MFJjamd6WURuaFdCTm5VS2VwY3VKTFNKRDVFQkN2RkpxVl9Vdk5TeHNTNjBTRTBLTlhTZ0NReHpGUlh6ZmdZUlpBb3BkdkVnZ252NjlmWUtWOHVJbkhUOFp5OUU3VHFHT2kwdXhBc3RGYjBjMjl4azE0S3hVQVVVak9hcWd0R1hoT3p4YjRsSy1lQ0N1ZnpiM0h1eFQyYnVBM09DQQ?oc=5,beyaz eşya satışları,2026-10-07T08:14:54.784617+00:00
2026-08-01T07:00:00+00:00,Perakende,Tokat'ta da Şubesi Bulunan Dev Zincir Market Satıldı,Niksar Danişmend Gazetesi,https://news.google.com/rss/articles/CBMilgFBVV95cUxPSlVyWGtnQ0U2REE2RzBRRDVfbERqY19GeE9ZS1lwMDVhSm02Mjg3QnpWWXY0T25XWkR2eHlVdllvNldhQ1FQUFc0WWVUUEJWZG9tckNVd0ZoY2RDajVNUTRHSlI2UTRZVEZuQlliZU9nbUJ1cHN5X1A5VF9LME5GeHRlWkpVbnA4UXF4aUZFS1loTjlvcGc?oc=5,zincir market,2026-10-07T08:14:54.784617+00:00
2026-07-31T08:54:29+00:00,Rakipler,MediaMarkt Türkiye Sivas'ta yeni mağazasını hizmete açacak,Anadolu Ajansı,https://news.google.com/rss/articles/CBMirgFBVV95cUxPRGdZWG4tYU5fZDdhOVlWSkhiQl9YdVVLM2wtUFprQUtjU2pPdGpaWFRXLVQxSG52WV9xX3dRSDBDNndFNmtxeks2OTkxdFlVU0pKOEdtZ2RtLXdLV19FeS1acU03OHoxMjBCaXN2NkI5bFZRS3JNR3VQMzZ1RFBsTUhGdHluVkJ4RFIyaU9ka0FMdWlOYTR4Q2RQYndCd01BR0RwYVFuZ2pPUEoyeHc?oc=5,MediaMarkt Türkiye,2026-10-07T08:14:54.784617+00:00
2026-07-31T07:14:30+00:00,Rakipler,GG Arena by Teknosa'nın üçüncü açık eleme etabı tamamlandı,Anadolu Ajansı,https://news.google.com/rss/articles/CBMirgFBVV95cUxNOWFnM3RfWTVnUWRpTWpNd3BwNW5WelpvQVVILVY3Wk54TXpVcWc5V1RBd0p5SUFCMDNNTkE5OFlzQVFRZkxRRGR3R0g5RG9aUDlZeFdDRG8zemx3cVlzWFNfVFhnWUZmSmVMX1hQd0JtSG02ZFUtdUdEdXo4OXFTOHByMl9mR0tyUGIzdjdxSVVMR1NuWWNTX3hscUlQV09ySjhyaUZKLURXN1M3b1E?oc=5,Teknosa,2026-10-07T08:14:54.784617+00:00
2026-07-31T07:00:00+00:00,Kredi & Faiz,"Konut kredisi faizi 7,06 puan yükseldi",Dünya Gazetesi,https://news.google.com/rss/articles/CBMiiwFBVV95cUxQcXZ1ZnFIQzZHRjE1WUx4VzhzVFd6ZXBoU2EzdW9ueUtaejByM0ZlUkpLbGVvcjg3QmxwLUdGdnVLSGdNaWJaY29lbFZLSC1vRjhnX1ljY0JVRnZVMm9KamYzaW0wWVJjdXZ5ZzRTMUR4TWQ2Njh1d2FDOVVDRlNOWVpLYjdSOGpjNlA0?oc=5,kredi faizi,2026-10-07T08:14:54.784617+00:00
2026-07-31T07:00:00+00:00,Kartlar & Ödeme,"Motorlu Taşıtlar Vergisi (MTV) son taksit ödeme tarihi! MTV ödemeleri nereden ve nasıl yapılır, saat kaça kadar ödeme yapılabilecek?",Uzmanpara,https://news.google.com/rss/articles/CBMilAJBVV95cUxPUHdmWjlOLXhhOGswMEpMVmVBeVJ3dllYUUFpTnJHOVp0SjBOLUJVOHFjbHRWeGpfcWZ2eGRoVjhHWklhX0twNjZLN0xYd3lZT3NVLV9HVC1TUmF1ZXBlSVY4aWJCd1p3YWVpWVpJaFN4bXZ5YjNwUDhMU3EySldub3BGWGt4NEI3dVlQeFNHR3BHZXl2YjE1WE9IbTdUS0VhWUl1dVFsM1JZOHI0cS1DM3o2VnFCTXgyUTdpSVBBWWE3ajg4VlJIa0NGU19VVUlGNE5kSVd0alNVZzd2TXpacnozSWZjN0NGQnlYeHVQNVNoV01saGJwaWN3dGlxcW11UVNiclE4VU52SHR2M1RCZXF6ZFk?oc=5,taksit,2026-10-07T08:14:54.784617+00:00
2026-07-31T07:00:00+00:00,Rakipler,MediaMarkt Türkiye yeni mağazasını Sivas’ta açtı -,AS TV,https://news.google.com/rss/articles/CBMijwFBVV95cUxPZDJsZDZaWnlGM2tZSXpDcGtpWC1VUUVYb21wbkxNRWFVcjVvTFVsaWU0MV81bTBpdDI3WVNoUncyZU1TV1VhNTVVd2xtMlRVdWxqaVJ6cTZJZ19YNFVGckNxaEZzZUYxVlBBZVhFUVlBcXFkSWhuaFQwNVJkam42VHFQTkRoeWFMVGlod29HOA?oc=5,MediaMarkt Türkiye,2026-10-07T08:14:54.784617+00:00
2026-07-31T07:00:00+00:00,Rakipler,"MediaMarkt, Sivas’taki ilk mağazasını İva Park AVM’de açtı",Technopat,https://news.google.com/rss/articles/CBMimAFBVV95cUxPT0swWUJ1ak9oUWxyZkp6elVBRU0za0kxSHFiNHVKS2J3aVAxd0J2LW5BbmF6a3BDQlZHLXAwWk53SWQ4V2szeUVTVm4xM0RuZXRtN1pLakJXaU5BeEJ5NElNTFZRWnI5M3dEZzdKbUZpSlpETk9QY0dkSWNZVmRXRW5OWGtaSl9ta3BiQ2EzQmI1QXg0Rm1lV9IBngFBVV95cUxQSWxaMWw5VjFQanBOdF8wNXE4UG9jOTFxV1VKWm85T0VoM0xLTTJORVd0c3I1ZzVfbFdPWWFfT2ItWDhya05qSFNIV21SNm9lT3pacFdyOUt5ZnNwRnhqejdfOThqM0dtTFFhUmhoUFBGa0lHZGNtWDc3TmtNNy1UOEhMcktNQkhQZGdhYV9CT25iSWNXblZ4RXdaQTNsQQ?oc=5,MediaMarkt Türkiye,2026-10-07T08:14:54.784617+00:00
2026-07-31T07:00:00+00:00,Rakipler,MediaMarkt Türkiye yeni mağazasını Sivas’ta açtı,DHA | Demirören Haber Ajansı,https://news.google.com/rss/articles/CBMikAFBVV95cUxQQ0ZMTWFtbXNDZWFDM0ppSFh2VzYtalo0MlJPa0gwZTdTZDJTaGZTZ1pvSjlZTUktamxwem5Fd0Z5azI1QUJBR2Vac3A1UnE2eUp1ZmFGQUJ1SFhRdHhYeHhocTJ6NmhBQWVKTWhRZDdMel9rYU8xdWl1WVpSOTBaVmhfbWNFNS14YldZbi1RVGw?oc=5,MediaMarkt Türkiye,2026-10-07T08:14:54.784617+00:00
2026-07-31T07:00:00+00:00,Piyasa Göstergeleri,ABD'de tüketici güveni savaş öncesi seviyeye döndü,Bloomberght,https://news.google.com/rss/articles/CBMijwFBVV95cUxPUlM5UEFock5YUXhEel9qQ0kxYXdUbEVvdHl6UTlObFR2bVlHQWh5OEZvbXRDaHZHVFlSd0R6VWh3bFhiX0ZaVzZCS1E3QzA0NTRvM1pNRW55YTNFUW5jdWlTYUxDbmV5OHdYY1RhSW4zYTlTd2NXckRjenNWM0N3d01jM3NRWnVZNUt3ZDVyMA?oc=5,tüketici güven endeksi,2026-10-07T08:14:54.784617+00:00
2026-07-31T07:00:00+00:00,Rakipler,"MediaMarkt, Sivas’ın modern alışveriş merkezi İva Park AVM’de",TeknoTalk,https://news.google.com/rss/articles/CBMilwFBVV95cUxOMnlGelo5OEZnUjVzVFFhMC1iRTNwOXYxWHItYlg5Q1RGZjQ2dmxrRkQ0Yjh2TVJuRXpUSXp1N0JBd2x0R05aLUIybk1RT2xzUDNQMk5PX0JhbWpNVHVrREVtYzkxdVZMdHRvYmVPR1Nibk5MRFlRUkw3NTRleUluWjZlX3oxOTUwMG1oaHVLSTZLYkhDSThz?oc=5,MediaMarkt Türkiye,2026-10-07T08:14:54.784617+00:00
2026-07-31T07:00:00+00:00,Rakipler,MEDİAMARKT TÜRKİYE YENİ MAĞAZASINI SİVAS’TA AÇTI,Yozgat Gazetesi,https://news.google.com/rss/articles/CBMiqgFBVV95cUxNa3lzdFVNMzFrdV9GalkxNERtcmg2UGt0UVZLbXczYjFtZlROU01mOXBFYzQ1Yy1MRXozV1RLd2hnNF9oSWFadnBhSEtGLUhWVm9od19NRVlIX1BRclB5TVk0Rm9SZDhrWlBzcS1NWXA5SmNjSlZyVlBHcHMwT3l5Q2ZZdnVKWUVRTFRmWkQxYXpxbUJUVDZ4QmttVGdQV1FjN1ljbEY1U0o3Zw?oc=5,MediaMarkt Türkiye,2026-10-07T08:14:54.784617+00:00
2026-07-31T07:00:00+00:00,Piyasa Göstergeleri,Beyaz eşya sektöründe ilk yarıda ihracat ve üretim geriledi,Ekonomim,https://news.google.com/rss/articles/CBMiqgFBVV95cUxQR09VUUJUY2NjUDZjaTQzY0pycXdUSHRSSXBvTDBxYmg0RTVYQWVyS3hjYWhFN01ZUWNOb3NvdzMyRVlmTzIwTG5QSnlqN19BMTRlcG1XNzFWY3lfLUNSS1IyallnX1lzbFZCeWs3VEpDTEpzaXhaa1E1cmszaWxpc1p0dHZPOUJfelQzTkMxd3BfU0szN1RER09KVFhScVJ3YzN2dVM5N1hpZ9IBrwFBVV95cUxNb29lMlhkWnNaMExoUmtDMHFrWjB1eklCVjZNVVlvckY2b2NoeWJYam9Zb25hcVhFMVotZUxQcW4wQ0Y2cnlVXzRWZ0VLc2ZDV0RkbGFXeDhpUHFBTmd6TTJDNmxxN1dOYllKY2pmMzV4OWZUZk1ESU9DVGI2OHdRSS1pQWlVWDdFQlFJY2s0M2Vlc3AwMHJGZFpxMXBvOEJhdDhIYmpKRjZKNVF3OFFv?oc=5,beyaz eşya satışları,2026-10-07T08:14:54.784617+00:00
2026-07-31T07:00:00+00:00,Kartlar & Ödeme,MTV ÖDEME TARİHLERİ 2026 || MTV 2.taksit son ödeme günü ne zaman? Gelir vergisi ödeme ekranı,Hürriyet,https://news.google.com/rss/articles/CBMiyAFBVV95cUxOZ1V3VnhlOVJIQ2lKRE1JZkV0dkN0ZjdSbi0wODJzNHJKeVUwU3VTbkgzeTNhMEI5VF9LWHhJSndweTRqdUJfdUw5Rml2cmZWTWZKMHRHck9KcVRDZnAyVGl1ek9OWldDQVdRLWZvM1J1a1dNUlM2TXZXMXNLVHJ5Z2x5WFNlazJxMTF1NFM4X1RFRmdicDRRSTZwZndmS3gtaFRIbGQtUWtJXzVoNkxxbzR3eU05Q21ueDZ0NmNOV2lZVmxGaU1KbQ?oc=5,taksit,2026-10-07T08:14:54.784617+00:00
2026-07-31T07:00:00+00:00,Kredi & Faiz,"İLK EVİM 1.20 FAİZLİ KONUT KREDİSİ SON GELİŞMELER TEMMUZ 2026: İlk kez ev alacaklara özel İlk evim konut kredisi çıktı mı, ne zaman başlayacak, kimlere verilecek?",Bigpara,https://news.google.com/rss/articles/CBMi1gFBVV95cUxQemRscWFmSWxSMS1jTFhRdWs3UTFDdGhlTjgzNVhFcUJvaGdBOUVLbVBvXzk3d05Icm4yRVQzc3p3dmNVZGNITXV4WDNId1duNjJmbHhsYWRFTnphNy1WbTZYWl9SVFF1MVMwZWlRSWJTeGZZekl2TW9KZDM3Wk80VGM1R001VU5NalVjdXBrN3d4Y21lc2JkZ085U3ZwM25melVJdG1FLW5ZcXlmRmF1Sk5icHN6OFlVc2RyUVYwbjNiUHlzSU9jZjkwR01MZUJKTnlWVGx3?oc=5,kredi faizi,2026-10-07T08:14:54.784617+00:00
2026-07-31T07:00:00+00:00,Piyasa Göstergeleri,Beyaz eşya ihracatı ve satışlarında daralma sürüyor,Bloomberght,https://news.google.com/rss/articles/CBMikAFBVV95cUxPUWdrd0lSZWhsc0E0UlFCVUlDTE0tbVFjV3p6RHo0Y1NrOEEwRl92NTFna2IxVU1jMGFDcEx5N2JCcDhMSzNTWmtsMGM2WDBIVURhelFRcTFFNTZuY01COVF0aG9RVmdTMnhJRjBfd1RBekNVa01nQ3oteEZneVlrbVZYSFpRMTNJM3hHU2I0VE0?oc=5,beyaz eşya satışları,2026-10-07T08:14:54.784617+00:00
2026-07-30T07:00:00+00:00,Kartlar & Ödeme,GİB’den MTV 2. Taksit 31 Temmuz Son Gün Uyarısı,Alomaliye,https://news.google.com/rss/articles/CBMiiwFBVV95cUxNanpGX2dCTHUzQkhIUks5aFJRWDFITFNxYktLLUM5SFZZZ1FfM2dXRGlzclJVM2hiUFJlVzJmeUowZk5QQ01Dc2hIc25obExrdXdWYWxwRUxoZDBabkhlR3FsQXhrVmduaWg3WndIMUVTUHlqbTAyVHlpOTlEVzhwVzFJbXVyeXVra2hn0gGQAUFVX3lxTFBlVzdkQUZMZTgwNjZQbjJQQS1weEpKVXFwQTFlVEFaMUNMSlliSS1TV2VELWx6N3h4MFJBcmVGanl2T0xQZnhVSDRhOHVhUXRqWVJpWVgzZXlBTU5NTjVRbDBBZjg4WWhwLXpjcmljR01LRl9pODNrc1RxcHg0NHFYN2MxSFM4X3NxREFWcHBKNA?oc=5,taksit,2026-10-07T08:14:54.784617+00:00
2026-07-30T07:00:00+00:00,E-ticaret,Rusya'nın en büyük e-ticaret platformu Wildberries'in hedef alınan tesisleri,Anadolu Ajansı,https://news.google.com/rss/articles/CBMiWkFVX3lxTE1sWlN2dFlYdDBPTlppZkNOZWR2a0dPT0VsaWUyYldEbDNRdkVQVXBLQ2c4VWJwZGZqTkZVUk0waGF3NlpEUFpSR1pZUlVMN1AzMmlQU0l5eHl4QQ?oc=5,e-ticaret,2026-10-07T08:14:54.784617+00:00
2026-07-30T07:00:00+00:00,Bankacılık,Commerzbank: Türk bankacılık sektöründe kârlılık ve sermaye baskısı artıyor,Investing.com Türkiye,https://news.google.com/rss/articles/CBMiugFBVV95cUxOd3czaVFYTllhdVBxTGFwYV9SR3VtblloUE91RDZtaWdUd3lTR3dKV216S0NsTGxSUUpsSHhZQWZxYlRIVkVCdEJZQ2pQTW5KYW93MG84MG84QjFYMTlfdnBoMUlGb0FkdWpSRE9TZUhNenZDcW5BQkRFQkc0WWZkUGVYZWlrbEN1SllZMHJHTzRZU0ViUU1HaTlQOVhjOEJ4cC04SjlWdVZnWjY2S0NpbndybEdCRVZsYXc?oc=5,bankacılık sektörü,2026-10-07T08:14:54.784617+00:00
2026-07-30T07:00:00+00:00,Kredi & Faiz,"Photo by Edirne Gazetesi (@edirnegazetesi) · July 30, 2026",Instagram,https://news.google.com/rss/articles/CBMiUkFVX3lxTE5sMTNGeHE5NWRTS3JzazdnblZlMjNpQVI1RUlfZWUyMzBHS2drNGh2TUQwVUdTSU4zaDVuS3V6V2EyUXdXUVdCcDJMaUVnYmc2WFE?oc=5,kredi faizi,2026-10-07T08:14:54.784617+00:00
2026-07-30T07:00:00+00:00,Bankacılık,Bankacılık sektörünün ilk 6 aylık net kârı yüzde 25 arttı,Bloomberght,https://news.google.com/rss/articles/CBMilwFBVV95cUxNSzVvTnByVGNPS3RCb3Jna3VTeENheTVFOFRmM3RMbTBadmJrSjNFRURpMHpsM3JxSGdYOFRjR3BuZWk0S0xpNmFobnJQUHBIOVUyVFk2b2R6REl3Nlp5RV8ycjlYYzZITUtoMWc2XzZwZ004MUUyakVhSFdMdkFxVVc0b1JJMnhaX0xINEFtaVRLVHZGZ1o0?oc=5,bankacılık sektörü,2026-10-07T08:14:54.784617+00:00
2026-07-30T07:00:00+00:00,Kartlar & Ödeme,Suriye’de Turizm ve Dijital Ödeme Hizmetleri Tek Platformda Buluştu,وكالة الأنباء السورية – سانا,https://news.google.com/rss/articles/CBMiS0FVX3lxTE1XUm1ScVdHNUl5U1IwQlMza0FHMFkxZEZ2enNva3V2emhyWVpwNktxaTlhUFN4dlJpOEJrc0ZBSFc1TjFTeEdibDltUQ?oc=5,dijital ödeme,2026-10-07T08:14:54.784617+00:00
2026-07-30T07:00:00+00:00,Kartlar & Ödeme,GİB’den GV 2. Taksit 31 Temmuz Son Gün Uyarısı,Alomaliye,https://news.google.com/rss/articles/CBMiigFBVV95cUxOZFRRYkVLRUxYN0wtNEtSNFVhZFdxYjYzUmROWnBIaHFldGZCaVNEc1JxQ3pCYmZzV0ZQbEppQkd4MEZmWjVPR1AtdFFMbG9SVVNRSDdXU2lLajdqVy1HcTVTTFJ1YnhNX0tCR084Q3ZHbE5qYlg1WWVWaXZBUDlqSkhzRlNZNVNfeEHSAY8BQVVfeXFMTnVHaXRnLUF5Z1hRTDR1R3VHWm9hdzQwWC1udVZsUTB3eE9FSk8tT0c1aDZDdTdPMEt3TnhlLUFaejh6U3IyeGI3OTV3T2Z0c1JSY0EyaURxenVVMUh6YU1nZ3FsMl9YU3RlZnh3UEVIemx0T016RWxYOVNGM1RoZjlHNk4zRV9waGo3MWltdms?oc=5,taksit,2026-10-07T08:14:54.784617+00:00
2026-07-30T07:00:00+00:00,Kartlar & Ödeme,"MTV ÖDEME İÇİN SON GÜN NE ZAMAN? 2026 Temmuz MTV 2. taksit ödemesi nereden, nasıl yapılır? GİB MTV ödeme ekranı",Uzmanpara,https://news.google.com/rss/articles/CBMi8AFBVV95cUxNR1N1V1BTanRtZDdBUDJXaW1hSUVqcVJrMHdnLWtwOUV4TFFWeWI2dDZfbXhhbGxHd0xyOGluUUVRT2NwdzFrZHpoTXVtRjlEcVIySXJFWUhsSEVtYksxZlRFN3FiN1E5c0JTQm02WVU2ZXFwN3RMbzNwUDc0VjNKcldyeWZRRHhPV0xxUEh1UWZLLXR5NFo1SHhVV0JPSTZ4QjZRaXVEVGRoMEdxRENZYkpoUDNobXNvbV9RQnNDZjd3MU5DRWpaZmVQamROdlRFdmd1OG5sSXJhc25HNE5xWVhfNndVb2hJYzhULVd2ZS0?oc=5,taksit,2026-10-07T08:14:54.784617+00:00
2026-07-30T07:00:00+00:00,Piyasa Göstergeleri,Dolar/TL’de son durum ne? 30 Temmuz 2026 Euro ve döviz fiyatları…,Bloomberght,https://news.google.com/rss/articles/CBMipAFBVV95cUxNaHREYVdvVEFmRW82bVlIMkhjNHZ6XzVGSTUyTGktSUZsOUhab1BBcl9pZUxuWTB2YzZ5RG1UdjZQU3h0NURKY3d2RU1BQlBIaEd4VjJkYk1lWk5oZGFfTHJxLWc3WFR0cmdyX18xby1HdW9PdEV5R0tObk1ZLVUtalc1dFBUa3VCVEo5NU5KQXBaZVVqZlNpV3UwbGp5MDF1NVVnVQ?oc=5,dolar kuru,2026-10-07T08:14:54.784617+00:00
2026-07-30T07:00:00+00:00,Bankacılık,Bankacılık sektörünün net kârı ilk 6 ayda yüzde 25 arttı,Doviz.com,https://news.google.com/rss/articles/CBMipwFBVV95cUxPeXM2b3EzUmJLNWpQeXVZX2Fpb1VBS0drWHpDVGplS2JVeXhVM1JnTURrd2dlWHhlSHJQR3FRdzhKNGlhMy1pdkRQSTc2bTByM01vT2pxVTRyWGxadVZnRHhYTGg0eXpuczVwRV93bm5LRWd2bVVTOGNSTENqa0VSTUlFanlZZ3gyb3JRUzhtWGR5aGhLZHZkWlZTWnI3Z2xuajRzUW44RdIBrwFBVV95cUxQek1GLXlQX1dKNjVNX3poeXZDTEo3UGx0QmpCVTgxWTF2aFJKajVQYmZmaU5ITWtDd0F0b3J1eE5OckNvbUNNZVFzLW1uRi1OTTk5UWNqeXhObWtNTXo3QkY5bFV2MGljTWtIRWV3U21SSVItdTRYOUFEZ1JUa3VIM0ZucTJPN1hhMkFrZ0ZOYXljYV9MV3hiaU9oQzg1d1k0T21KQmY2VlZQdTRZbkNZ?oc=5,bankacılık sektörü,2026-10-07T08:14:54.784617+00:00
2026-07-30T07:00:00+00:00,Kartlar & Ödeme,MTV ikinci taksit ödemesi için yarın son gün,Uzmanpara,https://news.google.com/rss/articles/CBMinAFBVV95cUxPeDhMRUY0dkkxdzJzUUx4c2JFTDV2cFpxbTBVSW5sNmVPVUJaRWpEV013bHV0b2pLVkxldEFhMHNkaS11Wm0yYjFIc09uZXBBTi1JanJjVmxoQW9RX1ViNGQ2NGRKNEFfYm92YS1EVmZxc1l5aTd2clRpNEtVMldyaXc5SnhuRzU0d1g0VlZOUWozcXpSV3FGV0hsSDY?oc=5,taksit,2026-10-07T08:14:54.784617+00:00
2026-07-30T07:00:00+00:00,Bankacılık,"Bankacılık Sektörünün Net Karı 527,4 Milyar TL Oldu",borsagundem.com.tr,https://news.google.com/rss/articles/CBMiiAFBVV95cUxNdVZ1MFFwTTdaUTFlU0pmdmFIdVY5QWYzVGdXaW16c1Q2djdWMlRtVGNhTURIRWx4eHh0bkFyRUxVQzVLdVRBOVlHNG9aZ05LTWc1Y01YdUptZVU1MmFCNGF2Z2tSVHJhcHZQV2VkclJ1bm84U2R4UXRjclc2R0lXZ21xUVJPdFVH?oc=5,bankacılık sektörü,2026-10-07T08:14:54.784617+00:00
2026-07-29T07:00:00+00:00,E-ticaret,Sanal alışveriş 79 bin lirasına mal oldu,Keşan Online,https://news.google.com/rss/articles/CBMic0FVX3lxTFBUenQxV1dFVG5VNlVhMjlwT1Y2YTV1UlpLUjVDOXJBZDBXaDNhTlBWLTdYcEFZbnFYMUx2Rmlma05ZSGxYZlAzbEVpRV9SQzRTWVVZbHlLbVYwTDBpSHJENzZzRE5jdkNjbkdZWHFKNTB5WW8?oc=5,online alışveriş,2026-10-07T08:14:54.784617+00:00
2026-07-29T07:00:00+00:00,Perakende,Dev Zincir Market Raflarında Mide Bulandıran Görüntü,Onedio,https://news.google.com/rss/articles/CBMijgFBVV95cUxPQ3BXZFJ0UmcyZFZEU0tLX2x5ZnJHZ2VIVG8zOXBqdjdJLVNLVzdDUmVJdjFjakpxcXZETlQtc3duZXRlanJkTzVaajduYjJXUkNuTmctbnVNTkQySGsxazFDZWtXaWFCa2xWQkxzZ0xEbEpiZUEzR3hHQXpaOG1BSEFidHhRYkp3OG1ZMVpn?oc=5,zincir market,2026-10-07T08:14:54.784617+00:00
2026-07-29T07:00:00+00:00,Rakipler,"MediaMarkt Türkiye, ‘en çok aranan’ teknoloji ürünlerini paylaştı",DHA | Demirören Haber Ajansı,https://news.google.com/rss/articles/CBMioAFBVV95cUxOZ0VWMXdDMnN6U2FWTUNhMUoxT3dVV1l4MGtDYms1ZWVpTG05SFFCSUM1bEp2VkY4X29Wc3NUY2wzRy00S3BmTUtLRElxSVB0bGQ0OFpXTUNEaW8wRkp3OW4xMThLbkkxV3IxdEYtR2V5SWR1QmhQSHUxTWI5dFJxVGNzeXNENTYxWUY5c24yUHRzTEpoaFdBUThiUG1NNnZH?oc=5,MediaMarkt Türkiye,2026-10-07T08:14:54.784617+00:00
2026-07-29T07:00:00+00:00,Rakipler,"MediaMarkt Türkiye, 'en çok aranan' teknoloji ürünlerini paylaştı",Avrupa Gazete,https://news.google.com/rss/articles/CBMimAFBVV95cUxOMEIwN3J4cU9iM3d6TVR6QnM4dFpUNkl1UXZ6MWotQzVrVkFXblpYWUhwVUJDcHNDdVpyWklzQTU0aV9rMldFNWlRMEJBeVI0N1B0VjFOYnRKeTFDdjc1REw1dHMwWHNzektkU1BDeTk0MWtubV9qOC0xTDlvQkVzX2kxaC04SHlWZW1jYXJtaVVWUkVKN3RTYQ?oc=5,MediaMarkt Türkiye,2026-10-07T08:14:54.784617+00:00
2026-07-29T07:00:00+00:00,Kredi & Faiz,İngiltere'de konut kredileri haziranda iki katından fazla arttı,Ekonomim,https://news.google.com/rss/articles/CBMirgFBVV95cUxNWGJIXzU3WXJYNVo0cFRnNERfeXB4Q3N0Y25Rd0xiWXZLZnBNSkhFeTN4UGNOZXdsTjV4eldYMTgxQUh1UGMxRWx6SHczVlZ3bm9CRmFLNmtwQjRUVXJKelh6Q3ZQSk02YktKTElQYm1Mc2NCX1cxdDZnWjhzMXdPVW9mM1hSa2hndFRtWTJWMF9qU0dhaDEwVUtfR1lYSFoyMmVfSWJXcWhTUTZ2NXfSAbMBQVVfeXFMTVpKdVBJVEJ3ZVR4YUNTU3RPbUZvN2dQX1lDNDNjektmMGVWZGhWcHVMNnNEQ2R4dlNjNmpoc0JPdnZYZ3ZnS0pmMWpNZ1hRZHBHOFpSM0xkQ0ZlQzAzdFpMX1hMUXVwWlhTRVM2a2RCVnpJNktDNldqTUhqTjVES0lGSy1udnRhYzBJTVFRZ2ZBeXhFXzZyaWVjM0VnVmVyNEFNN1NURE9PNHh1NjhaeGNpNkk?oc=5,tüketici kredisi,2026-10-07T08:14:54.784617+00:00
2026-07-28T08:35:19+00:00,Rakipler,MediaMarkt mağazalarındaki sesli rehberlik hizmetine ilgi artıyor,Anadolu Ajansı,https://news.google.com/rss/articles/CBMiuAFBVV95cUxNZDd0N2tDTXJHTEEwVHlub05hLU4wempTNGF3dTJkNnVtOVJUQTdiRlN2WDNkcklpV1NEeW9ZMmdYaHcyTklkLVA5eDg3OHNNdjNOZVRSOWpjVEVhTmlBcVhuSkEwSW1SRWI0UmJkRE01RmU5dE0zdzhOOWI0QlJyajFNS1YtbDk5aVRTQ3dEVlRXdksteEFXN0FtQUhvWFk0S1pmUWRiZUlfdS0zTm40QTNnMGVjR0Ez?oc=5,MediaMarkt Türkiye,2026-10-07T08:14:54.784617+00:00
2026-07-28T07:00:00+00:00,Kartlar & Ödeme,EMEKLİLERE YENİ DESTEK! Sigorta Poliçelerinde İndirim ve Taksit Fırsatı! Emeklilere Yüzde 30 İndirim ve 12 Taksit Desteği Nasıl Alınır?,CNN Türk,https://news.google.com/rss/articles/CBMiiwJBVV95cUxOcEpTeFhVUU5kcEtiWTZvNWxQa3pDRFlldjRzMWtFeW9UUE9sbVUzdmdUSXNZcUtrNWNLWEtFY0J4X25acnV0dEczQWk1YWpLNEp0UWZrQW9qMklNOEI4alZsQWFDczdMNldKNy1oNEM0eXBMTGJtZWhLMWRxWFRqUDF3SnhMcmVsaXNBaDItMnBWMk4wVUhZbG9uMklyTGhsWmQzSVN1R1Awa2RGNnFGbGRhUHI4M19lUUZWeVZ0R2djRlBWcF9ES1UxNmJnMDJaSzVKUkY3aGp6WG9abThYWVlVUXd2a0hNVThld055U2hhUGsyQndoRzlEX2c0a2FxZmNjZmM0MHl6T0U?oc=5,taksit,2026-10-07T08:14:54.784617+00:00
2026-07-28T07:00:00+00:00,Kartlar & Ödeme,Emeklilere büyük fırsat! SGK’dan yüzde 30 indirim ve 12 taksit desteği,Bigpara,https://news.google.com/rss/articles/CBMi1wFBVV95cUxPSFp3V0puYW5GRVQyZW1PengwVF9EcWtXdWZoTkg3VGlya0FneTNGUVVTMnA0Uml5VmktY01KM1FYYUpsNk9HRlFXQzFSTFNiZXhnN2dqZjg0Q18tSWJ6SVlpQ3VnWDl2LTQ4alVFT0JBVWdmaTBrYlhNM2E0MTJKZEFmOVlVMERUR0dOQ2dvN0J5Uk81aG1Delp1cDVLMzVnNVh6ZnRiT29fb3hWTUZWMVFWcGtVN0ZXV0piQ0k1eDRLNGJ6Q3VUQVRYV0lhM0lpSDVWRXkzdw?oc=5,taksit,2026-10-07T08:14:54.784617+00:00
2026-07-28T07:00:00+00:00,Piyasa Göstergeleri,"Dolar kaç TL oldu, Euro ne kadar? (28 Temmuz Salı Döviz Kurları)",Dünya Gazetesi,https://news.google.com/rss/articles/CBMirgFBVV95cUxNUkdnUVltX3gtcnBfNkFNemhmaTZQYXNiS2RhR3QyS1hVNk5DM0s4aTM0dm13UDdVZWRCdTMyZTVJY1o2VE5pLUw0WFd3aTRiQnVnWnhGVEV2ekJIN0pzMzZRNjZVbzBxakFscmdsVW9FbVk2ZG1SNy03enN1NUwwUWtzcEV6TVNMeXhPSGZLX3dZbWZtdXdxNkh4cWpSNXlHMHRDMnpMQXFxVTlTM1E?oc=5,dolar kuru,2026-10-07T08:14:54.784617+00:00
2026-07-28T07:00:00+00:00,Bankacılık,"Bankacılık sektöründe mevduat hacmi 31,4 trilyon liraya ulaştı",Türkiye İş Dünyası Haberleri,https://news.google.com/rss/articles/CBMiogFBVV95cUxNTHRPaGxMcUJKU3JOLVAxUVhjSlVJVkk2WDBGMjNBWDB2TnA3M2oyN0I3dDI2bFV5bElrUDFnVTNGUWxnSXRNLThkcHl2cTNMLU0wZkVnLWdZc1F2a0Y0Y1RnOElGdE8tZFJfOVhiTmhEWm80ZnRvNXNpcmZ2aV80UmF1MkZhZW9lVHo0MlJ0cnFXWlF0SDNEU05YaHFvb05aalE?oc=5,bankacılık sektörü,2026-10-07T08:14:54.784617+00:00
2026-07-28T07:00:00+00:00,Rakipler,"BlindLook, MediaMarkt’ta engelli bireylerin mağaza deneyimini iyileştiriyor",egirişim,https://news.google.com/rss/articles/CBMiqgFBVV95cUxOYjNBUTBsaEtwNDlSb05iUTN1QjRBQkNyYXQyUEpuNHFXYmdwV1EzZFMzWHJJR0NYOVYzMjVMNGtBaGlsc240NzRBZjE3cnNWZVpGOU9tVG81NkZVMS1MMF91a0ZVUmFiSk53RXZGMVVVQ25pWDhXZVN6eXRpeFNoSGtvWUtvNkIxTVA4YS02MXA5SFdnc0l0YzhnaHhvUDU2N19JRDF1RGZYQQ?oc=5,MediaMarkt Türkiye,2026-10-07T08:14:54.784617+00:00
2026-07-28T07:00:00+00:00,Kartlar & Ödeme,MTV MOTORLU TAŞITLAR VERGİSİ ÖDEME TARİHLERİ: 2026 MTV ödeme için son gün ne zaman? MTV 2. TAKSİT,Uzmanpara,https://news.google.com/rss/articles/CBMizgFBVV95cUxOSVUyQTFzd0Nqb3ZZaHZwVzFseHNOcElsUXpvVkU2RWp2TloteFYxNkZlLW1YYVFxVE1OUzNEcWI2cWsxS2ZySVNXLXQ2dHBDWk9wRUNENDl6c1RkZ1RQZGFtRzBUeEZwYjRrejlTbmZMQlRlMXA2SjBzc3JFUHZ0bEVKamhjRGhFSHpXdzdtcmFPQ3NvWmFoVDkyUDgta3JybUdyd1RneG9lS2tsZWJ3VHhvbG1UZ2I1eDNpT1MwU1hhdU9mSmxjVnUxcjZQQQ?oc=5,taksit,2026-10-07T08:14:54.784617+00:00
2026-07-28T07:00:00+00:00,Kartlar & Ödeme,"X, dijital ödeme hizmeti X Money'yi ABD'de kullanıma sundu",Webrazzi,https://news.google.com/rss/articles/CBMikgFBVV95cUxPMFk5V04waDZwMW9BLUdFVV9PLW9lTGNlSlRVNG5ULXlaRXFnMllTeExXa2VDNnM2TW5pcjJpa002ZHRhU2xlczFDYmc4cmRrdGVjaXlzM2xtTlFqWHVfQmJuQ3FyaUViZ1AyS1p0bDEwdDZRSXV5TXU1VTBsZ2pMdGw3aEgwT2VCVS1sNkZmYXhNZw?oc=5,dijital ödeme,2026-10-07T08:14:54.784617+00:00
2026-07-28T07:00:00+00:00,Kartlar & Ödeme,Dijital ödeme devinde büyük değişim! Binlerce kişi işsiz kalacak - Finans haberlerinin doğru adresi - Mynet Finans Haber,Mynet Finans,https://news.google.com/rss/articles/CBMitwFBVV95cUxNdWxIX0VCUWE3WjZ0ckIwV3RFRS1URG5UUWEtelRXS3NzMk1CTTFhZGNBa3hWMHQ1UmFCSUZvWG5oWEFfd2xJTjhEeFlCUXVnNFMzSU5Xdmg0QUszVWQyMEJMbWpuWnZSMHdZU00waXFfM0NRSEVEVlc4c01QUngwRUxON2pEWUtoR3RBMW5HTy0tWVo0RVhaaEZ1dEJQeks2Sml3TDBpc25yaWU1dnFaUi1WSHZneFXSAaYBQVVfeXFMTzlIaU4zTi1qR1A2cFV3ZDlWQmRiUGNIV2JyU1I2MlJhSjdRRjlDNlBUSHZYVlRER1VTUXVnTnlwN0l1b2pGZ1VBUHdFUVJYVTliMjQxQndyM3E4cTljWXhzOG12M2p6QjZkRnZ0OWp6TVF0bEFRZzFKSDhNZGNIaERfSXJEeXhvWXNUNkY3cVFiVHMyX2RNeWtZcEN0T1I0X2tUVGFBdw?oc=5,dijital ödeme,2026-10-07T08:14:54.784617+00:00
2026-07-28T07:00:00+00:00,Perakende,Perakendede güven kaybı hizmet ve inşaatta iyimserlik,Dünya Gazetesi,https://news.google.com/rss/articles/CBMimgFBVV95cUxNVXA4R1pueTFWdlQzV0VPOUZfempad0pKaFhyd253WFpwaVp4V2ZjVWh6MU9aV2ZJUHlMVVF0cXE4U2g5R0pwd1liRmxqLU9MUWg2Tk9VdEhlZ21OTmpxNUdsbEE1QmlOZEV4azJRRTE3dlVUZzZMemdjQU03UjBSeE5qV3RHazhKZnlOYndjaVVnX3dQQXQ3MXNR?oc=5,perakende sektörü,2026-10-07T08:14:54.784617+00:00
2026-07-28T07:00:00+00:00,Kartlar & Ödeme,SGK'dan milyonlarca emekliye dev müjde: O ödemelerde indirim ve 12 taksit dönemi başladı,Yeni Şafak,https://news.google.com/rss/articles/CBMi0AFBVV95cUxQeFEyWl8tdWxFZThsYmdPQm1NaXpHakZjSWlHYUJBQjR5UkxvUnI4X2RwUnptd1lCcE51OE1JNFpBbnBWUTRoWFJVRjM1M1pZRlJnVnNFR3NDUFdQU3BhakxMbkNhZkg5T1BvYTF1RXBVem9qTjZuN1FZTU45aERPU3FfUUpmZkcya2Q4RnFlZWdUbFhCWS1qQWstaHc1YUVJZjZKS195bXBjXzlENjBjd1pUOTVpR2lzenBKa0d5YTlfRFd4UXJ1LVJxMUsyczZG?oc=5,taksit,2026-10-07T08:21:55.564991+00:00
2026-07-27T07:00:00+00:00,Kartlar & Ödeme,MTV 2. taksit ödemeleri ne zaman bitiyor? 2026 GİB MTV borç sorgulama ve ödeme ekranı,Yeni Şafak,https://news.google.com/rss/articles/CBMiywFBVV95cUxObTdPdzhyV2pPd2xueXkwUDAyaVNVcW9ZSWFoZ3BwTDhya3licTdHM2RWQ1pGWHJmcWFVc3JCYUs5VVlpX1dRNEV2Z080eURCalA0VzhOVm05V3dXME05bGdOQ0tQZFd0blFmNHdxWktiUnJOZGxxdW51VF9md2QzUWZ4cXlnTlBZUEg3SkFma1FIR3dTMTFrbUg2anlpTGQtUDhMajBZdmVaWG9zUWR2VmZDOWJGaVkzeXQ5Vm1DWEpQdnZLMTV0ZFY2TQ?oc=5,taksit,2026-10-07T08:14:54.784617+00:00
2026-07-27T07:00:00+00:00,Perakende,TÜİK üç sektörde son tabloyu açıkladı! Hizmet ve inşaatta güven yükseldi,Sabah,https://news.google.com/rss/articles/CBMisgFBVV95cUxQNDRudEN2R3psd0w1blF1Mk84TmJSWGEzbmtNbnQ2ajFGcDJHczhHbkJCUWI0YVplWXdVeEtrV3Q5ZGJpOU5hTUtjMVVJQjBpWWplOEdZQmFJUG4xUlVnNlNfUm5ZT202SUZLZC1OMzI3WkZacm12cGEzMDlwaHBqbDJ6REhPOE9acUdXRm1oZ0VkaHZncmRuTlBPTG1SWTZNSjlpM2ctNU43R2RoQkJMTjRn?oc=5,perakende sektörü,2026-10-07T08:14:54.784617+00:00
2026-07-27T07:00:00+00:00,Perakende,"TÜİK açıkladı: Hizmet ve inşaat sektöründe güven arttı, perakende güveni geriledi",T24,https://news.google.com/rss/articles/CBMitAFBVV95cUxQR3ZVd0RFR09qWS1xRndhSWRBcjM3YzAwNkcwUGJSa3BRREh1cGNfcEVkVXczUEppSTRKOHNpNW1aYzJaeUNvYzZqT3NNendNMV9zUnJQWXM2a1hNTUl0dTlTM1RPM0pLLXRrVmY4aElwVWxEMmh4NkV0WmVxSE9TQkw2RXlZYXRRZC1rUzJVSUFNMlJEU3VSU2lnVVAzX3Zodks4MnQ2ZnhEWWI5ZkFKMTNIb04?oc=5,perakende sektörü,2026-10-07T08:14:54.784617+00:00
2026-07-27T07:00:00+00:00,Piyasa Göstergeleri,TÜİK açıkladı: Güven endeksi temmuzda hizmet ve inşaatta yükseldi,Takvim,https://news.google.com/rss/articles/CBMirAFBVV95cUxNZ3NTNzNraFBlR3VvWk1UaWN0UGN5MzFndjVlNnhfblI3RHU2SGVSTnkzb0IyRjBoc05IakVkYmRwTlBnNzVZNXQ3Ry1JbXFmUXFfWkJxWV81eXFENEQ1NUJta1IwU2ZBQk9jM3gwZXgySEFURGdlMG93bTVqQlJpTnlBVDRDRFV4ZnpJQlkxN1AtTDZranJpQm1lcU44bFREcTNseFJYVUxpRWxZ?oc=5,perakende satışlar TÜİK,2026-10-07T08:14:54.784617+00:00
2026-07-27T07:00:00+00:00,Perakende,"Güven endeksi hizmet ve inşaat sektörlerinde arttı, perakende ticarette azaldı",Bigpara,https://news.google.com/rss/articles/CBMi3wFBVV95cUxQZmFJQXowVUlkT1IwSVI1ZC03amJPMnY5NXFyZGV6TVNTalk4Yjl2SU50d1k3Sk5vbFYwcXVWbWwwLVE5ci1BQjZyS3dhSzdpT1lBTGVnXzNWNDRubUE2Z3A0cmhLYjBUODdza2x0eUNFSmd5RExuM1ZheF9qQ2lMSFlkRHhfN3d1bnZxb1F3NHNrbDRiVFBabTRFbWQxalNZNUx6dU1jZWtCQ01GTmlRcGd1Z1RHWjl5aFJsel9lX0FmajNFYmQ5Z1d2Wl9NdlBoWkpTM3RTNUM4VFdWaXMw?oc=5,perakende sektörü,2026-10-07T08:14:54.784617+00:00
2026-07-27T07:00:00+00:00,Perakende,Güven endeksi temmuzda hizmet ve inşaat sektörlerinde arttı ve perakende ticarette azaldı,Anadolu Ajansı,https://news.google.com/rss/articles/CBMiygFBVV95cUxPRHlfbUVOcDZySzZPZWM5NmRQQ0tWcVcwTjN4RHcza2RhN0VjX2R2a29UV0dBR1JZTzdERzhIOTdCN3pzWXo4cEhiYjFJNm05Z3lURmdYeldueE84dUpsbXBkN2cwM3c4Z0JHcFRwTDcxVTl1b09aN1BjT3JvRFpDRGVFQjdVZnhNVEtxc09DcHFrMUQxeEo5SHBBMVY2WmFQMU1ESEpwQ1NvdGI4dTVPUVNWYjZ4WHFETUxhM1ZacEotOWtmS2ZxWURn?oc=5,perakende sektörü,2026-10-07T08:14:54.784617+00:00
2026-07-27T07:00:00+00:00,Piyasa Göstergeleri,"Dolar kaç TL oldu, Euro ne kadar? (27 Temmuz Pazartesi Döviz Kurları)",Dünya Gazetesi,https://news.google.com/rss/articles/CBMitAFBVV95cUxNeDM0RjJaanFBMEtuejJwenY2MTJLRUZiaWtpTGZCWnB1QXNRVXc2REhxSlN0QW9JVG1hQmxycHJCQkdkSDg4VUpmbG5OcF9TcU1ha1BoaHNnWnlCQkpNVTdmdDJnRWxfTnJKYlM0TzBMbEJJUnRjRHlROGRSTm9IcUcyemZ1RUJycUx4bjVzWlFaaE80M2lLbldrN1JvbVRGMXVVM1dvdzFwNW10N3BVZkE0Qng?oc=5,dolar kuru,2026-10-07T08:14:54.784617+00:00
2026-07-27T07:00:00+00:00,Perakende,"Hizmet ve inşaat sektöründe güven arttı, perakende güveni geriledi",Ekonomim,https://news.google.com/rss/articles/CBMinAFBVV95cUxOQkhVT0dZS2IwQXFQRDd1NDNkVnlNaGlkbE9LN2wxU2dBTmRlRWs1Zm5kaXhqdjZfa0FIaENmcjVMNnFnQkFscVBsbXNXN1JMWjdKVTdsNHZnQl81WGg4c1FoeEVmaEdVQWgwS3A1MlY4cC1vSGliTzdOWHh5QndaR1pvbWMtYmNQblFhdHVWQzdXQXF5aDJnMHJ0WXfSAaIBQVVfeXFMTkNCNDZDb1IyRVByUmY0R2JRSGhwMFlIeHFVZENPRkE1dkxzYWdCQnl4dzdsbExyZlpYcXk2RElmVzlMWWZ1Y3BpNGtOcDBmb1N2WFJVcVZodEhlODJBQ0piVWZUYWFFVzF3QTljUVptWlIyV2ZuUmE1d3NRQVZwWTluSDVpY015T1BhN3FqcXJpNGFBeFlIN0Z3aElHYnZXdU1R?oc=5,perakende sektörü,2026-10-07T08:21:55.564991+00:00
2026-07-26T07:00:00+00:00,Kartlar & Ödeme,"MTV SON ÖDEME TARİHİ TEMMUZ 2026 || MTV ikinci taksit ödemeleri ne zaman bitiyor, nasıl yapılır? Motorlu Taşıtlar Vergisi ödenmezse ne olur?",Hürriyet,https://news.google.com/rss/articles/CBMi5gFBVV95cUxNcUNqWE1aRTNkUUpVNnNHQ2RxZVo0dmRvaF9zNzQ0YjVUOVpZX3hMVV9EYzA0V3pSQzhzc0tKb3pkeGNPelNQdFVUM3dBRmhmMHFVUTNuUF9EUmxLa0Eyam1oLWZCZWZsZnNEQVVlb1VoYkJaMHhfdmQtWTE3RnNScjN4eHd5T0NOSjdnVm90dnlJdWxCV2NOUG91Smk5dW82N01PbGJ1X19vU2RzMzBLb1k5SXo2UzdqZkhCYmwzYlhGOHNjNTExXzRja3VGaE5xUTh4d2dkQXFlYjItX0czaDROdFNldw?oc=5,taksit,2026-10-07T08:14:54.784617+00:00
2026-07-25T07:00:00+00:00,Kredi & Faiz,"JPMorgan, TCMB'den faiz indirim beklentilerini öteledi",Bloomberght,https://news.google.com/rss/articles/CBMikwFBVV95cUxNcy1NcVJRLW8xanVoaDBTSVFXa2dqMUoxV1BIVXVjUHVUSV8zN3V2ZTRXY3QxWEFxak1zcjFYOXBXenM2WFFUUm5BaDNZT1k1WGh5Vkw2MEw1N3RQV0N5NVlNYlpHZEk0b3RtTHoxMThrYUI2ekplNmc3ODdtWGpqbzJQSTN2WDRYYVJ1WEJSSWhQMUE?oc=5,TCMB faiz kararı,2026-10-07T08:14:54.784617+00:00
2026-07-25T07:00:00+00:00,Kartlar & Ödeme,MTV'nin ikinci taksit ödemelerinde cuma son gün,TRT Haber,https://news.google.com/rss/articles/CBMingFBVV95cUxONmlWU3NqaU9Xa1ZyaFJ5eDkyejU3Mnd6NGd6Z0w3QU15TGg4UmpBdmd0NFRsTkZac2w5Mzhib0VRZmRQT0tKTmFQXzdpMGJQVm14OTdrREJfd1BlOVM4dFFoMlJHVWhjNEJjUUd5eFlUR3VtQlA2Tk1zVTdMQjVyclFTcFdQR0M4S3lfMVYyNnhZVE1HM1lVdjlMcWgtQQ?oc=5,taksit,2026-10-07T08:14:54.784617+00:00
2026-07-25T07:00:00+00:00,Perakende,Türkiye'nin İki Dev Marketi Resmen Birleşti! 14 Yıllık Zincir ŞOK Marketler Bünyesine Katıldı,Yeşil Afşin Gazetesi,https://news.google.com/rss/articles/CBMiugFBVV95cUxPcEltODZEQ3d0MnRJbk5PT3g3TkxrUmEyb3FxZTRIX3p6bnF0ZjdZMEdSbGNhMzBhRENSRlhfMzYxY3VzNTNoRDBmNzRpeVZYZUJoMGdiR0hMaWktOHo4blYzTGVqSHJfa09xZmRXalVQS2dtT1JxVWhUUGhZY21kQTIzUWoza25sMTMxZjhCYnZSdmxKdDFVQURvVnlMYW9lcVFWdzBSb1ZSd1pYZHpqYjNwQ0swSEpkYVE?oc=5,zincir market,2026-10-07T08:14:54.784617+00:00
2026-07-25T07:00:00+00:00,E-ticaret,e-Ticaret sektöründe yeni uygulamalar 1 Ağustos'ta devreye giriyor,Anadolu Ajansı,https://news.google.com/rss/articles/CBMiqgFBVV95cUxNbHZ3X0I3TW5aajE1OVN3NFR3ZUpWeVMzLTRRZ2ZQZlJ3VmVjQXh3VHQ2RFo2QUo4b0RRYVl1N1JGUWRDaUd3Z251aVIwcVMwMWZtay05M21oRkcxTmdKcWgwTGZTdU5TYTd4a1VZX2xlVFF1b2FheDg5ejQyRXpMNnM0Z0Q4YUd3NzFFWmNxMG1VamVOMDJsbzNBcllrRHlReUplV2FBSGhjUQ?oc=5,e-ticaret,2026-10-07T08:14:54.784617+00:00
2026-07-25T07:00:00+00:00,Kartlar & Ödeme,İspanyol bankalarından Visa ve Mastercard kullanımını azaltacak yeni ödeme sistemi,Anadolu Ajansı,https://news.google.com/rss/articles/CBMiwAFBVV95cUxPQ0pIRXlIQ0txVFV6SGpnMU5kalFzU2F1eHR2VDFBNFpfRFo2TXQ0UDRqVExJZzYzZUloNGJFaVZrVzNlNzhZaHd5bGF3ZTBvOXF2OFF5LU0wcFhwSUR6NVRzZ0QyOUZOMWxMcW12cG1pazBrQXUxMUJPN0hGc2ZnRHlDcHJEa2h3TG1tdXR2Z19rNl83dG9HQk9NSWJMNl82Zkd4MGtKX2syc0NGV3dYdm1IV2YzU1pFME5jNjJNb0M?oc=5,dijital ödeme,2026-10-07T08:14:54.784617+00:00
2026-07-24T14:46:40+00:00,Kartlar & Ödeme,Tüpraş Stadyumu 2026-27 Sezonu Kombine 2. Genel Satış Dönemi Hakkında Bilgilendirme,Bjk.com.tr,https://news.google.com/rss/articles/CBMiW0FVX3lxTE0zRHNWMGVHRVJiSUpIVDducjk1dDluYlB0QzNtTW5rLTFzZzlCVWl6UVpxdjNVTFROZjIzalNBRDFOcEtGWUxZWGVQQy1FYUlHd3lxM0hzR0Z4OFU?oc=5,taksit,2026-10-07T08:14:54.784617+00:00
2026-07-24T07:00:00+00:00,Perakende,İngiltere'de perakende satışlar arttı,A Para,https://news.google.com/rss/articles/CBMiigFBVV95cUxPdmtmNFk3NVpVRFoxRnlneWI5TEdVMzFDa0VXWXFOWnZsa3NGNDRaUHVkZzA2Zm9FV3QydUxKdlhSRFVDZ0NtOWRkOVp4eS1seWRFQng1STRTbDBjTTFFNU9lY2tRTzhYaE9wRnZZQ0h2Uk1mcE84MDQzOTNOS2FMdFJ1eVBXTHA2VXc?oc=5,perakende satışlar,2026-10-07T08:14:54.784617+00:00
2026-07-24T07:00:00+00:00,Rakipler,Teknosa’nın 2026 ikinci çeyrek net karı 1 milyar TL’yi aşabilir,Paratic Haber,https://news.google.com/rss/articles/CBMiigFBVV95cUxQOWIya1BLVUY5RzBfc3M0TmdDeWljaldyZWJuUjZDUm1MRVRZVEV4cWtXclhaMkh3RHZHVmp5aGpXc09QUm1DRVN2SGpiSXdneDRtckcyWHBzcWdpdmZsM3Q4bW0xbXlFclE5YWxUS1Myb0hnamFfa1ZSNjNHY0hmRExkQ3RfNDU2SFE?oc=5,Teknosa,2026-10-07T08:14:54.784617+00:00
2026-07-24T07:00:00+00:00,Perakende,İngiltere'de perakende satışlar yılın ikinci çeyreğinde artış gösterdi,Ekonomim,https://news.google.com/rss/articles/CBMiwgFBVV95cUxNaDRuTm5OaTV3bXlhZXZ1cE5UWGZySUJaMlNSeU5Dc2pwdEt4T1haQWpqYXpFWlNIaWJxQ1RGaW9HUWFwUEhPcmhrWFlqVFFJcURHbmxEcEFEUkhrR3JidVdlamRYdzh3ME96MFdCOTYzbm9FdGVzckpwMVhTbHBlT2ZjaF8ta0JrVThHQ01ydE9zVU42MEMwQkg4MlBtdkg2RDVDTlZVTFFwUkNmQlYyYXMyaG1uX0l4eDM0SnQ0QmU1Z9IBxwFBVV95cUxOX05JbVQ3d2tWZlBoQ3k5cldLRkRNRHJfdjNwNVRmVGJXcmxHN245WmpZUGpmN1BvQkw0SGdCU0JRYTZBRTdfb1FhdXZfYkhkTnVsM3k4am1Vd3VZdkRCNTBrLVpwcDhCOXhlb0Qtek9BWmp3SGRwSG1CYXpFc2RGOEpVamtQSmdqRlZqVXl4TUxVdkJTTDFBVTBjSkR1eG9OdzEyZDdBaDlja3NUQWVqRWJRNjV4Z1l1VjdfQ2hmejkyekRPX0xR?oc=5,perakende satışlar,2026-10-07T08:14:54.784617+00:00
2026-07-24T07:00:00+00:00,Rakipler,"Türkiye'nin perakende devi: UCZ Mağazacılık, Şok Marketler'e katıldı",Ege Alternatif,https://news.google.com/rss/articles/CBMirgFBVV95cUxQM0RiQWtQQ3ZhbVc2Vmo2amE0T0VMeWZOemJEOUU3cDl1bm1obXlVbWw4cmpGV1NnTmo5ZE5ZSERVSXdPRzNqOTRRcm1KeDl5OXNmUVY0YmpRdllLdFNpN0FLNmRqNThTUHh6V2J6TXlCV2QtSzg5ZWl5VlRIS0JUSHVfWkhuR0diWGFoaDk5eG52RG50QTNsTnRxQU8xcDEwb1Jod3F2S0R6Mk1uTVE?oc=5,elektronik perakende,2026-10-07T08:14:54.784617+00:00
2026-07-24T07:00:00+00:00,Piyasa Göstergeleri,Almanya'da tüketici güveni hafif geriledi,Uzmanpara,https://news.google.com/rss/articles/CBMilwFBVV95cUxOWWZIUDFUeG53R0dhdFpVSjBUb05CWjVZUkRMaEM4RUQxV3FpRXJsM1FyU3BPV3h4c2VCaWFUUzlmX19pbzM5U1JMbFc1NXV1TFJZdDhmNW02WmxXemlYLXVLV2RoLXNUZVVaRDl2eDM1c1lnektwNGdTeVFXaUVXUUh6eWdfTUJPemxKdXNuQWtxaktZVzQ4?oc=5,tüketici güven endeksi,2026-10-07T08:14:54.784617+00:00
2026-07-24T07:00:00+00:00,Kredi & Faiz,Hazine imkanlarıyla çiftçi ve esnafa finansman desteği,Anadolu Ajansı,https://news.google.com/rss/articles/CBMimwFBVV95cUxPRDVVNVZVSUNKSGVxVWtGc2c5aU9rTVZwQi1VeVp2RllfLTFDZ21GQzBXWnEyU0EyWjV2Y1kyT3VQZVhVMGxYV19XTU1PTHNPbThKUVgtWW5SU1JvN2NmXzgwem5FY2cxb0VrTloyTFJabWtma0N2SVNoMHJuV3V3Z2wtODdBVGxqQWlubDdnU1NmbXZwTDk3V2U5bw?oc=5,kredi faizi,2026-10-07T08:14:54.784617+00:00
2026-07-24T07:00:00+00:00,Kredi & Faiz,Kredi faizleri düşecek mi? Uzmanlardan dikkat çeken tahmin,Uzmanpara,https://news.google.com/rss/articles/CBMirgFBVV95cUxNalRVQ1JfNlZGdlRVRVBnT3hnNzluNWx0TXFKVE1IY09lSnNFOTlqVXlHa1lIYkZpUVZUeEswQlNfcUZBMEVacFlPWHBibWl0S2VDY2VfTHRsTXFHVVo0ZGdxVDJnUTZpT1dqRlNCWmdCTFQ5QnV6SGphZW5tcTEwVUxqcm5fakt0UF93WVFWTXFlVnRreGRMejlzU1hVZkY2bGhvZmhFUmw5Z3cwX2c?oc=5,kredi faizi,2026-10-07T08:14:54.784617+00:00
2026-07-24T07:00:00+00:00,Kartlar & Ödeme,iPhone taksit ödemesini geciktiren kullanıcıların telefonları kilitlenecek mi?,Teyit,https://news.google.com/rss/articles/CBMipAFBVV95cUxQRUdtWHZNYk9YS2ZMZVBVaElKMV9mbzh2WGhkTU5aOXVEa01QLVdKblJzb3ZEdWk3bmhqcEwwTGlIQjgyMVl0eGliaEUzVjBYX3FWNVphclFNaDViYVpqQXNKZ0JvRXUxUzhSTUlIMUNIUHpjek5ZZFM1Y1huellHUVhJdzNLN2puZFF1amJaZnpFV2ZxaU1PN2JSZ3J5MDI5eGhVYw?oc=5,taksit,2026-10-07T08:14:54.784617+00:00
2026-07-24T07:00:00+00:00,Piyasa Göstergeleri,Dolar/TL’de son durum ne? 24 Temmuz 2026 Euro ve döviz fiyatları…,Bloomberght,https://news.google.com/rss/articles/CBMipAFBVV95cUxNZ3Z5WkM2WXFmZkNKMlRvZUVxRzU4eHZWUVNUYnd4SXhTYy1rQXJqaDU5UVNNZmQ4aXpjRVd3VVpZSV9KZDQzdEFaeDFGYkxpT2hOMzdDeWhBLVlLRlZaTUtVV0c5MFIxcXc2dG5UQVVzcF9rRExxbXplNFNTT2VhYmZNOXNuNWM1dzVqLVM2RERTZEt0ZnVFbmJfQnJvdnRRUVBkdQ?oc=5,dolar kuru,2026-10-07T08:14:54.784617+00:00
2026-07-24T07:00:00+00:00,Perakende,İki dev zincir market birleşti,birgun.net,https://news.google.com/rss/articles/CBMidEFVX3lxTFA5amtpbzRwTWRaMmtXZ3VyVWpDNUs3OVJKak1jcjZ6eHdYbDNfVVZoLXI1Nk9rQVNHZDNGekxNLVFfZmFxRTMwREQ1VzNaeEh2dFRZOThaZmd5Vm9jYk5vMFlTMXROTkQ1U2tmS0Z2ak9RQk1l?oc=5,zincir market,2026-10-07T08:14:54.784617+00:00
2026-07-24T07:00:00+00:00,Rakipler,"Çinde e-ticaret perakende satışları yüzde 4,8 arttı",hibya.com,https://news.google.com/rss/articles/CBMifkFVX3lxTE00NGhVMmxSMWQxeFV5Qy02TDFqRXVTTThEWjEzakVINEJxQTBOVjY4a0NnMWk4LWdFdXJDcnJrWGhUMXA2MnozT2l3LUs1a25GR1E0T0ZvZVFqZ0ZOWlhDcXluODAzUGpCbVgtU2ZqMkJmWXU0UURYZ1ZwUkFxZw?oc=5,elektronik perakende,2026-10-07T08:14:54.784617+00:00
2026-07-23T07:00:00+00:00,Kredi & Faiz,Uzmanlar TCMB'nin faiz kararını değerlendirdi,Anadolu Ajansı,https://news.google.com/rss/articles/CBMijgFBVV95cUxQcXE5R25aUklPanp6Y19SOWVuRHRydkNZRnB2Q2kxS1VfdUNYbHEzRDZzckhzYlVFdXhDZzI3N09nUFo2c0tYY3E2UzlHNTRFRmV2aTUxZnZjajB2bXlrR0FjQk4yUVNCM0ZfTmswRWNuLVBJZFF0dDVXM1BIbE9NOG85WlpqZ0tXVTBzSGl3?oc=5,TCMB faiz kararı,2026-10-07T08:14:54.784617+00:00
2026-07-23T07:00:00+00:00,Kredi & Faiz,TCMB faizi değiştirmedi,Bloomberght,https://news.google.com/rss/articles/CBMia0FVX3lxTFBjUFdVbFdTWjQwbUVjYWdqdElPRHUwOTNUYjYxRXJ4RmNEdGtscHAzYzJkb0FaUEpCdWhLT2d5ZVhydk91YkV4dE9aMnlRaDRQdmszcjA2VGFReFZpQTZiR3lBYkZ4aTdIUVQ0?oc=5,TCMB faiz kararı,2026-10-07T08:14:54.784617+00:00
2026-07-23T07:00:00+00:00,Piyasa Göstergeleri,"Tüketici güven endeksi temmuzda aylık bazda yüzde 2,2 artarak 89,8 oldu",Anadolu Ajansı,https://news.google.com/rss/articles/CBMisgFBVV95cUxON3Z6RHBvUGczRjZlWFhsSlVvRkhmT0JwSWFKQ3FXN3BVUjkyM2Frd2dPZXB1Q0xYelc3UE9TZ1RpRkpDZmJpOVNwYmNXOHNvU0xlX1Qtbkdnd3g1UHVjcFB4cHRXSS00eFlfVlhxZm95Z2lKbktWc2JEQUw4Q0xyS0wwa2o1d3FpcHNGeFpWNWlUMXNOTTZTazVodzhnczFOd1ZaS2xfSmZ6SzQ4Y3BsYnFR?oc=5,tüketici güven endeksi,2026-10-07T08:14:54.784617+00:00
2026-07-23T07:00:00+00:00,Kredi & Faiz,TCMB MERKEZ BANKASI FAİZ KARARI SON DAKİKA: Merkez Bankası faiz kararı açıklandı! Faiz kararı ne oldu?,Uzmanpara,https://news.google.com/rss/articles/CBMigwJBVV95cUxPVUV5V1ZKblY4OUpjSlE0TEhlbDZ1Tk9VNmZDYkxYSC0xMDNOZ2tZbXhLdGY5cHRITlVPYS1naUlqMGFmQVZDUnJWRk9tclRCb1NRS1RJNG9ITWNPTkxqbmlDWTRjc3g5MVNSS0c2VW1idV9YQmEwa1B4eFV5a3JsQnRKZm00cHVpaF9BUGVxSWhRekZyd3JmbFRPODN2bGFBSm5mNE1QTlNIOWh6OW0xU0MxYjZWV2sxTS12ZFBadld6MHlmTHNjcm5sODBTZXBFcDZYRDg1N2hScm9FR2V3NHFQeHpNem1mWDRHaEgwUGFtWmxUYWkyWVlyTVR0VFZqblF3?oc=5,TCMB faiz kararı,2026-10-07T08:14:54.784617+00:00
2026-07-23T07:00:00+00:00,Kredi & Faiz,Yurt içinde gündem Türkiye Cumhuriyet Merkez Bankası'nın faiz kararı,Bloomberght,https://news.google.com/rss/articles/CBMipwFBVV95cUxPaDhmakZscU5yS3dkQndrTFpxUElEU1k2VnNvWldBaE1UeEcxQ0RMXy1TTHVBUkJSa05WWl9tbU5NNjJlN0xiNk5qT2I3SFpLcHBFV0dXVUFoeXR5QVl2bW1Gdkw2MEdhQXBqWFU1RzdfZDY0UUVaM1l6YkJrbHBfVmxPaF80cVhNWUQ5OHJod0hzSWYwUGFBUmVRWk14eGhmLUR1MXNuVQ?oc=5,TCMB faiz kararı,2026-10-07T08:14:54.784617+00:00
2026-07-23T07:00:00+00:00,Kredi & Faiz,Son dakika: Merkez Bankası faiz kararını açıkladı! İşte Merkez Bankası Temmuz ayı faiz kararı,Bigpara,https://news.google.com/rss/articles/CBMivAFBVV95cUxPNlpmMGdvcnRla1Y0SF9HNnVjVFVYdFZMNjNzZm5rOHREMURnY3ZjRWQzVXY1V2x6YWdPeGlTVGg2cWh5U0RYbC1UOTdsMGlxM1BZSzJEelVDeFNiSlhBTGxScGViNDJuMm9vWFpjMnN6LUM4NVVJZTMycHkzaml5dUJMNVhGWHNHdU01X1VWNWpNcjYtZUdwY0V2YUIzVEQ5V05DUzJZckNBc1F0SXlnZmNfLU1jU3ZpaDl1ag?oc=5,TCMB faiz kararı,2026-10-07T08:14:54.784617+00:00
2026-07-23T07:00:00+00:00,Kredi & Faiz,Merkez Bankası faiz kararı ne oldu? Temmuz 2026 faiz oranı açıklandı,İstanbul Ticaret Gazetesi,https://news.google.com/rss/articles/CBMipgFBVV95cUxNOExZS01QRmt0VG5RelpJeExvV1RrSENJT29wNzZ0LTFIR2hJOXNuUlE0QWR5eENTa19LLXNweWhRZ01ER1VXU3U4MHF0VGg4YTVoNVd5b2ZVbGRFU1NzcmdlQ2djRFhJeDV0azNMLUh6OWdKV29aYnhkdnlWZ2dpTTFKbEFrYXhKSzY0WHAxZzdBWEgwNHB4bWpGVEhUNVdBN18tQUxB?oc=5,TCMB faiz kararı,2026-10-07T08:14:54.784617+00:00
2026-07-23T07:00:00+00:00,Kredi & Faiz,Merkez Bankası faiz kararını açıklayacak,TRT Haber,https://news.google.com/rss/articles/CBMilgFBVV95cUxOWlRwUnpqRXBKVUpMazEzWW1uTktibnNHNG1OZGMxb1ZlVWlzQl9OX2NveHc4NnlLb0FLTWZjRDRFc01rZHNvU0x4RTZOV2VxTGFVVE53MFZySWhFWlhCR1BuakYwMjJ6Um1PYm53bzQ0R1NZMFRSSzBkWkRFdDcwb21RQkRGS1NCMTVaaENUWXd0UEk3ZHc?oc=5,TCMB faiz kararı,2026-10-07T08:14:54.784617+00:00
2026-07-23T07:00:00+00:00,Kredi & Faiz,🚨 Son Dakika 📌 Türkiye Cumhuriyet Merkez Bankası yılın 5. faiz kararını açıkladı. 📊 Para Politikası Kurulu politika faizini yüzde 37 seviyesinde sabit tuttu.,Instagram,https://news.google.com/rss/articles/CBMiVkFVX3lxTE5kcHNVVjRXS1FaQkRmbWY1aVhNNHdRZVhQelNMT1h5RElweW15LV9ETjFqYTFlcFBNSUNyRElSNElmbUtFd2FtT2JScUo2YnBQRmhIVEtB?oc=5,TCMB faiz kararı,2026-10-07T08:14:54.784617+00:00
2026-07-23T07:00:00+00:00,Kredi & Faiz,"MERKEZ BANKASI 2026 TEMMUZ AYI FAİZ KARARI BELLİ OLDU || TC Merkez Bankası faiz kararı ne oldu, faizi sabit mi bıraktı? TCMB Temmuz ayı PPK toplantısı faiz...",Bigpara,https://news.google.com/rss/articles/CBMiywFBVV95cUxNeVFTNldUTGtKRkZvbU1RQjduNmY4ZXRIY1FGODV0N3VfTldEWmJWVno3NXRVeFpaMmFxM2JkNEhHZDhZR3p3Mi1lS3pUSXVSZER5NThtbGl0aWpwVERjTi0tWU9oSmExYks4WkZpRmJNTkZjM2tvVlhvOHRzUFoydDFyVHFFYmJMQ1FXeXhoQ3Raa05LWkVaUGU4VkNPLXFhd0QwSUpUNDFGOC1HbWZBRUZoTGpIcDhJT2hRM2ZudEpfdDg4dUVBMUZqOA?oc=5,TCMB faiz kararı,2026-10-07T08:14:54.784617+00:00
2026-07-23T07:00:00+00:00,Piyasa Göstergeleri,Dolar/TL’de son durum ne? 23 Temmuz 2026 Euro ve döviz fiyatları…,Bloomberght,https://news.google.com/rss/articles/CBMipAFBVV95cUxNR1JnUmFzdlNnR3JoOWU4a1ZPREotQktEMk40NDNWUFB5b2JtYkpRLW9nbEUwd1RkSGl4U0Vxc2R1QjhHY1dVa3VNMjdmX2dycmJteW9LS01ZY0Q1cUNnMkI0X0xjLXYtLWl3UXN4cW5MdXdDTWlzVnJLbHFOQi1CeUw5aF9OVTBCZHRZSERJQkFBU1pYUE5wR29WSUNBaWZXN3pUUQ?oc=5,dolar kuru,2026-10-07T08:21:55.564991+00:00
2026-07-22T13:05:09+00:00,Rakipler,"""GG Arena by Teknosa"" 2. açık eleme etabı tamamlandı",Anadolu Ajansı,https://news.google.com/rss/articles/CBMioAFBVV95cUxNeWJ2bFRHdHRYUGxCN0w2MFQtT2k4T1kwSDZMcld3cXdLVVJpWVNLcGpuSEE4Tmk1U1ZQeTkwazBuemFVNHplM213RTNPc2podU9aWG9faS1vRE41azA3M3hpX0tIMkJTblNzUW5FbFhnLXd5VGdRWTJZUGZfTnRMZHVwYTR6anZiVmF4cklWYjdvWHVXNGMzWmdIbllTN3RX?oc=5,Teknosa,2026-10-07T08:14:54.784617+00:00
2026-07-22T07:00:00+00:00,E-ticaret,"Puma, e-ticaret başkan yardımcılığına eski bir Adidas yöneticisini atadı",FashionNetwork France,https://news.google.com/rss/articles/CBMi6gFBVV95cUxPSXVsdzdKZ1laaVF1dHR4UUZaYUxmcWI3OEdzQTFEdkt5SHRCT1IxdWtncnFmbjhxdksyVG55OXMyaFl4cDJTY0NjTkJOX3RmX2hnRVdwUDhNOWExZTd4NDFLMnVIY2dQblpuSEVuakNsZmZ6MDlGemZpZWRhemhpbVkxQ0UyOHBVNlZEdGZLazFmT3RYamk4d01fSG1CcUhGSUxDR3V1aFlmRDlvMzUyeGdUQm96TDIzR0Q0QjlPU1ludWF6LUt5bzRtM1FqM241ZzZPUXpScEthbE9RLU9WU2lWMGZZZmpTN0E?oc=5,e-ticaret,2026-10-07T08:14:54.784617+00:00
2026-07-22T07:00:00+00:00,Piyasa Göstergeleri,Dolar ve Euro kuru bugün ne kadar oldu? 22 Temmuz 2026 döviz fiyatları…,Bloomberght,https://news.google.com/rss/articles/CBMirwFBVV95cUxPU1hPOWEzWncxQ2psRmFub2V2V3dNekhqOGpPbkkycFFnblpCWERvNGM5OXpNYUVyby0wZ3ZsUWFXZTFMTDJwbFdaRzlSQ2hpZEhfU0xZZU9kRl94dktlMm9CZnhCYko0VTRfZnlxN0dvdUNzU2ZJSTQzNmwtQjNZbUVCcUlxcVptMi1wUGtoNFU5a1lRRXhnNW04aWxnV3RyUnR1b2Z3dkhqcldtZ3hJ?oc=5,dolar kuru,2026-10-07T08:14:54.784617+00:00
2026-07-22T07:00:00+00:00,Kredi & Faiz,Kredi çeken milyonları ilgilendiriyor! Banka kesintisi için Yargıtay’dan emsal karar,Uzmanpara,https://news.google.com/rss/articles/CBMizwFBVV95cUxNOGxxWHlEZFRxN1ZoZ0NZdnJHY1lZVGdKbU4wWm9yZE5QZzl2WndoSWFlRUJmWndXMnF2d1djUkZzeTdldzZCTjFqTGszeHhSdklUVU02T0V1VEFkb2s0TXhoc3l6MnQyalN4YTRoaGtvd3hzRUM3M3hoR241ZmFsNFlBRF9OV3d5RlIzRnpEbnlQNDNtejVEcnJqZHZjTTdZbExCSGpwb2doU2VsTnFEUExhbDB3SHdJOTJWYjNPMlROa2NXREMxRFVUMGYzT0k?oc=5,tüketici kredisi,2026-10-07T08:14:54.784617+00:00
2026-07-22T07:00:00+00:00,Kartlar & Ödeme,"Apple’dan Devrimsel Adım: Taksit, Kiralama Ve Yükseltme Tek Modelde Buluşuyor",Marketing Türkiye,https://news.google.com/rss/articles/CBMivAFBVV95cUxPTjZScktIcGpxVkhKdEJSNUZWeTctTmc5cjJxUWl1UExLZU5Tc2pXeVhjbXAwT2ZOZE14SGxHWXRFdlN3b2pMVGVXNGZGZ05SSlhUbHgwVFlfeFVQOENyTHlXOE4yMFg4LU82emZhRUZUcTJyUXpwWmgydWt5RXJlRUtnOVZ0anRTMU5tdDAxOHJjRjJsOVRjS1FZUDliQk9IaFRMUlJpdlNjUzZjZ2RnbGE3cEJLQkJzU3lkOQ?oc=5,taksit,2026-10-07T08:14:54.784617+00:00
2026-07-22T07:00:00+00:00,Kartlar & Ödeme,iPhone'larda satın alma devri kapanıyor kiralama devri başlıyor: 24 ay taksit seçenekli yeni dönem,Yeni Şafak,https://news.google.com/rss/articles/CBMi3gFBVV95cUxQYklUM2hwUHdlTmFnLTJCMjJ1eUNRLTJkUTdOZHRFTFJHRUg4aHZxWnBva2V6N09lSXdnZTgwZEdLTzFvTzlXb3oyZndLMEJRTTNGdmE1SUhvQmczdlJnamZsSlJvV1JkcnV4VU0ybFJfbHZzQXhGQlhWTzh2ZjVnQzl3MmJ3c24tSUFkZWg3Uy0tMlBxaG5jNjJHalhibDhodnMzQ3E4VmdxTzVCRVJGOGZsVXJFWF8xOEk3Z0NIM3lxRzdqcXZkOGRrbXZzZC15MzJ2MUpEZC0yN09HckE?oc=5,taksit,2026-10-07T08:14:54.784617+00:00
2026-07-22T07:00:00+00:00,Kredi & Faiz,Merkez Bankası'nın faiz kararını ekonomistler nasıl yorumladı?,BBC,https://news.google.com/rss/articles/CBMiXEFVX3lxTE1OQlhyTFJodFh4OUF3VExpQm8xZDNXM2twVmhQQnN0THFIRUpBRW9NT2FxRW01RVhyMlV0MUJ5TzBqTDFhLUtWZDNfdVV3UGtkd2hxV0FSTWFsaE0y0gFiQVVfeXFMTXRucE11REFlTl95WTVFd0wwelJRemV1MjJ0NXgtRWs4Zk1fM3MzOGE3VGJ3bjVYdVlINWE4dktsNUVmMzU3NW0ySEJaNE4wUWNOOFVrb25PX2M3c3dUaUwyUUE?oc=5,TCMB faiz kararı,2026-10-07T08:14:54.784617+00:00
2026-07-22T07:00:00+00:00,Kartlar & Ödeme,MTV taksitli ödeme nasıl yapılır? Taksit yapan bankalar,DonanımHaber,https://news.google.com/rss/articles/CBMilgFBVV95cUxOcE9wbWppTUhlMWcxSWd4UVNfampUTmI2NFlnRDlLT1BhZnlDRHBvZmdvWFVoN2ZQaWJzVE4xWGM1VG1jWnoxckhRM3YxWG1SRmYtdkY4YWZpdHNzM0Zyamx4UzNLQUphYjI3UU9rZVZ4cVMtNnFkRERQcW9nOXl0T1JBSnNuenhQaE5wQ3dGeGxDZXlGNUE?oc=5,taksit,2026-10-07T08:14:54.784617+00:00
2026-07-22T07:00:00+00:00,Kredi & Faiz,Yargıtay’dan tüketici kredisi kararı: Sözleşmede yazıyorsa BSMV tüketiciden alınabilecek,SON TV,https://news.google.com/rss/articles/CBMiqgFBVV95cUxQVzNNZkR0Y1JNRWc5VU05cEhMdGxic3V1WHBwUU1pOXJwM3k2WGVuWXUwelVYTGJFdmh4OThpTHNjUFJSY3VuTGtzLXZFTlZaS3FvQmdsamRLSVZhdW1NVXMyRlVLRWhnRVlSOG05T2lXMzNFUzlGWmhudW1PN0hhT0hVQkhSeXg3LS1KdTRicnB3YXNzdThxNU0zNGhEb3RXeFI0VUR0dUJPQQ?oc=5,tüketici kredisi,2026-10-07T08:14:54.784617+00:00
2026-07-22T07:00:00+00:00,E-ticaret,AYM kararını verdi: E-Ticaret siteleri ürün arızasında birinci dereceden sorumlu olacak,T24,https://news.google.com/rss/articles/CBMivAFBVV95cUxQZzlNel82NEZVNGs2S3gySng0NlRZbE1LVGRreVVmR3NGdm5nRHl2VFhJRXVKVGRldUhLRk9CMEFURWt1cEVWTjR5WXFLd1VMQzZGdFYxSWZuakZZdk5STzRFZ2tLQ2xJT3c1TUEtNEdHcVVRMEVqSGRuY1otdDZvdDFQdkZua0Y3MFF6ZUxNOUFjaFhBMkVtcHE5ek1BT2tGMlBvaXBuZTU5T0VNc09FMF91MXB5YlBpVW1scw?oc=5,online alışveriş,2026-10-07T08:14:54.784617+00:00
2026-07-22T07:00:00+00:00,Kredi & Faiz,MERKEZ BANKASI FAİZ KARARI 2026 TEMMUZ: TCMB Temmuz 2026 Faiz Kararı Ne Zaman? Merkez Bankası Faiz İndirimi Bekleniyor mu?,Uzmanpara,https://news.google.com/rss/articles/CBMi3AFBVV95cUxPYjUzZkVpOFhRYUl5SXl3Z28xT0JVU3JKNjhSR2ZBbVY1SF9MUEh0WFBsczRIZFFlTTlWSzBWWlp4dG9zaUdBRWtqdVZYbnM1azNzb29uckJDM01PTHNKRHNyUi13YUhwTkhZTlh1cVpfZEJ0UlZDaWxnWC1JOUduREEzYkgxU0kyVHdON0VZVFAzajZvUlM2NmRPMlVEWmZuWGdkakVsb1JwX3IyUjV4SFlMeGRsaTRqaFR6NmhqNWlKaVNMeW1Zal9NZDJkek9kenpyeXpxQUxMcDF1?oc=5,TCMB faiz kararı,2026-10-07T08:14:54.784617+00:00
2026-07-22T07:00:00+00:00,Bankacılık,2 milyon TL'si olanlar dikkat! Güncel mevduat faizleri belli oldu,CNN Türk,https://news.google.com/rss/articles/CBMi9gFBVV95cUxOV1A0VXhobV9VSVQzVllOMmM2OWQ3QkRhSWtpclM0U0RDUlhuZEFyWWdrM2dneDlXQ1E5NEpqeVY5WWQtd01rbWVYcFkxRUJOUl90bS1WMnZNODh4RmdxendsUHo0TnpiOWk3MnhMaWpNQ0dZZmdNV01zWnBRM1lkQ2pYeVA1X1A2MTZQeWtOTWVIb2hUZ081Yi1TWWNnU3hDcDhiRTRXdVprUGhySTVhcDV4QTQ2bUhscFZ4SjNiLU9wdkdMNU04SlZhMEtoalhGb01xWVJzaVdORlhTNHJXLV9rT0h1MXpTeVRTTGxIMDV0ZkdNaEE?oc=5,mevduat faizi,2026-10-07T08:14:54.784617+00:00
2026-07-22T07:00:00+00:00,Rakipler,GG Arena by Teknosa 2. Açık Eleme Etabı tamamlandı,hibya.com,https://news.google.com/rss/articles/CBMifkFVX3lxTFAyTFV4b0l0dlkxSEJydzdEZHZZdWFyWFdjakpqR1FtVE5ZdEpMaFk5azdFT0JPcWlveDFfTHhEa2FtZ3ZpVDZWTnlBZ3hySlRmVndseV9ZM2s2TTlqbkNtVlB6YW5YSUdJck54UTNFaUQ1aUVPWUhQaVVKYU9wQQ?oc=5,Teknosa,2026-10-07T08:14:54.784617+00:00
2026-07-22T07:00:00+00:00,Kredi & Faiz,TCMB faiz kararı için geri sayım başladı! Temmuz için beklentiler ne?,Paratic Haber,https://news.google.com/rss/articles/CBMikgFBVV95cUxOVXltWHNrbHdha0YzVm15RkpxNDEzY3kxNlJ5UlVoQ2VxVEFuRE8tM3FOcy1FTXJFV2tIV2JxRC0ycHV0QjlpRmR0dmVHdzU1bHZsSXRFYzlJQ3ZwN0twSHBsQW9ndjQzV3B4LW9ha3d4Q2xRYnpmVlpXZUFaTzJ5SFczV3ZHa2o0NDl6Tl9mbGNaZw?oc=5,TCMB faiz kararı,2026-10-07T08:14:54.784617+00:00
2026-07-22T07:00:00+00:00,Piyasa Göstergeleri,"Klima Satışları Geçen Yıla Göre 10 Kat Düştü Hava sıcaklıklarının beklenen seviyelere ulaşmaması, klima ve serinletici ürün satışlarını olumsuz etkiledi. Edirne'de beyaz eşya sektöründe faaliyet gösteren yetkili Kadir Sengür, bu yıl mevsim normallerinin altında",Instagram,https://news.google.com/rss/articles/CBMiUkFVX3lxTE9sN1V0VV9WY0V1dUtPRl9QZlN1RWhSWjkzOTlid3lUakR6aF9XcmF3dFI0d1VUOENOdVh6VVVKeDk3NWVmNW56bmFVMTZqOG1hSGc?oc=5,beyaz eşya satışları,2026-10-07T08:14:54.784617+00:00
2026-07-22T07:00:00+00:00,Kredi & Faiz,Yargıtay'dan tüketici kredilerinde BSMV kararı: Sözleşmeyle tüketiciye yansıtılabilir,CNBC-e,https://news.google.com/rss/articles/CBMivgFBVV95cUxOeXl2VVZRaDBDNWpPQUhHeU45aWVuOUtHUEVxSURpeDJ4ZUMtSEJCMHNjQ2dYQUVILXVobTJWTHdOaFB4TzRqVHZKVjh0YzZpSGxkdkVCdDNkUjZmUGpZYWY2QU1fWDBybWp2d1RORWl2TmJ3UXZ5WVN4bW9jZE9sYjdxSWxGd0hWOHRQbWotX3E3MERNR1QteGNfU1EzaUY2UlNVWjg5d2VjU2RfWDRadmVMQlByX1FDRmNONHFR?oc=5,tüketici kredisi,2026-10-07T08:14:54.784617+00:00
2026-07-21T16:01:57+00:00,Kartlar & Ödeme,Apple cihaz satışında yeni dönem: iPhone’lar 24 ay vadeyle kiralanacak,Gazete Oksijen,https://news.google.com/rss/articles/CBMi1gFBVV95cUxQNFNSRGwxQTlHNkF4bWJNczRGRXNfYlVvY0h6VG5tYzlOUHNmV2FfMlpUc0V2NkpZSU1hZFBMSjVDb3c1cDVzM1hGaHFzMG9UOURaUDJ0QVphZ0R1ZzZaTWhuZExsQVlHYkZlNTNzY1V1al9pSTNCU0hYQm9VejlvalBjU1g1OHNDend5VHRGYjR2b2trRWJ6S25NanFBMGNsMHcwN1AyaVFNODRCcmo1emNsUkZoVGVSaWZRM0QwRjk1eUpFMDVEVTVrcEVVRjhVa05IWlN3?oc=5,taksit,2026-10-07T08:14:54.784617+00:00
2026-07-21T07:00:00+00:00,Perakende,Yer Konya’daki bir zincir market! Kadın çalışana böyle saldırdı,Haber Dairesi,https://news.google.com/rss/articles/CBMiogFBVV95cUxQR0dFSy05c1RHcTZ3anRWVE5Fdi1ycjJjV2QzcWEyQ0ljZnNFbGFzTllXVm41bTlNNVdMSXhWaXJZOWdackJydEtGeHBzM2lZUzl1dnFqSXAzNFMwbVdoSEhxdEluQkFpSEZaMldTb25jZ3RuRUd4YU9sYnhSOG0tSklqR2Q5UlhWUlhoNXA1WHczMGZSdmpSRnpoY0ZRRzloOGc?oc=5,zincir market,2026-10-07T08:14:54.784617+00:00
2026-07-21T07:00:00+00:00,Piyasa Göstergeleri,Dolar/TL’de son durum ne? 21 Temmuz 2026 Euro ve döviz fiyatları…,Bloomberght,https://news.google.com/rss/articles/CBMipAFBVV95cUxNeG1MQ2NNYTZDSWRVMGVMa282NldsNmxMNkY5dy1pRWJBTlZvdHNtdWRoNVVpRVBqam5JWEU5MVVjM3F3LUVtUlVScjBEaTJMSGZWYjREal9QNzRYaExiWHRjM29udDZyV2Q0alNpbC1pck9XQmZxb1BnVWNnNEw4RlF4STlEa1JHQ2FCY05ONmlNOXpXWWlRZkh2dUYxbDdQXzcxVw?oc=5,dolar kuru,2026-10-07T08:14:54.784617+00:00
2026-07-21T07:00:00+00:00,Kredi & Faiz,"MERKEZ BANKASI FAİZ KARARI BELLİ OLUYOR 2026 TEMMUZ | Merkez Bankası faiz kararı ne zaman açıklanacak, faizler ne olur? Ekonomistlerin Temmuz ayı Merkez...",Bigpara,https://news.google.com/rss/articles/CBMilgJBVV95cUxQNjl0NzJ6MTA1VzJsNzNzbTNhT2pxRFNFWXkyM1QwRG5NSmdXX3AxN0tTaGdXUlRncVkxUHlTUDNPQXpNSjNwTHFZcDZGOHBEejVpVkdtR25LYnBmWEdRemExU3hNVWJQcEVHWUs2NGNRc3NRbGtQUDJkaW13OF82TXhqREdROHFZS3FiWEZpZE9LWldpQnRZaEMxd2k4RXNGa2lKMzNpOUNSR19GenFtRnQ1c3kzMW03Wi0yMlFHeUxwTFh6U0tWZFlfYU13eGhpa2VzU1ZHc2kzcDNIMVkzZEhNSWY5UzJNWXNLOUxBenRHYWZKRGJPRUJvS1ZaR0lkQ3BJd3I3Tk14Tm4xbzNiQnVHRkhOUQ?oc=5,TCMB faiz kararı,2026-10-07T08:14:54.784617+00:00
2026-07-20T07:00:00+00:00,Perakende,Trabzon’da zincir market terörü! Yollar da kaldırımlar da işgal altında,61SAAT,https://news.google.com/rss/articles/CBMilwFBVV95cUxObU43dW5reFdLQ1JqTXhTTU9pZUpNZG5MYWNHb2ljRk8tNlNUNTRYYlBOejBQTE1mY3N5X0RBZHZiT1pxcGZJZE1oY3ZXYzk0SjNRTFlSLWlCOGExZzRXSG5UbEdaMjBiek01MjFsem4yVzMyWU1rNElSZzlWRWE0WTFqX2x1MXFSSkNwR2N4VnF3Z1dfS2hB?oc=5,zincir market,2026-10-07T08:14:54.784617+00:00
2026-07-20T07:00:00+00:00,E-ticaret,Google Agent ile Online Alışveriş Nasıl Yapılır?,Pasaj Blog,https://news.google.com/rss/articles/CBMiigFBVV95cUxPalhRckU5WjlyRjJaXzI3S1hJWTBSVkJkY2JxbFZlQVljdERFd2tuTGpUb182UHFYSjYzZ1d2MTdScDFud0tWcUMwbVhvcjlteFFLY0Y5bjFPbTV6eU5yeU9xUkhXRWNGbWRLR1IyRFU0V0hIZFBMU0xSX1EyZ2t1N2tGTzhlYzRiUXc?oc=5,online alışveriş,2026-10-07T08:14:54.784617+00:00
2026-07-20T07:00:00+00:00,Perakende,"Dev bankadan Türk perakende devleri için kritik analiz! Citi'den BİM, Migros ve ŞOK için hedef fiyat sürprizi",GZT,https://news.google.com/rss/articles/CBMi2gFBVV95cUxPOTlFN3FCY3c0WlJqeFpWeGRmZm1NRko5T1gwZkJNUVJWQ19LSmRUUEZvMDVfMDJROFM1Ty1sbWdEUlp3QXZoYVFTaHpIcV9hV1RLTlFhOUljRU03VG82YVdoc21aSGN3eDFBa0I4VC1nV3VDV1FGX2lVQ00zRHN5NEp6VFhxbmN0Q1JfbHJicnJxNVg5aEJyVGYzRU8wQVF6cmVYN0RsMTgtNnJ0R3BlclRpVjIxd3JQa3Z5bm9CV01xQ09GMmhNaTk3YkFXVXFoMVZEc2lKSTRXZ9IB5AFBVV95cUxPV2N3QWcwek1faXNHaURuaFlQZXpkUlNvV3JsWVRac09jdTdyQmpIUkpvT2JzVElvMlhzQzRoQmxLNEFZdy00ZGFxWW1fdUs3OFVNY3JWNXR0UXhvcy1tSGRWUE1JQlE2TEh5czRtaXhDS2xZRmxadHI5eUFsNFh5ZlRBbVQwWFBCTV9vZFhSVzZxUU9OU3NGZzZvSTdnUk9HLVFsb3Y5NFdpVUJKaHBIenVaZjhYVDY3SFFoMExiVkY1a3FVX3FtdmdUelZXSmR4ZW1YdHYxT2wzVF9OaWpBV3FrRWU?oc=5,perakende sektörü,2026-10-07T08:14:54.784617+00:00
2026-07-19T07:00:00+00:00,Bankacılık,Mevduat faizleri güncellendi: 2 milyon TL'nin 32 günlük getirisi belli oldu,Sözcü,https://news.google.com/rss/articles/CBMiqwFBVV95cUxQb3E1VTRpY0FiZTlkUzdZaVk2MTRSNXVUYTlCOVlqbk02UGhoOGY0STlkWFIybWd4V0ZCSms5M0JFZW4yY1hzRk5sbk9UbnlpSU9ROUtqcWNGVEN5YnpDRmFXQ0Z0SlRHcENkRUZNQ1ZCa1ZfZkIyYWdsOUNJWFhJcS02YjdEcmFKZzJjSEYtQ1I2WVBzQmFiTVFNbTZudW14NkVGeGFHbTFKS3c?oc=5,mevduat faizi,2026-10-07T08:14:54.784617+00:00
2026-07-18T07:00:00+00:00,E-ticaret,Yılın ilk yarısında online alışveriş tercihi belli oldu: İşte kategorilere göre en çok aranan markalar,GZT,https://news.google.com/rss/articles/CBMi0wFBVV95cUxOVGJZS0I1VnVnR3NrejBWM3RkV2RZNm5acG9McUlVdFhENVctR1pFX24zcGxQZ1ZxLUM5Q1BjX2E1S2J2NndOQTV4REhUS1NMXzNLNUtZV0dxZmU2RWh0WlljeHk3RWthY05wLS0tUDlwZlQzMnNLX0owZ0hQVmMtdmozRjFHNkI1cVNjYnBFcVlkb3FVaGJ2WVR5dXZQdHYtT0xQTlhuQUlXUGE4QVNTczRzbEJkMVpNcVRNN1U5U0NCdmtmcURITlJ0VWxidTRWcTRv0gHeAUFVX3lxTE13Z0FkR0o0bklBdHlQTlpxM1djb2NzUEdDUHRJNTdNUUpKTXh5WWViU0pyLVc2Yk5ucFlTaUJGcUYzTG1aajVqbmZmcXdRbmJrS0RHUFdGcU1QWk9DVjBfdXJIT3ROLWRfTk9HZE5GdnJSczZDWmZ4dDhCMFZJMWRHN1N0ODFvTE93Vjluc3BZV19NMVhYbF90LXdXeW8tb24wbXE0ZmVSMU1yaFZ1Z3hqQlkyRW5RQlVXcUhORjFzc2l2VF9JV3dFUk45S2dMSU1LdnQ3bkNwX09UMFM2UQ?oc=5,online alışveriş,2026-10-07T08:14:54.784617+00:00
2026-07-18T07:00:00+00:00,E-ticaret,Dijital Ürünler: Çevrimiçi Satabileceğiniz 10 Ürün (2026),Shopify,https://news.google.com/rss/articles/CBMiW0FVX3lxTFBENXlLUVBJdktoVm9yUEY0ek12aUtGMlJOR0ROenZUSXdERGVzQ1hjbkhBLWJsRGYzcmZXSjlaaGxSUXVpRkJtY2FlNURMeFVyTndBVlZ6N2ZaVHc?oc=5,online alışveriş,2026-10-07T08:14:54.784617+00:00
2026-07-18T07:00:00+00:00,Bankacılık,Fitch'ten Türkiye ekonomisine güven mesajı: Kredi notu teyit edildi,TRT Haber,https://news.google.com/rss/articles/CBMitwFBVV95cUxONjZBeGNCV1hNTUhCckpHOWxGSWVzMXVTNDYtTXh0dWE5cWFBYjEtSE5iSEdOSGpkdlIwN0tCMkVTNy0ySEVSQmVPNzR2d3p6Slp1dzZkbTNNUXRZeFV3RVBKbkNpYVlzaTJRX0UzNlBra205RnFyR3lsMEktYzBBQzZVZUt2T21ESE9kWXVJLXdHNU9tZmVMV0ZDN1poNkxQYTRlVFg1Skh2cFBmZ2pSWVFVMGRWRE0?oc=5,bankacılık sektörü,2026-10-07T08:14:54.784617+00:00
2026-07-17T08:03:13+00:00,Rakipler,"MediaMarkt Türkiye'den ""Stokları Eritiyoruz"" kampanyası",Anadolu Ajansı,https://news.google.com/rss/articles/CBMipwFBVV95cUxPT29fUTlObmlFSHFlM1lSUUE1MGZ2YW9UNTZaN1dtOEtBLTRhOWRVTDBZNXJpMy1xRGw2eGE3dmhBSDcta2ZEYVBOQjVmcE5oR0x0dDdtTDBOZktEVUlQazBXRnNJRzVVVlZzdFk3RkdmUFZ2MDdtQVZWdlpMb0dXa2FJUW1jMUN1eThGSTAxTW5WTEdMblRsdTV3Z2cwcFExWEQ2ZnVEbw?oc=5,MediaMarkt Türkiye,2026-10-07T08:14:54.784617+00:00
2026-07-17T07:00:00+00:00,Bankacılık,Bankacılık sektörü mevduatı yeniden 30 trilyon TL'yi aştı,Ekonomim,https://news.google.com/rss/articles/CBMipgFBVV95cUxPUTJvSXFJSU5MX0tCVWlGWkhUNlpiNG0zZ0VzNkRmbVFLZlN5OFdOUnBscmlicUE2REJtS2JaUWJhVFFEQnh0VE5CaHJNaWQ2UVhia0NxQTB5eHFwZkRxeXJGRDktb2doOHlXUEs3dzFWeDdhV0xHQ0NnZzhjTkhtVGhWLTB2d1BQajYtV2dUaVRmQW1wWFMzdmtTWWxBVDF4ZzhXQk5B0gGrAUFVX3lxTE9zd01Rb2JJNzh0ZDFBdFl5THowS0hyZXVtX0hFVy1LU3lYLXhyNHFPSDhsaTBzaDRPMzZUb0hWSTJkek45ZGRlcFVWZnkzSktfRnlxVFFSUWREZl9PdHB3X1REZHZqa05JLWZCZFNWa3hnVFJyUER2NVVWVFBYTDBFQzdBeGl0UVJNdjRuSk5lNjJFTzNDX0NCVVJMOFZXcGowLW5oR1h1TWkyRQ?oc=5,bankacılık sektörü,2026-10-07T08:14:54.784617+00:00
2026-07-17T07:00:00+00:00,Bankacılık,Bankacılık sektörü toplam mevduatında artış,Bloomberght,https://news.google.com/rss/articles/CBMihgFBVV95cUxOZ0h4UXlMRU95VERXT0drdXZqaGJ6QXFlNVFYR0IzbXRKUE9iQ19HY1NocTVGcncyWHgwQ0pJUDRqQ1FsdkdQRjZKYkhDeDlsLUpobVFWcVZ5QVdUblh6SC04VThnaVQ0N2JOTG9sMXBVdURwVFo2M1JTSnFucGw4Y1BkOGFVZw?oc=5,bankacılık sektörü,2026-10-07T08:14:54.784617+00:00
2026-07-17T07:00:00+00:00,Bankacılık,KKM bakiyesi gerilemeye devam etti: Bankacılık sektöründe kredi ve mevduat arttı - Ekonomi Haberleri,CNN Türk,https://news.google.com/rss/articles/CBMiuwFBVV95cUxOeWVmVDNFcGdXMmtVWTRDMzl0SVNUMUxaNVF3el9VekctX1k0SWo0b2lrUzE0dVEyYzgwSENRZEQ0Vm5SMUpvaDVMX1R0REFvNG9NenBhSzFCY05NQzhaTnBJY3RQeDV6XzJQX2k4RlVIMTJLbzdOeUFtVmpfWHdZQl90RzA4N2VQb19VcE12cVFMS2NVcTlwYVhRSS03QlducUd2UkFrdjU1Q0VBM0xWTWoxdGpmdW5BQ3JJ?oc=5,bankacılık sektörü,2026-10-07T08:14:54.784617+00:00
2026-07-17T07:00:00+00:00,Piyasa Göstergeleri,Dolar/TL’de son durum ne? 17 Temmuz 2026 Euro ve döviz fiyatları…,Bloomberght,https://news.google.com/rss/articles/CBMipAFBVV95cUxOdlFaU1loNXhpSml2WFBpWlRnSnMyZWFrekh0QldCOGx5aENIUlhQQ2R5bHA0VjhzWk4wZklCdUI4Vi1UaFZweFVFU2ZSSUFZQXgtbmE0SlZFQjNXSTlreDNQajJvdW1aZWJHX0RxZmowdDRSUTd4S0ZyLXh6N3JOV0R6QjE4bWloNndTck5tYVI5VGVyOVlaaVE0Qk9wQ003SmpZNg?oc=5,dolar kuru,2026-10-07T08:14:54.784617+00:00
2026-07-17T07:00:00+00:00,Rakipler,MediaMarkt stokları eritiyor!,Technopat,https://news.google.com/rss/articles/CBMidEFVX3lxTE13YUU5aEp3bXo5eUJYeE4wa2FYMEZ2REdiWUtQLXNHT1FGOWRDZWRwYUdyWUE4NUYxdERuT3hhVXpEUmxFV0U4eURCMjMwazI1YkNYSW9NT25rdzZ3RGx4NEtyTlhNVm1hbUVNdDE5Tnl6cFh40gF6QVVfeXFMTWxSOU1PNGFLTWNGZlRPX1ZhNUlhR1htZWJvYmFWYmhzdzdhd3ROLWw1ai1uNVJjQmJzRm5TbnM4djhUV2NncDJDamROOWtHS29sbXpnVmp4eTQtQkhpNTl0TXMxal82cnNJSUFfWjVhQjg3MDZpdjByM2c?oc=5,MediaMarkt Türkiye,2026-10-07T08:14:54.784617+00:00
2026-07-17T07:00:00+00:00,Bankacılık,Bankacılık sektörü toplam mevduatı yeniden 30 trilyon TL’nin üzerine çıktı,ekotürk,https://news.google.com/rss/articles/CBMiqwFBVV95cUxPN2dOMkM4RTFiRG1LTEN5Y0tDWWNnSkpkaTRDQzhicDk5RkN5dXJXemdyMHNORzFCSHBtc2xyc0pUNW41SVBUaEV4bTZPbk52c3RRMXlzU2RocjJENWk5djFRcXFFLU1FQXNrN0JBZEdOdHphNHh1VUIxNl9aUE1JNHhHdlJBNHJtTDM0cUJJRXJIOWZ2TWI1NFB0VE1wMmMtaGJtYlp2ZkQ2dEE?oc=5,bankacılık sektörü,2026-10-07T08:21:55.564991+00:00
2026-07-16T07:00:00+00:00,Bankacılık,BofA Türk bankalarında tavsiye düşürdü,Bloomberght,https://news.google.com/rss/articles/CBMif0FVX3lxTFBBTEJKT1hIalZYMU14SHM2NVlTMGhQQWN3MENFZHNKRXRXaGZVMUJTMGJIb181UUNxNDByQkx6dUdySGk1bm5ERWVucmpETnU0WEROZ1dhbUtqMU9MamlzYzdhS0tpLTQtVGJWeElGbldhOVJLZ0hBUk5hX2Z5WDQ?oc=5,bankacılık sektörü,2026-10-07T08:14:54.784617+00:00
2026-07-16T07:00:00+00:00,Perakende,ABD’de perakende satışlar beklentiye paralel arttı,Paratic Haber,https://news.google.com/rss/articles/CBMiekFVX3lxTE1PYndkOGV1dVFiYmN3a01WclAwSmItR1RHaUJCbEpIUENBVU5jSzZ1OWdyYWNRRGRDX2Y2X1E3RTFmcHNRRnFnZHhpbzBBOTFyb0g0NS1KVnk4bnpqR2lSUl9EcnBPVDNpeHR1eTRxUXJhSFJXVG0xcW9n?oc=5,perakende satışlar,2026-10-07T08:14:54.784617+00:00
2026-07-16T07:00:00+00:00,Kredi & Faiz,TCMB’nin 23 Temmuz toplantısında 100-150 baz puanlık indirim bekleniyor,Investing.com Türkiye,https://news.google.com/rss/articles/CBMiswFBVV95cUxOZm1YV0tTQ0FydTlSOFMxU3pQb1k1WW1Kd0VlbDBYQXlkY1pIa0h5QlFEZFVOQkpnYllscU1qbWpfWmlBeFBNVDhROXRtNC1hZWh2ZkpCYWdBUDk0S1I2TG5FSkpKTjNRdnJONWZKYW1OTHRFZGFDcUZJYTBFQ2lBRm9GR1VBRmdDd29sWFlkajV1RFV3U0NIMkRweVdTWWU2UmY1ajBwN1JTLWlOVkNwZnFDVQ?oc=5,TCMB faiz kararı,2026-10-07T08:14:54.784617+00:00
2026-07-16T07:00:00+00:00,Perakende,ABD'de perakende satışlar beklentilere paralel arttı,Ekonomim,https://news.google.com/rss/articles/CBMiqgFBVV95cUxOR3diSmowdkJxVWQySng2VDBUWFVNa0RCR19HZW04WnF5bVVfUGt1ZlRVc1V1bEUxRlNIMWZ4Rjh6Wmc4S2FBUHV4SkFId3hJaFRIR1FucnVKYlROakVfYXJpZTNtdmRKM0QzVmdxN1FqSFRKS0w0dFA0NnVSLTRCZDFFTDJGUW1UNzNET0pzWWNsdDgxUnNfVkFpVzRYZjdEMkNPNHBCQnNWZ9IBrwFBVV95cUxQZUtRZExaZDR2RkRDRXFtLUlKaEFKT0dmdEFZMVB2V3loYUFlWHFiWTlDZGV6bnoyRDlxWXFJRmh1UnpKLXJWT0tSWXBLRVpwbjJOTWNkTmJFcjAyMXhBY196NzVfYjBJVmF4czNZVE1qamIteUZjZUN0dlBrd2RkdTlKeGRZWXRiWDdPWVFYa0lfcHNfZTRPeVBRY0FrWWlvOUJvNGNDaTNFUWZYaDYw?oc=5,perakende satışlar,2026-10-07T08:14:54.784617+00:00
2026-07-16T07:00:00+00:00,Perakende,Zincir market şubesinde ölüme davetiye! Tarihi geçmiş 135 gıda reyondan indirilmedi,Son Dakika,https://news.google.com/rss/articles/CBMilgFBVV95cUxPSzc1NFRIcExtVHEtUWVleEVmRnU3NWI4MzZrdjJHcHB6aHJ0dUd2anlIUVM4WVBZQXRtUDFSd3NYVjhnUHM2QW01dlE5Y01qV1ZrUnlZeE9oNldKQVBwOHVrSjJfYktjZ0dlT1BoSHp2c3JCa09CMkgxSFJudXlmMUZ6VThzd3N2bURkY1FDWE0wVXBoOFE?oc=5,zincir market,2026-10-07T08:14:54.784617+00:00
2026-07-16T07:00:00+00:00,Kredi & Faiz,"Mart, Nisan, Haziran'da %37'de sabit 🔍TCMB Merkez Bankası Faiz Kararı Toplantısı ne zaman? 2026 TCMB faiz kararı toplantı tarihi hangi gün?",Uzmanpara,https://news.google.com/rss/articles/CBMikgJBVV95cUxNWFdQQU94R2FVYlBCdEJ4dTY0aHdsWDVGeklvTVZ3eFZaNDRWaUg4cEVvRmc3SWROZFpEeGducTJ0MDB0TGNMU3lZMTZ0OU00cDlFZnRRSlhKajRZUld1QVlGRG43dG1qSkd2TllnWU9sbXVsRnVzMVZENDE4aHVEUXVWRmE2c0J1MjRndmR3ZzZIeU95X0JBT3E2Y0IwbVdfRy1IOExpNlA5cWFFRXVvQWFtaEVOWEVCcXlyd3J5RVpwbS1jZ3BIUThnMmpnc0ZZRUhVaXotUzBCZ1NFTC1fMTJiMk5ra1V2Y0dkc1V3RHZWZHlEelc3NXQtVXo2V1BEd2o0TG8tMmo2MlZ4cXhmdHln?oc=5,TCMB faiz kararı,2026-10-07T08:14:54.784617+00:00
2026-07-16T07:00:00+00:00,Perakende,ABD'de perakende satışlarda ılımlı artış,Bloomberght,https://news.google.com/rss/articles/CBMiggFBVV95cUxQRGNBTS1QRXpCWml0cmFoUUc3bzdGOE0xOHNYQWZubXd1NmNubTVDWEtqaFgxVWdLU0FRcDN5M2dtUHZZUUdtUWFHTWtQdUFETjlpZVdxVjY3WEtLMndnbGhRV19ScUkzZlhIdWt6clhRbmNZS0lOZEdpU2FFWE5lWnF3?oc=5,perakende satışlar,2026-10-07T08:14:54.784617+00:00
2026-07-15T13:11:34+00:00,Rakipler,"MediaMarkt'tan ""Nereden Alırsan Al"" güvencesiyle garanti dışı onarım hizmeti",Anadolu Ajansı,https://news.google.com/rss/articles/CBMiwwFBVV95cUxPM3pTYVMxQlRVYlREWUZMbk5BcEJQZGZQNTNSbVZtWHNYa0tmQ1lKUDlvMS1pcENzbEljMTV4c25yb3ozZXdUVW50b2NEMEg0SmZDbFE2WmlDLVBZb1A1cDNqM2xIYUVEekt1OTgxd1o4VzNfQlVNVGs5Nk5ES2ZGYjI5U3JTX2pPamNaakpHWVZQVG1xS0UxNExVRUNZUHA4cGVsd2FyamNoY0Q4Ukp5eFRfOVpRaWR2aWZwZFl1aEdvVDA?oc=5,MediaMarkt Türkiye,2026-10-07T08:14:54.784617+00:00
2026-07-15T07:00:00+00:00,Bankacılık,Mahfi Eğilmez yazdı: TL mevduatı mı dolar mı?,Gazete Oksijen,https://news.google.com/rss/articles/CBMiuwFBVV95cUxNT1JrZWxCMGQ5MTc4QU5XaHhfTkRCVHRMck1VZmoteVRxSnVfcDVGTXRtcWpXZ2FOUVNta2RDUHR2REhMLTkwUkgxX3U1aE80ZHVIQk1UeXBjSjNvMnBfX2pxM2RVUHRHMUpIV09wWW9SRmJJbUlPelBtOTJrSThNbVhfSDM3My0xTjRRcHJRNlZpYTFLWWhvZk5SaHA2REdNV1F3Z3ZJVW9hZGJsT1BUblFiUkZTWi03Nlpj?oc=5,mevduat faizi,2026-10-07T08:14:54.784617+00:00
2026-07-15T07:00:00+00:00,Kartlar & Ödeme,Seferihisar Belediyesi'nin sosyal tesislerinde ve iştiraklerinde dijital ödeme dönemi,Anka Haber,https://news.google.com/rss/articles/CBMivwFBVV95cUxONDYtS3ZjTVRZcUgwV0VMNzc2S0QxdmR1VzkweklzX0s1LUdzMUJEUGd0NnRZcE16WGtBZ3RneWc4Q2h2aFc4aERnMjlfalNOS1pJR0hqbDlEa1J6WGFfLXZlbldrYWFLTEtKMEY3LXZRcU5HQVdMQVNsc1dCMVdjbXR6T3BxRi1FNEdvcFZhOHZkeVZ2dlZ2QTNjWXg1S21zNnNXN1A1VEVUNWIzYWVfaHRLV3lRYTZtRldncUFmbw?oc=5,dijital ödeme,2026-10-07T08:14:54.784617+00:00
2026-07-15T07:00:00+00:00,Kredi & Faiz,"MERKEZ BANKASI FAİZ KARARI 2026 TEMMUZ PPK TOPLANTI TARİHİ || TC Merkez Bankası Temmuz faiz kararı ne zaman, saat kaçta açıklanacak 2026?",Bigpara,https://news.google.com/rss/articles/CBMijwJBVV95cUxPb1N1dllHR2VFdHp0Wi1UUDM4c3Q2TmhpN3JuVlk4VU1PRDRCVjB6QzY5Y3BWdUJCWjBmZnpOSEN2OGVtQ2c0Tm14SUxBQ2R6UXVlU1BNcm1fb09LTzNUNTBDSXVFM0ozMEFTQnVlN3JQLWstTjJmVXFOTFBEUjhQSDgzX0Q0M002Qk5lTURIbEpROFFZQTc0eHRqTWJyLURPTWpNY01yUS0xaDI2SXNaRlJ4QXQzN3dfTzZja0JBV2dtS2lNMlA2YjlucHdieGg0cHMxWENpMU9sRktEanUtZWR3OTZYVGstbVdPcmFOU2N5UlRaZXZyaU9SdTZkbEZPaldpUXFGbEU0cTREZEFJ?oc=5,TCMB faiz kararı,2026-10-07T08:14:54.784617+00:00
2026-07-14T07:00:00+00:00,Kartlar & Ödeme,"ECB, dijital euro pilotu için 36 ödeme sağlayıcısını seçti",Euronews,https://news.google.com/rss/articles/CBMilwFBVV95cUxNLWtnVi1QRlpIbmxSUWZYU0xrUW1rV09KRndXdFRna3dXdEhmakxPY2gtd0NkX3VLMmdTd1NOZ2RDZmpaNDRUcnVaNWxncFZTWEEwb0s3enJ0UnBudUlUV3FmXzM1eXdnOWpvRjNiXzBKVkprUUpqYmVQQmJacmR1V3JBQXlUd2xGWUMtWHhCNmczSC1jTk9R?oc=5,dijital ödeme,2026-10-07T08:14:54.784617+00:00
2026-07-14T07:00:00+00:00,Perakende,İskilip Belediyesi zincir market denetimlerini sürdürüyor,Yayla Haber,https://news.google.com/rss/articles/CBMikAFBVV95cUxPRlM0V1NkQmNMcWpuSVlfTXFKRklZX0NpSGgtZmc4UTFvN0phNkloZjRUSHlpYThhVVU0X05lZms2Q0FLbVhsUm5yM1RLQnJidkFoOTQ5eHV6cy1xSEI4R0RTaEdpRktJVzZkd3oza0h4cHNnS1hBaU1QblNSNzlYWUt1cUlJRldHcXdua243ZGbSAZYBQVVfeXFMUF9vRE02d0FhS2JzbkVpOHhCUDhPcUNmM1hGWVU0djBxT2tuYkhjTC1HbXNua05VN2VHNjBOODRUMnBQNFFQVkRJeFZ4Z1U3QkZHeVJ1VWhLamJoUjlZaUhMd2NJT0gzYnV3TjVnVlV0QWVOWlNkc3FPTFVfVVBiTVZzRlp2VGpFZVFxN1ZOZWlsMUxqVXNn?oc=5,zincir market,2026-10-07T08:14:54.784617+00:00
2026-07-14T07:00:00+00:00,Bankacılık,"""Reel Sektör ve Finans Sektörü Diyalog Güçlendirme Toplantısı"" gerçekleştirildi",Anadolu Ajansı,https://news.google.com/rss/articles/CBMiugFBVV95cUxPYWtEaTF5c0lMaGhUOTVNRVNxUm5uRzlXdER4SjJJeEJnbnhBVTNndFdsa2FGWGZ1a18tOXFjR18tY1duS2tCdEhKT2pWS3ltN2FxZ1JCWmRRUThxYkFDbzVhUG51SFlRT0psOUctd0ZoV01TX2dKSDBWRFB0bFdKLTY4VGtjQTVSSTM5eWdnbG50MEpvRFNPNk1FOUlULXA1cHZLeUxkQlNtNVZuUm1CeklDaU9qalduU0E?oc=5,bankacılık sektörü,2026-10-07T08:14:54.784617+00:00
2026-07-14T07:00:00+00:00,Bankacılık,Reel sektör ve finans sektörü temsilcileri TOBB’da buluştu,Türkiye Odalar ve Borsalar Birliği (TOBB),https://news.google.com/rss/articles/CBMiekFVX3lxTE9VMmVnOVk2YzFuNHlaTC1pYmZBLV9hU3hnZllIOTJyZWM5V3hSYXlCM3hiQTRtN3dDRW5QTkdNQlJBYUY1TGRvS2NkR0p4NHAwb1JrOXNFRVAtcjEta2RNeFlvbW5NdXF3SUVUMmNRVUczb2ttT1kyelFB?oc=5,bankacılık sektörü,2026-10-07T08:14:54.784617+00:00
2026-07-14T07:00:00+00:00,Piyasa Göstergeleri,Dolar ve Euro kuru bugün ne kadar oldu? 14 Temmuz 2026 döviz fiyatları…,Bloomberght,https://news.google.com/rss/articles/CBMirwFBVV95cUxQWEVaaENKZDk0SmZ4UUNUenFzMWJJZmFtajJsM25CWmpoMXdFaUdvcWkwNkZGSHhhSUhvNUlURW41N2wwUWhNbmthWFBEX3J0V09mTkUyQkZ4dHVET0doMXJGcnpudW9kVlJRS094djdKWHN3N1lkYjdvaG9vZWpvT3BfaFc1dmQ2ZVh0ODlEeW1OaDRneC1XcHRjbFJXOXhkU3VIaG5qem83VVE1V3lB?oc=5,dolar kuru,2026-10-07T08:14:54.784617+00:00
2026-07-13T07:00:00+00:00,Piyasa Göstergeleri,Dolar ve Euro kuru bugün ne kadar oldu? 13 Temmuz 2026 döviz fiyatları…,Bloomberght,https://news.google.com/rss/articles/CBMirwFBVV95cUxPVWFBVGJXb0tJRlFYdUNsMkFITElrMUxSdGtGMU1QcV9FN1kxM05IcC1CSlF4VVVmVW9qVDdJSUMzSExvVkpxY1h4VnR2SDBmMnA1X2RTdmN0X3FoczNoSl9DYU9TZEUyc2JaUjE0OHc2cFJhS0p2S2NOSUkydHRHa0NPbU11dV90NU1yN1Vrc3h1OXRzcTNhTnBpT1FCSzFxTzBMMXlLLXZoTm9mWmhF?oc=5,dolar kuru,2026-10-07T08:14:54.784617+00:00
2026-07-13T07:00:00+00:00,Piyasa Göstergeleri,Ticaret satış hacminde düşüş! Perakende satışlar yükselişini sürdürdü,Manşet Haber,https://news.google.com/rss/articles/CBMiogFBVV95cUxQM3BDa3kxY3NNSUhhcS1BSVltSlZrOEtGbU1OVGNZdUxteFQ3OVIyS0F0OHk1a05fdUhDOHBaNU55cDVIUmJfYjBNSGxVMzlmS1pPaFNoTzNOckJCRjhrWk1KLXlLYUNwRUcweFdFaXN2cUhEN0hhVnhoaGI2Z1FOaktPUmFuc0dyMXlTb3hTZG91TFUydTBtU0lUaWtpT0dtT2c?oc=5,perakende satışlar TÜİK,2026-10-07T08:14:54.784617+00:00
2026-07-13T07:00:00+00:00,Piyasa Göstergeleri,Mayıs ayında en çok kazanan sektörler: TÜİK ticaret verileri belli oldu,A Haber,https://news.google.com/rss/articles/CBMimAFBVV95cUxOZmVMZF9DUnFLdEFPOUpMZjU0N2Rmb2N1SzRlcnA1X29VbXg5SFBuTERPd3hTZHJESU51WFhxUEhMbzBaV0p5ZGpMQW5yNWJhLTgzUHlJLWQyR2xVbDBZd19hQ1lIS0U3aTNnTmZYNXVWVVJxWVJXaXVaS2o3b0ZBUDVtWEJpVTFtbm9jSUtqZWtVaEgwcV9CSg?oc=5,perakende satışlar TÜİK,2026-10-07T08:14:54.784617+00:00
2026-07-13T07:00:00+00:00,Piyasa Göstergeleri,Motorlu kara taşıtlarında yıllık kan kaybı: Mayıs ayında toptan satışlar fren yaptı,Cumhuriyet,https://news.google.com/rss/articles/CBMixwFBVV95cUxQUmtSMWV3V1BQOGU5Uk1lRXhQN2tmQnpHQTI4XzQ4aEhkZl91bnlBSDJXTGl1TnJJbVViM1dFQUdWTTZsUE9pdDkwYnBZbzI3T0RfWFB2aHJJYTN0NnhWSm5DME5mV1NWcWYyanRmdlg0Y3dVRUVmdVBoLUdwX1pRWU43R3hqMUI2RWVzZjF4Rkt0WWNNNkJqX2tqN3R6Tzk0S1VjOS1LQl85Q19nYXp5WlE4d1VqWTJsTWpWaFRHWjNlOWdfQkpV?oc=5,perakende satışlar TÜİK,2026-10-07T08:14:54.784617+00:00
2026-07-13T07:00:00+00:00,Piyasa Göstergeleri,"DÖVİZ KURU FİYATLARI 13 TEMMUZ 2026 || Dolar, Euro, Sterlin döviz kuru alış satış fiyatı ne kadar, kaç TL oldu? Dolar ve Euro yeni haftaya nasıl başladı?",Bigpara,https://news.google.com/rss/articles/CBMiiAJBVV95cUxNeEk1QUxLM3VtWS11bzItdnN6aHBpdzZCQ0JDV1RCSUpsZzdzNDZ1RjNZdFhrNFlhbnJlZGJkNkZhQWlJTEJSQVJHVUROUThzQVlKT0hlWDJsQWF0Wmtoa0w5U2ZmV3B4MlN6TEkxb25zQmRteEJ0MVVUSV9EVXpOcmxpWl83R1JiN3lDWkxtZkZidXo5R3dsRDh6UWVFSWxSNV91NDZleW9SMlBaVTFWQjQ1MkJBM09YQW9KSXh0NUdmcndiNnpxaHFkZWlZOVFJbjdVZWEzMVFwOVZ4dEloemxHOTNrQmU5dlowbGl3dzdjLWdMOXZKbUZDQW1oUzVTZHhhQjVHQXA?oc=5,dolar kuru,2026-10-07T08:14:54.784617+00:00
2026-07-13T07:00:00+00:00,Perakende,Ticaret satış hacmi mayısta yıllık bazda azalırken perakende satış hacmi arttı,Anadolu Ajansı,https://news.google.com/rss/articles/CBMiuwFBVV95cUxPZUxoMDh3RVpWVFdMSllPTWc3WW9XWGZEaHNpOU4xaUNGWDZWMlNGQ291NlppNmNzTnViSG4tc05qeFg2a0lxcmgtWmtCMzJmTHNhMWRUYndibXJhS1hIWmxmWEhHejJ6MU01eGNUR2xQOUpGNFJ4TWxlaGNHTnZ1V2wtcl9ib3h5eXBBd1pyVXNOZndMZXpyTEEwZjVDcG9EcTZkTlkwdE15alByYTRQOVZ2QTBrekRHeWdR?oc=5,perakende satışlar,2026-10-07T08:14:54.784617+00:00
2026-07-13T07:00:00+00:00,Perakende,Tarihi geçmiş ürün satan zincir market ikinci kez kapatıldı,Amida Haber,https://news.google.com/rss/articles/CBMinAFBVV95cUxQakFRRUVubEsxZ18wYWJlT0Vsc2FOeXY2RjV5WnBwdzlkaGthOG80bVRQeHB1NGJoMGtxd0R3ZjNGLTcwR1VQZzZJcVNxN0xKZHlzRElpR2U0emNNZ1JaclR1M2l0RzlBZS1Fc1g2akhUUWhfN2ItN0xmZlhDaVR2STMzUFRWZ1Y5WlRxQmhSN1VLSXh5aWRlWkdaRW0?oc=5,zincir market,2026-10-07T08:14:54.784617+00:00
2026-07-13T07:00:00+00:00,Bankacılık,1 milyon TL'nin 32 günlük getirisi ne kadar oldu? İşte en yüksek mevduat faizi veren bankalar...,Cumhuriyet,https://news.google.com/rss/articles/CBMi1AFBVV95cUxNek1DQmxWRkZYcExsZkZleWNaVmh4WlF3Y2cyYWlLUjBVbjE0Mk9Pb01IbENhdXhjVE01bUV0Q0VQSzRUb3pDNXNLdzNJV21BMXZkQmV1V0dKUWNSamluRVlmWC1nbjhNWkZXSTJEV2JhYVdiUmk5M2F2YzZGQkpiUGxhYU10QUhwTnM1WnVwQW1seHdiZzQ0b1FXM1JrMklBRVdpMzdITjNqcFJOZURXb3Y0LUlEb05aTWVKVGpqQVVqRmdrOWxEMTZzMUlVTkIybFRxVQ?oc=5,mevduat faizi,2026-10-07T08:14:54.784617+00:00
2026-07-13T07:00:00+00:00,Perakende,Perakende satışlar Mayıs'ta ivmelendi,Bloomberght,https://news.google.com/rss/articles/CBMif0FVX3lxTE1YU1o1RUFKbXdXSTdyZ2tsY3JjNHY1TXQ2dExyWmRtOWszbGEwUHFGaTYzeGg4VndXejlzN0JWQ0gwUFhpLV85WmNYSXNUSnp4dWxGMkJuQUg3LWZJT0tUdER0RWJhTUNnMFZRSm5XOHhWWTRsYkFuU2d1bnZJTTg?oc=5,perakende satışlar,2026-10-07T08:14:54.784617+00:00
2026-07-13T07:00:00+00:00,Rakipler,HASAN VATAN İLE İLGİLİ 60. YAŞA ÖZEL CİNSEL İÇERİKLİ PARTİ İDDİASI,Numberone.com.tr,https://news.google.com/rss/articles/CBMiqgFBVV95cUxQanpTUFYza3B2eTJwdGVUT211d1NOYUxrYlF1a2FuOVNDZGFRWGdEWWJ2a1BNQXJpRUF6U3ItMkQyVWNEdU1HQXJzclZNeExtaW9Ub25ZcmxpZ1hiendKcUNQeFRDM3lpN09odkdmSzNfX0JKTFlYcmNNclRDOFhHdXZnbnBVXzZ1NkF3Znh4dFJvblBqTGpDUGxyMklqM0Nnd0lFcXBRX1dsdw?oc=5,Vatan Bilgisayar,2026-10-07T08:14:54.784617+00:00
2026-07-13T07:00:00+00:00,Perakende,Ticarete teknoloji ve giyim yön verdi: TÜİK verileriyle mayıs ayının en çok kazandıran sektörleri,Takvim,https://news.google.com/rss/articles/CBMisAFBVV95cUxOUXZLM1N5dHJqeVlxclVqRVRiV2pFQVFqOHJtVHJuaUlUc3I1a3YtWERfWlI5SGRYdzdMQ3dZcU5UZUJrTlNnTWNHSUNNLWZNTElnNDNCMjRCUE9xMUZONkwtVW5CcXVqV3BiZGU1MTEtdHdmemczLTlXSkFyS3JpaTFDcnppODlTQ0x0UEpOZExwYU1MZDluRElSWGFMeEFBTHIySnpBeTRnX1BlenRMdQ?oc=5,perakende sektörü,2026-10-07T08:14:54.784617+00:00
2026-07-13T07:00:00+00:00,Perakende,Zincir Market 7 Gün Kapatıldı,Son Dakika,https://news.google.com/rss/articles/CBMihAFBVV95cUxOR3FkcmhaZ3pxazN0aVByUGhxdE42dnZIQ1dkWUduLXoxaEhKM1dtTkM2TE5ZX2c1ZExmdE5BSGNOaGh4bGNyVmpSWm1NZjAyYTQtRDZOdWhTa2VZRmJyUlVTMjUxNEdVWWtfWkNaVTlIdEJoUFgzNkxHOThFaHBGSUxCUGrSAYABQVVfeXFMTk1nZDVuVkFYZEtkRTBqWUlFUENmZVJnZUduU3RldklvNkVqYVlrNVlHcTdJUWloRTg3TEM4cTF3LTNLbkR2aFg0Ym42a3JBRFZMdXBLVS0tOFJNd2hiblYtekxNZVNwdEpFS2U3WXVrM1g1Sm9kS0Y2U192dFFvQS0?oc=5,zincir market,2026-10-07T08:14:54.784617+00:00
2026-07-12T07:38:48+00:00,Bankacılık,Mevduat faiz oranları yükselişe geçti: 2 milyon liranın 32 günlük net getirisi belli oldu,Ekonomim,https://news.google.com/rss/articles/CBMi4AFBVV95cUxQMjJhWVhfSmcxVHRSLVpJS29JQmVHRXFVWU1YUFk5MWpVZUNEVUFheGVpU3NhYTRiNjdMOG9mTVFiWFdQSzAwWWozOTRQLUhfUnZQY3JPOXctMk1yUVEyelRpLVhjQjNHTWQzekJXaHR4S0Z1Q2ZCTnZSaVdxTVhjT3BOWUlmOFRCN2dYNk5hamZNQVZaQ1NCZHJ1QjgzekF0X3RCRG1ndC1UUnlkSkJSeC1ZcVhQa1N4SVNWSnJSdXFHakItelAtcEtVRnJNMXY5TGZoUXdYd1p4Z1YxMlNOX9IB5gFBVV95cUxOMWZuRU5fSFVvVWJPRDhtZ0VVVzBGWV9QWG44OTZWWnRxaldzNW9nU2ZnVFZKT3o2NERTYVR2M3J1eVVLWHhlYnliUDNaVl9HR0h4NXVFbHl1a2d1MTc2SlBqZUcyYjN2S3ROSkg1UDF3T0ZNSFBfcTR2ZDJLUThpcUZXbGg4aWFaOFlITmRjY2lSNmRrSUdnbzF6QjZ1cWhVZ1pjYlR2VzM4VkZNd1ZTRWZsOXcyVWIwT2RReWxndHl0V3VWQzRFbkh5TG4zVkNfV1c3ZnpBb3U1bW5PaURDM3ZBZXBaZw?oc=5,mevduat faizi,2026-10-07T08:14:54.784617+00:00
2026-07-12T07:00:00+00:00,Kartlar & Ödeme,Avrupa'nın Trump'a karşı silahı: Dijital euro,DW.com,https://news.google.com/rss/articles/CBMimwFBVV95cUxQb3pmOGh6NklabnJTTWNXN0d1bk1BSmxiMW5RMlJtOFEyOGZoZnhGSmZWWnRKVDFXWWRrSUgxcGNEMzFqaUIxTUhjeUs0R0NRSlBLZVhvZXF0cVpoNk5lbjA3M2tWUXAtS1dyUEwzV2s5QjhjY1lOOWUxRXR6MjhUWHB3N2tiQzJ5czBrOTdPSXFoSm5pdV9nbkZFTdIBmwFBVV95cUxOWndrby1Za2txRHdYTlc4SV9uZE1MMnQxTDJFQ1h6aFhWZHAzNFMyb0NyTFZKSW5PNGh0REdLYzRWcWtkdm9OR2RoSDBDMThSSUg5NnEyRFZGNVRCanl0Q3hRUlRPbnp2OHAyZVVyTEVfSVdWbFgxOEs3TVJXX0tUZW52a25TRFBXMEVidmt0LVpsLS03QWFhQUJpQQ?oc=5,dijital ödeme,2026-10-07T08:14:54.784617+00:00
2026-07-12T07:00:00+00:00,Perakende,TÜKETİCİ VE ÜRETİCİ ZİNCİR MARKETLERİN ELİNDE KALDI,Yeniçağ Gazetesi,https://news.google.com/rss/articles/CBMiswFBVV95cUxNbnpoNWJnUnphQUdRUnc0d3lLbm5hcjFtUkFoRldJU3NpcFc0OFdKbGZtSFFPc3R0dUJVOWRvZFJiVHJJSlVpRHA4c09ucWRYaFVNc3ZsWkdpTlNDVWY1UWh5cEhpaDhVTXdSU0laZnJRSU9Yc3RFQVJtel9oY2NNTWVYbHVQTVJYYlhrZHFNY1FfSzg4R0xXZlJoSllLeFhwenNhUG15WndJSkxucnB5LXA0bw?oc=5,zincir market,2026-10-07T08:14:54.784617+00:00
2026-07-12T07:00:00+00:00,Kartlar & Ödeme,Dijital ödeme sistemlerinde güvenlik önlemi,Sözcü,https://news.google.com/rss/articles/CBMiggFBVV95cUxPRmJRcEM2U0xYSVRZQWxIR0hsTXQ2dmxuODBoZ0N2X0IzT2pYdzYtdTlXTi1adUJCOE10U1M2U0VYbzFBZ0MxeTVsVE5SWWwwelY0bmFMNGlEQWhyUkVBeFlJa0ZiTl9heGtXUEVKVmIyeWdBTWxTeFBCRTA1RkNBcm93?oc=5,dijital ödeme,2026-10-07T08:14:54.784617+00:00
2026-07-11T15:13:16+00:00,Perakende,Perakende Sektöründe Yapay Zeka,kpmg.com,https://news.google.com/rss/articles/CBMiggFBVV95cUxObWNuSm84NDJTNWZjU2RsWUlCV1E2amdRemFNSmowejliWmRKaTBSNGpaN1RlOGpxSDVzbC1SN2hkNW1RVTBFQ0pBcUhFZDhCQ3RZV2tHZS1Eal9xaFlaZDJ6ZWJqaktwRUI1cFFmTHM2Z3BpM09tR0E1UzhjN2lTbjJR?oc=5,perakende sektörü,2026-10-07T08:14:54.784617+00:00
2026-07-11T07:00:00+00:00,Rakipler,ŞOK'ta 11-14 Temmuz Aktüel Ürünler Raflarda! Yapı Market Ürünleri ve Elektronik Fırsatları Dikkat Çekiyor,Marmara Bölge,https://news.google.com/rss/articles/CBMixwFBVV95cUxOd1BLUHdrcGNqb2lHWnBqdEZna2JORFVXdVR6RklkdXl6YUFPOFFsUE01TXA0cTZuSnNUenRDbVQzaWlMMC15MVprZlFPLV9TZ3dTbFdRcExMQTFKNDdZNmk2ZGMzMHR5UEo2dElZdmlkaDVDOGp5Yjg5emwxbm1OekVUbnlzTWdtVFdRZWtfX2I4MGtPUk9mVmloSkYxUXdab1I1QW5vNVExSGlVRGtOTUZQUzV4bjAybGlLcXd2akdsYVZKblZJ?oc=5,elektronik perakende,2026-10-07T08:14:54.784617+00:00
2026-07-11T07:00:00+00:00,Kredi & Faiz,Merkez Bankası kararına sayılı günler kaldı! Faiz indirimi gelecek mi? İşte masadaki seçenek,Uzmanpara,https://news.google.com/rss/articles/CBMi2gFBVV95cUxQQU03TDRkWm9pRzZQbzFlenJ2YXJVQ21nZm1qQkxNVlJrczRNamIzaWp6cUFsMm1JM2ZRZ1k1MFNQdXhYbnM4T2V6SWFkWlFobDdpUS1EOS1OR2VZNGpyeVk1NE1OakRhVG1YRklYTnNxb2hRa2xLY1NuZEE1Y3Y5QkhMUkF6eTk4a0ZvSi13VVcxX1hOcHVGU1NqUnpBWWdFM3dES2VvY3NLNGZWbXJFWUtRTHp0TzBkakdXejJmbGZCT0JFQjJzTlZoM1FYZF9FU2ZVMEhsNklFUQ?oc=5,kredi faizi,2026-10-07T08:14:54.784617+00:00
2026-07-11T07:00:00+00:00,Rakipler,"Hasan Vatan kaç yaşında, nereli, evli mi? İşte Vatan Bilgisayar’ın kurucusunun serveti ve biyografisi",Antalya Hürses,https://news.google.com/rss/articles/CBMizwFBVV95cUxOZ2hJZjlvcHpqdTNVRUozejYwVi1NRUltYkpRbzVTZGZSVmwwSzZQYnNfVDFFdE5PVjNiZlhYZVNxUUhsQlc3cVIyMWpFU3FFX2p3T2c3ZVdFdTNRNi11QWYxcUwyd25lUlBRcW10b2J5Yno5RTZtRHZ0LVJLUllQWkp0bnVFV0tlUkxIekgxM2ViOGUxZnAzNnM2N3I1ekpQcGp3eldMcEtIYzc2NUhpeEIxbS0wRHVCNEZ3NGEwSGJhOGthdUZmcWVSWDd3d28?oc=5,Vatan Bilgisayar,2026-10-07T08:14:54.784617+00:00
2026-07-11T07:00:00+00:00,Kredi & Faiz,2026-2027 TCMB TAKVİMİ 📍 Merkez Bankası'nın faiz kararı toplantısı ne zaman? Temmuz TCMB faiz kararı toplantı tarihi hangi gün?,Uzmanpara,https://news.google.com/rss/articles/CBMihAJBVV95cUxPTzZfVm1RWG04anZ1bVlmbkRCeFpBdWpZUTU3ZFBzeWZzWGtxXzhUTDZVYTdjb1dweS1zZloxa24zQ3NrZlBCNDhBOGw5aGVRT2hsLUgtR1BoRl9LSWxGRnUtaWVsdFMxNDNBc3JBNUIxS0VsZ2tsbF8wU2FaVmV6Q1NweE5LeU1vcW54dnpWc1RZVFIyT1h5TU5KLW9RckJkaGNZNC04ZnJYaERreWlFSDZSb1hFTDNMVkJLczhnS3JEUG5QbFk4UEg4cVVYZDliQlhWdS01NjR5ZmpUdU4yQi1HM1JEOFFja1gtdXF4dEZWRVVXUzJZR3R0S2Nsc2xSQjJMMA?oc=5,TCMB faiz kararı,2026-10-07T08:14:54.784617+00:00
2026-07-10T07:00:00+00:00,Piyasa Göstergeleri,Dolar ve Euro kuru bugün ne kadar oldu? 10 Temmuz 2026 döviz fiyatları…,Bloomberght,https://news.google.com/rss/articles/CBMirwFBVV95cUxOMXlvS2Q2eGZPZWZYTlVrVTI4NjNNTDRaM2ZEbU1WX0NQcTZEek12bFNuWUttazYxd0ZhamFEeGlOYVVURXhScVpObzZ4R29nTXdSYVpYbDZGRk1IX2ZaX1NWTHFLYjk1WFNFUWx1cEtqam9SelNsQ09KQXBFaUp3VjQxVnk2VE9lcm4wLW8xN3lhQWJLN2wwemVFaHNPR0tOYTVjNkhIU2VoZHU2MkdR?oc=5,dolar kuru,2026-10-07T08:14:54.784617+00:00
2026-07-10T07:00:00+00:00,Kredi & Faiz,Ticari kredi faizleri bir yılın zirvesinde,Gazete Oksijen,https://news.google.com/rss/articles/CBMiiwFBVV95cUxPRWV2Y1kyVGRQeU5fTmMtN1dQX2ZZQWllYzlLbjR6RFFrQmRHSERWeFlMMTRYUkEtM1FsSGRoQXB0NGRhdGx5S0JVb2hwR1dURlpNeGRKcFZ0eUFxeUhlVEg5UTNZaDdHSHp3Z3hCYjhvWTRjS1ljeHEyMU5SZHpBRVI0Q0hweTZUN2xV?oc=5,kredi faizi,2026-10-07T08:14:54.784617+00:00
2026-07-10T07:00:00+00:00,Kredi & Faiz,Ticari kredi faizleri bir yılın zirvesinde,Bloomberght,https://news.google.com/rss/articles/CBMihAFBVV95cUxOYmVoS282MlRFd1F4ZGpZT2tFTWFaOGZ5dmI4YllCUjM4aW9BWDVrQmFCdGdMM0FHRzg1Q2Y1X25Lb3NPbDFMd05KbGhQU05DMmd3MDlNaW9LenJhUFJwd1d6UHU5U1BqT1VlSkcyajczZ0cwcmRaMDJSV0llOE1WTk5ROXU?oc=5,kredi faizi,2026-10-07T08:14:54.784617+00:00
2026-07-10T07:00:00+00:00,E-ticaret,Yurtdışı alışverişte yeni rekor: 30 euro kararı ters tepti,DonanımHaber,https://news.google.com/rss/articles/CBMimgFBVV95cUxON3JVek4zUFlOUlZKSjFWWF9MQVNLV2E2d2pYTTFkS1BWTG5LWVc2OUN3WWZ2XzY2djZreVJ3d012amlJSkRRaW14c0JucGJ4U1F3SHREOG5TTk8ycnI3MTUwTndaZXlQQTd4ZS11Tk1QSGxUR1c4OUx4a3NHU2V3RndGQ041RmVKdFIzZ1ZxdFpKS3FSTThjT1ln?oc=5,online alışveriş,2026-10-07T08:14:54.784617+00:00
2026-07-10T07:00:00+00:00,Kredi & Faiz,"MERKEZ BANKASI FAİZ KARARI TARİHİ 2026 TEMMUZ || Merkez Bankası faiz kararı ne zaman açıklanacak, hangi gün? Merkez Bankası faiz beklentisi nedir? Temmuz ayı Merkez Bankası PPK Toplantısı hangi gün?",Bigpara,https://news.google.com/rss/articles/CBMilwJBVV95cUxQU0hyQnpSQWkxaGpEcmJZVXh6aFpueXBDVlctMFlTLURYYWsxREdYRW1vZUFycDBObm9jQjVNQ0VUNG5TMlh0V2R2NUZWMHlwejBmM1MtUTZFLXJWUHhjUDRESUZmMVBJV2M2TVJXSTdZMGJTMlQwbHdvaXBTUmpscWRNNnpiYVJ6VmQ1bGNBNmNMX3hTQmxELVRuZ0ZZTmxHMlB6UW9IQ0t3NTVMR0loRUNJZERKREg5UjVYTDdrYVpBSDQ2aTM2QWViSmk3U3hra3VnWmZOckZ2andjRlZzcWpSUlRvUjkwUzBIcUZUNDdzTGxNbDZoLWNZWHZTS3VZU0JnQzg3aU50ZFlTaXozWHpTYXRRWnM?oc=5,TCMB faiz kararı,2026-10-07T08:14:54.784617+00:00
2026-07-10T07:00:00+00:00,Perakende,Antalya Serik’te tarihi geçmiş gıda satan zincir market mühürlendi,Habername.com,https://news.google.com/rss/articles/CBMirAFBVV95cUxNMmpvN05SUG1OY3k4MDZCdTlmRWZMTExXR3BkMTk3dERaZlg2ZnhlcVowZTdwWEJORlExNnhVcDdYdTZlTFlHY0E2NngyNkY2TmtLc09LblVYZnFzdWxha0VPWHhpOXBfdFBTczV1SWN0QmstQnA2ZlhpSjdyd2tLd3I4LU1ucEJ3YmZDZG93Nzd4aXZVRExQcEpZSUlXOVJZa2pLNlZSTzllOUla0gG8AUFVX3lxTFBKZWwtbDlmR3o4Y2VaUG95QUpCa0tEY2VmbVB0Mkd6RVAzMTY4RVRxZGMzOUNRNFdrS3R2ajZ4Y0hmWjNMLVpvenNRV3U0d29NYnU3Z0RUd3dfTmpxR2lKMm9SQV9LOHBydzhDbHdvSURPSHozRGhQRGROYjQ5bHpWWndpVG5XRlZvS3NLRkVFeEFvdkQtQm9qdEtEdk1uWmJXUWhfbEtMZF9OSDBkODd2NDctUUdlWTdNZ3M4?oc=5,zincir market,2026-10-07T08:14:54.784617+00:00
2026-07-10T07:00:00+00:00,E-ticaret,"Yurtdışı alışveriş hız kesmiyor; aylık yeni rekor 93,1 milyar TL",Ekonomim,https://news.google.com/rss/articles/CBMirgFBVV95cUxObk4tRG11T296Zms4Vl9yci1uODRBdFhMREduMTE0R3R4T1BKUmN3Y0piRHFEUHMzaEpKZUxYU2RXakJSR1hsMHFCaVBZRThHX1ZELWhYblFaLTNsM0hmalZYclJVYnpwY3NmblZJcmFXVHBOWFBKOGQ4aVRUTzJ2d2dXX3dPNnY2MEM1WHpBQVBXZGVvT1NxZXFjdDZGYlU2LXR4MzVleFJJZ2cxenfSAbMBQVVfeXFMT3J2V3hSMWZqeEVHbEpKSzdjcEtXRURyTzh3TmN6QlRLMm8zVHd6U19sNENRWjVJY3JDS3B0eGdvazJIZVF0NlFoUWZhTzZoTlg0MW9VUE1BeGdPczVkSU1sYzRKQ3NmblNKOF84U1ZqWGd4aUcwVS1odnhnSFhJaF9ReENOM2VrTXozc2s2RmJqaG5QR2ZoWjNzWGF3SlgwckZJdmJKZ29FbnFPa3YxR2VCMzQ?oc=5,online alışveriş,2026-10-07T08:14:54.784617+00:00
2026-07-10T07:00:00+00:00,E-ticaret,Tüketicinin doğa rotası e-ticaret alışverişlerine yansıdı,Anadolu Ajansı,https://news.google.com/rss/articles/CBMinwFBVV95cUxQeV9JTmhzY21MVzljOU1YLTg5TExhR0xIcklRTkpVV1V6M0FiaW05bFlJVm1OSmxvN296TE5JOURtX0NWSXI2dGRLaTVyaGo1UndWNklRUTFhb3RjTzZDSFB4QWdha2RlQ2NBc2NVSmhvNE1RcC0yUE1pX05RWHo0d05lYjFxcUtzZGZRaENxbk9ZUEJ4N3k4clYyYVl5VlE?oc=5,e-ticaret,2026-10-07T08:14:54.784617+00:00
2026-07-10T07:00:00+00:00,Perakende,Antalya’da tarihi geçmiş gıda satan zincir market mühürlendi,Haber 1,https://news.google.com/rss/articles/CBMilAFBVV95cUxNZVRTQ2FiX3dMZmZndFJVdWU5R2xlLXJ0OUZYOHpXQVVwQmhmQ1h4UFRGN2tiejRZMHJlNE1ZNTJiOWd6eDJXcGdwMTNrNlhQSFlRQWFsT0hESkllR3l4RWpWZVl3eGE4c2xYMTlMLVZ0alhpVnI3N25leUFkOXN2bEdhSE5iNzF0ZWJsM25WNDJ1VlNl?oc=5,zincir market,2026-10-07T08:14:54.784617+00:00
2026-07-10T07:00:00+00:00,Rakipler,"Portekizli manken Correia'dan fuhuş itirafı: İmamoğlu, Haluk Levent, Sarıgül ve Vatan Bilgisayar...",Haber 7,https://news.google.com/rss/articles/CBMi0gFBVV95cUxNT0FZS1Y1dnYtcDQxZGlJd2JFSkJkbm90aHlWeUljZmhpaVZSak1wU2Z2a2p5NVE1RTBNcHM4SGVGY3ZnenlYMkFBUW9RdlJpRmVqRVo0by0tb0pzREZJS2RYWjQyMkZWUFNLYTYwWUZmWTAxeVptQTY1Y21YV3J0OUt3QVpSQ3JLX3M2bDVBWkY0Vk1LdWo2U1JOZWpxSkhxMlBVTUkwMVl4UTlvaHlueG5LdDFNSEtIOC1RNXNyNFN6Z0tEazlpdmNsOWlYUUNKeEHSAdoBQVVfeXFMTWQ5SkhWOW03WXNyZk5kZm4zMjQwcXQ4b0h2MThCMUw3X1N0NjdVMktlTkZsSl9ra1BLVkFuRnM5SFdQT2xVYkV1a05FSTFkcVM2bEl0dmJyVXB3a1BteHlYRzJadlRtSnBpUjhmR21oZWxkTlFPYkQwbnpPSlNMb0NDUlVBeDlKNVpVaTNkS3lxbDlhcVh1NW0xbVl4a095SXNmSUFRRUwzMTd6QzNmVDRPVHhwLXB1bWRndy1HUm5XYXZlOUhGVThwejVtT2xYYVdVZzRvS09KcWc?oc=5,Vatan Bilgisayar,2026-10-07T08:14:54.784617+00:00
2026-07-10T07:00:00+00:00,Piyasa Göstergeleri,Türkler alışveriş için yurt dışına akın etti: Kartlı harcamada tarihi rekor,GZT,https://news.google.com/rss/articles/CBMirwFBVV95cUxOTkZNczFSSnEyM0FjRE51c2JadGN2V09jNlJYOTB2YlpmVkZTVWZaYm1DcHB0TVRuNTBVMVdQOUYwVVBYYlpac1hfRzZGLUE0d3M1bzlSZy1zYWdiQzBKTlFMSG5mTW8xYkJHWjVvMkNWUURpa2V4T2Rockx3azJHZFlRWFJGcW9ORUhPR2dNaFljS3JXdWN3N3pkUno0eFRwRzN0b1dUT0xoMExzWFdj0gG6AUFVX3lxTFBpQ2lVM1ZVMFpacW5WOXZsNWNkZEFEMllTbVQ5RGlwTllKQnNTbjI1X3FZYVZuOHF5enRidUhtRXNoOWV6ZFVVc0ZwMWRXREwyeDBhMThCc3h6WlI5SlZjX0xhNjhJUW5MUGZfSWtwTVpsYy1PN2RxanJDV3hLdlBHYWt2ajBPbVZtcUFLU1kzREN5MUJ0cHM0UURjd1VRZ2tPUE5jdXN1dGlXVFdlN2hGdVdtYTRQbjlYdw?oc=5,kartlı harcamalar,2026-10-07T08:14:54.784617+00:00
2026-07-10T07:00:00+00:00,Perakende,Antalya'da tarihi geçmiş gıda satan zincir market mühürlendi,Haberler,https://news.google.com/rss/articles/CBMilgFBVV95cUxNekhjaDhNb2IybU1NU2xFdTRVSGZKUlpVSWQ3a2NpRW13d2I5eEFVelBpUUNKVkZUUDZ4cXdOSlV6ZWZiWncxdHVnMzQ5SEYyNzFVYldJaXdoMFQzLTZUTVFIeWNxc0hSQ0pEeEFHM3J5VnpCa2NIa0R4alhQZlVON0pMYVl5Z0x6V0NFOUJDcko2THNHeGfSAZIBQVVfeXFMTUlaVXNHUk5oSFdtanIzcTJRX05Pc2diZXg3Tk9ORTBJVnd5bERIb1I1MWE2ZEhEQmN6d3VPZmhaUVZfNjZaUU5zem9UTFRfY2QzNURRUkQyc3o3LVExRnJUeDBRN3NvWVVLTTY0aVFrajBKVGFqZHpZRTNqWVV6U2MxbmdGR3ZWZDh1WFZmNEttclE?oc=5,zincir market,2026-10-07T08:14:54.784617+00:00
2026-07-10T07:00:00+00:00,Perakende,Zincir market cezaları için dikkat çeken öneri,Bigpara,https://news.google.com/rss/articles/CBMitgFBVV95cUxPdXZleDVmWTUwUF9wZjZHcWFCYzRuLTJVS1hDRGtFVVB2RWM1SU1HSFpYbEo5NzRXaTJUQkZFcFJXcEk3YmNsMlRiRTlXY1FRQlRESXRzOUpCdE55aFJqUWpYWEh6dW1DcVNZUzhtM0RHaG1mc1pPZUExSmtlN0xOMDBNSlpuVTRhM1JjcXhZTmt3NE5NT0dFbUlmLU4xWGREd1ZHYWtnVHZXVEJtTEI1b1NrTkoyZw?oc=5,zincir market,2026-10-07T08:14:54.784617+00:00
2026-07-09T13:18:50+00:00,Kartlar & Ödeme,Gamze Akkuş İlgezdi: “Kredi Kartı Limitlerine Dokunmak Vatandaşı Çaresiz Bırakmaktır”,Cumhuriyet Halk Partisi,https://news.google.com/rss/articles/CBMirgFBVV95cUxQU0JHZDNrdDNidUZZQWMxNURMaVBfeVFNNVI3NzM0MUxxaTlKaTNSU1lUUnhPbnppbGdPdnVSVXF6WExNQXFDc1VSeVk5TlJRZ2pIdUI1UWhBeHI5NHlodWFVMG42SDVLT3pUUG55aGszRVRBS21ERFhRV25aLXJqMkpWOUoxbERmUHVGVFBzUEZnR3MyM2hmbUlpQ09mVEVWRTBTdGRyVnJXWGliYlE?oc=5,kredi kartı,2026-10-07T08:14:54.784617+00:00
2026-07-09T12:12:43+00:00,Perakende,Tanju Özcan davası: Zincir market temsilcileri şikayetçi olmadı,Odatv,https://news.google.com/rss/articles/CBMiowFBVV95cUxPYUx4WkJqTUptcmVTQ01jQnN3MFhXTGhDdVZ6ZnpHbDh4clNqOXVNWXRURVg5OVdQaXFNZVAxTVdEX0JGNG91WkxseHR0ZTN5bzdHdm9HMXUxckJUNW1IUklCM1NhQ0QwYVBacGNLYnJGa0hCby1HX2NSVU9rWHZYWW4wT0tLYkpFZnNlU1N5QkFWeWYxTWV4UVZ6X25nX19xcXg4?oc=5,zincir market,2026-10-07T08:14:54.784617+00:00
